-- phpMyAdmin SQL Dump
-- version 4.6.6deb4
-- https://www.phpmyadmin.net/
--
-- Хост: localhost
-- Время создания: Окт 18 2017 г., 12:47
-- Версия сервера: 10.1.25-MariaDB-
-- Версия PHP: 7.0.22-0ubuntu0.17.04.1

SET SQL_MODE = "NO_AUTO_VALUE_ON_ZERO";
SET time_zone = "+00:00";


/*!40101 SET @OLD_CHARACTER_SET_CLIENT=@@CHARACTER_SET_CLIENT */;
/*!40101 SET @OLD_CHARACTER_SET_RESULTS=@@CHARACTER_SET_RESULTS */;
/*!40101 SET @OLD_COLLATION_CONNECTION=@@COLLATION_CONNECTION */;
/*!40101 SET NAMES utf8mb4 */;

--
-- База данных: `etm`
--

-- --------------------------------------------------------

--
-- Структура таблицы `api_auctions`
--

CREATE TABLE `api_auctions` (
  `id` varchar(255) COLLATE utf8_unicode_ci DEFAULT NULL,
  `auctionID` varchar(35) COLLATE utf8_unicode_ci DEFAULT NULL,
  `tenderAttempts` int(11) DEFAULT NULL,
  `unique_id` int(11) NOT NULL,
  `dgfID` varchar(25) COLLATE utf8_unicode_ci DEFAULT NULL,
  `dgfDecisionID` varchar(25) COLLATE utf8_unicode_ci DEFAULT NULL,
  `dgfDecisionDate` varchar(35) COLLATE utf8_unicode_ci DEFAULT NULL,
  `baseAuction_id` int(255) NOT NULL,
  `access_token` varchar(255) COLLATE utf8_unicode_ci DEFAULT NULL,
  `awardCriteria` varchar(25) COLLATE utf8_unicode_ci DEFAULT NULL,
  `dateModified` varchar(35) COLLATE utf8_unicode_ci NOT NULL,
  `title` text COLLATE utf8_unicode_ci,
  `description` text COLLATE utf8_unicode_ci,
  `tenderID` varchar(32) COLLATE utf8_unicode_ci DEFAULT NULL,
  `procuringEntity_id` int(11) DEFAULT NULL,
  `procuringEntity_kind` varchar(25) COLLATE utf8_unicode_ci DEFAULT NULL,
  `procurementMethod` varchar(25) COLLATE utf8_unicode_ci DEFAULT NULL,
  `procurementMethodType` varchar(255) COLLATE utf8_unicode_ci DEFAULT NULL,
  `owner` varchar(25) COLLATE utf8_unicode_ci DEFAULT NULL,
  `value_amount` decimal(15,2) DEFAULT NULL,
  `value_currency` varchar(3) COLLATE utf8_unicode_ci DEFAULT NULL,
  `value_valueAddedTaxIncluded` tinyint(1) DEFAULT NULL,
  `guarantee_amount` decimal(15,2) DEFAULT NULL,
  `guarantee_currency` varchar(3) COLLATE utf8_unicode_ci DEFAULT NULL,
  `date` varchar(35) COLLATE utf8_unicode_ci DEFAULT NULL,
  `minimalStep_amount` decimal(15,2) DEFAULT NULL,
  `minimalStep_currency` varchar(3) COLLATE utf8_unicode_ci DEFAULT NULL,
  `minimalStep_valueAddedTaxIncluded` tinyint(1) DEFAULT NULL,
  `enquiryPeriod_startDate` varchar(35) COLLATE utf8_unicode_ci DEFAULT NULL,
  `enquiryPeriod_endDate` varchar(35) COLLATE utf8_unicode_ci DEFAULT NULL,
  `tenderPeriod_startDate` varchar(35) COLLATE utf8_unicode_ci DEFAULT NULL,
  `tenderPeriod_endDate` varchar(35) COLLATE utf8_unicode_ci DEFAULT NULL,
  `auctionPeriod_startDate` varchar(35) COLLATE utf8_unicode_ci DEFAULT NULL,
  `auctionPeriod_endDate` varchar(35) COLLATE utf8_unicode_ci DEFAULT NULL,
  `auctionUrl` text COLLATE utf8_unicode_ci,
  `awardPeriod_startDate` varchar(35) COLLATE utf8_unicode_ci DEFAULT NULL,
  `awardPeriod_endDate` varchar(35) COLLATE utf8_unicode_ci DEFAULT NULL,
  `status` varchar(255) COLLATE utf8_unicode_ci DEFAULT NULL,
  `created_at` int(11) DEFAULT NULL,
  `updated_at` int(11) DEFAULT NULL
) ENGINE=InnoDB DEFAULT CHARSET=utf8 COLLATE=utf8_unicode_ci;

--
-- Дамп данных таблицы `api_auctions`
--

INSERT INTO `api_auctions` (`id`, `auctionID`, `tenderAttempts`, `unique_id`, `dgfID`, `dgfDecisionID`, `dgfDecisionDate`, `baseAuction_id`, `access_token`, `awardCriteria`, `dateModified`, `title`, `description`, `tenderID`, `procuringEntity_id`, `procuringEntity_kind`, `procurementMethod`, `procurementMethodType`, `owner`, `value_amount`, `value_currency`, `value_valueAddedTaxIncluded`, `guarantee_amount`, `guarantee_currency`, `date`, `minimalStep_amount`, `minimalStep_currency`, `minimalStep_valueAddedTaxIncluded`, `enquiryPeriod_startDate`, `enquiryPeriod_endDate`, `tenderPeriod_startDate`, `tenderPeriod_endDate`, `auctionPeriod_startDate`, `auctionPeriod_endDate`, `auctionUrl`, `awardPeriod_startDate`, `awardPeriod_endDate`, `status`, `created_at`, `updated_at`) VALUES
('e11e7531fe244142ba5a23da67be02d5', 'UA-EA-2017-10-18-000011-1', NULL, 1, 'F10372923-79018', '2239/3', '2017-10-16', 7800, NULL, 'highestCost', '2017-10-18T07:00:42.488815+03:00', '[ТЕСТУВАННЯ] Варило кормитися привіт людино хобза.', 'Ошаліти скандзюбити позсапувати попівський кишкатий двойлезний дзюбнути буба базікало понагодовувати помер а кто ето сделал? кишкатий.', NULL, 5269, 'general', 'open', 'dgfInsider', 'test.quintagroup.com', '740555626.27', 'UAH', 1, '500000.00', 'UAH', '2017-10-18T07:00:42.488815+03:00', '0.00', 'UAH', 1, '2017-10-18T05:35:06.231241+03:00', '2017-10-18T05:59:35.596634+03:00', '2017-10-18T05:35:06.231241+03:00', '2017-10-18T06:37:30+03:00', '2017-10-18T06:27:30+03:00', '2017-10-18T06:53:21.019931+03:00', 'https://auction-sandbox.ea.openprocurement.org/insider-auctions/e11e7531fe244142ba5a23da67be02d5', '2017-10-18T06:53:21.043241+03:00', '2017-10-18T07:00:42.444296+03:00', 'unsuccessful', 1508319962, 1508319962),
('af9e20d57bde4de7b6756ea5be63d6c6', 'UA-EA-2017-10-18-000009-3', NULL, 2, 'F48646028-83053', '2236/5', '2017-10-18', 7801, NULL, 'highestCost', '2017-10-18T09:08:54.827848+03:00', '[ТЕСТУВАННЯ] Обдарити можновладник прогреміти притягати змерлий.', 'Попереривати шолупайка тринькало гарбариха блискавка оздобний кованка муравельний.', NULL, 5292, NULL, 'open', 'dgfFinancialAssets', 'test.quintagroup.com', '209373943.72', 'UAH', 1, '500000.00', 'UAH', '2017-10-18T09:08:54.827848+03:00', '3604821.63', 'UAH', 1, '2017-10-18T08:41:45.827766+03:00', '2017-10-18T09:06:07.463962+03:00', '2017-10-18T08:41:45.827766+03:00', '2017-10-18T09:06:07.463962+03:00', NULL, NULL, NULL, NULL, NULL, 'unsuccessful', 1508319963, 1508319963),
('394b054892344fbf86919eb7bb428547', 'UA-EA-2017-10-18-000007-2', NULL, 3, 'F27359533-60214', '2236/4', '2017-10-16', 7802, NULL, 'highestCost', '2017-10-18T09:39:03.145314+03:00', '[ТЕСТУВАННЯ] Пальок почеркати начутися.', 'Гудити попереправляти гаїна галаснути гудити поперетоплювати рдитися скандзюбити.', NULL, 5288, 'special', 'open', 'dgfInsider', 'test.quintagroup.com', '292388926.80', 'UAH', 1, '500000.00', 'UAH', '2017-10-18T09:39:03.145314+03:00', '0.00', 'UAH', 1, '2017-10-18T08:03:16.144389+03:00', '2017-10-18T08:27:39.152070+03:00', '2017-10-18T08:03:16.144389+03:00', '2017-10-18T09:20:19+03:00', '2017-10-18T09:10:19+03:00', '2017-10-18T09:30:49.833416+03:00', 'https://auction-sandbox.ea.openprocurement.org/insider-auctions/394b054892344fbf86919eb7bb428547', '2017-10-18T09:30:49.871360+03:00', '2017-10-18T09:39:03.133792+03:00', 'unsuccessful', 1508319964, 1508319964),
('f0681fc7ce1d42c3aa0539e534ef7315', 'UA-EA-2017-10-18-000012-1', NULL, 4, 'F15312153-38359', '2234/7', '2017-10-16', 7803, NULL, 'highestCost', '2017-10-18T09:48:18.506145+03:00', '[ТЕСТУВАННЯ] Варт курча фарисей зморхтися.', 'Зчарувати виґуляри фарисей прикриватися напасати печерувати хльорка погубитель.', NULL, 5288, 'special', 'open', 'dgfInsider', 'test.quintagroup.com', '567811462.88', 'UAH', 1, '500000.00', 'UAH', '2017-10-18T09:48:18.506145+03:00', '0.00', 'UAH', 1, '2017-10-18T08:35:10.171911+03:00', '2017-10-18T08:59:32.074631+03:00', '2017-10-18T08:35:10.171911+03:00', '2017-10-18T09:30:04+03:00', '2017-10-18T09:20:04+03:00', '2017-10-18T09:40:35.594468+03:00', 'https://auction-sandbox.ea.openprocurement.org/insider-auctions/f0681fc7ce1d42c3aa0539e534ef7315', '2017-10-18T09:40:35.625052+03:00', '2017-10-18T09:48:18.503055+03:00', 'unsuccessful', 1508319964, 1508319964),
('4a49ce0c591348fb93913fbae7fc7f84', 'UA-EA-2017-10-16-000042-2', NULL, 5, 'asf', 'asf', '2017-10-16', 7804, NULL, 'highestCost', '2017-10-18T09:57:31.693291+03:00', 'J6', 'ag', NULL, 5275, NULL, 'open', 'dgfInsider', 'kpmgdealroom.com', '53532.00', 'UAH', 0, '35.00', 'UAH', '2017-10-18T09:57:31.693291+03:00', '0.00', 'UAH', 1, '2017-10-16T17:41:22.632169+03:00', '2017-10-17T23:00:00+03:00', '2017-10-16T17:41:22.632169+03:00', '2017-10-18T09:57:31.667220+03:00', '2017-10-18T09:47:21+03:00', '2017-10-18T09:57:31.667220+03:00', 'https://auction-sandbox.ea.openprocurement.org/insider-auctions/4a49ce0c591348fb93913fbae7fc7f84', NULL, NULL, 'unsuccessful', 1508319965, 1508319965),
('0ac4bb79c5c84a5f92b81bb23fc15141', 'UA-EA-2017-10-18-000020-1', NULL, 6, 'F74595447-53094', '2234/5', '2017-10-16', 7805, NULL, 'highestCost', '2017-10-18T10:10:08.899455+03:00', '[ТЕСТУВАННЯ] Воратися салтан дудлик підбурити.', 'Поратування біда з неціновими показниками нечулий перестрах бісовщина білошка кованка попороскошувати.', NULL, 5277, 'other', 'open', 'dgfInsider', 'test.quintagroup.com', '906500867.65', 'UAH', 1, '500000.00', 'UAH', '2017-10-18T10:10:08.899455+03:00', '0.00', 'UAH', 1, '2017-10-18T09:05:11.086646+03:00', '2017-10-18T09:27:35.281783+03:00', '2017-10-18T09:05:11.086646+03:00', '2017-10-18T10:09:58+03:00', '2017-10-18T09:59:58+03:00', '2017-10-18T10:10:08.865714+03:00', 'https://auction-sandbox.ea.openprocurement.org/insider-auctions/0ac4bb79c5c84a5f92b81bb23fc15141', NULL, NULL, 'unsuccessful', 1508319965, 1508319965),
('46541b0f2ae5448cbd087d91bffa8f7c', 'UA-EA-2017-10-18-000009-2', NULL, 7, 'F92481196-72415', '2234/4', '2017-10-16', 7806, NULL, 'highestCost', '2017-10-18T10:14:03.696836+03:00', '[ТЕСТУВАННЯ] Перетлівати чепурити надкусити.', 'Підбурити цехмистриха гильце осердак заволочити ланя справність насупереки салтан.', NULL, 5277, 'other', 'open', 'dgfInsider', 'test.quintagroup.com', '725377950.81', 'UAH', 1, '500000.00', 'UAH', '2017-10-18T10:14:03.696836+03:00', '0.00', 'UAH', 1, '2017-10-18T09:03:47.739165+03:00', '2017-10-18T09:28:10.938620+03:00', '2017-10-18T09:03:47.739165+03:00', '2017-10-18T09:54:43+03:00', '2017-10-18T09:44:43+03:00', '2017-10-18T10:05:13.755400+03:00', 'https://auction-sandbox.ea.openprocurement.org/insider-auctions/46541b0f2ae5448cbd087d91bffa8f7c', '2017-10-18T10:05:13.808771+03:00', '2017-10-18T10:14:03.693552+03:00', 'unsuccessful', 1508319966, 1508319966),
('7d462c13cda3410a9ffc6ee871852df4', 'UA-EA-2017-10-18-000015-3', NULL, 8, 'F73204411-62514', '2232/8', '2017-10-16', 7807, NULL, 'highestCost', '2017-10-18T10:20:31.456715+03:00', '[ТЕСТУВАННЯ] Обліплювання начерпати гаріль.', 'Чом повирячувати порозгризати тоголітній вимастити пацьор клаптик заволочити робак жалуватися вісімка покоржавіти ошпарити.', NULL, 5288, 'special', 'open', 'dgfInsider', 'test.quintagroup.com', '526944284.63', 'UAH', 1, '500000.00', 'UAH', '2017-10-18T10:20:31.456715+03:00', '0.00', 'UAH', 1, '2017-10-18T09:03:58.889481+03:00', '2017-10-18T09:28:21.054983+03:00', '2017-10-18T09:03:58.889481+03:00', '2017-10-18T09:58:04+03:00', '2017-10-18T09:48:04+03:00', '2017-10-18T10:13:55.151787+03:00', 'https://auction-sandbox.ea.openprocurement.org/insider-auctions/7d462c13cda3410a9ffc6ee871852df4', '2017-10-18T10:13:55.182480+03:00', '2017-10-18T10:20:31.444269+03:00', 'unsuccessful', 1508319967, 1508319967),
('f912bd13fe864ccaabaeaaedb27ec285', 'UA-EA-2017-10-18-000012-3', NULL, 9, 'F73477088-54586', '2236/1', '2017-10-16', 7808, NULL, 'highestCost', '2017-10-18T10:26:13.731074+03:00', '[ТЕСТУВАННЯ] Базікало базікало непорадний бродити.', 'Мнишки підстолини стирта переплачувати розштовхати знахарювати ланя стирта маґерка пообробляти походистий нать цибульний.', NULL, 5269, 'general', 'open', 'dgfInsider', 'test.quintagroup.com', '309185095.82', 'UAH', 1, '500000.00', 'UAH', '2017-10-18T10:26:13.731074+03:00', '0.00', 'UAH', 1, '2017-10-18T09:02:57.615297+03:00', '2017-10-18T09:27:18.413512+03:00', '2017-10-18T09:02:57.615297+03:00', '2017-10-18T10:04:28+03:00', '2017-10-18T09:54:28+03:00', '2017-10-18T10:20:18.783328+03:00', 'https://auction-sandbox.ea.openprocurement.org/insider-auctions/f912bd13fe864ccaabaeaaedb27ec285', '2017-10-18T10:20:18.815691+03:00', '2017-10-18T10:26:13.714514+03:00', 'unsuccessful', 1508319967, 1508319967),
('405fbd945a564aff954086e8b883ec54', 'UA-EA-2017-10-18-000015-1', NULL, 10, 'F67349376-62519', '2232/9', '2017-10-16', 7809, NULL, 'highestCost', '2017-10-18T10:27:02.597021+03:00', '[ТЕСТУВАННЯ] Буба поросль познакомитися.', 'Потаска постогнувати чортячий простирядно притягати прикриватися покотити відрубність побабіти фльорес клюка.', NULL, 5288, 'special', 'open', 'dgfInsider', 'test.quintagroup.com', '863050727.63', 'UAH', 1, '500000.00', 'UAH', '2017-10-18T10:27:02.597021+03:00', '0.00', 'UAH', 1, '2017-10-18T09:03:47.477810+03:00', '2017-10-18T09:28:10.748005+03:00', '2017-10-18T09:03:47.477810+03:00', '2017-10-18T10:06:33+03:00', '2017-10-18T09:56:33+03:00', '2017-10-18T10:22:24.378942+03:00', 'https://auction-sandbox.ea.openprocurement.org/insider-auctions/405fbd945a564aff954086e8b883ec54', '2017-10-18T10:22:24.413646+03:00', '2017-10-18T10:27:02.593518+03:00', 'unsuccessful', 1508319968, 1508319968),
('7d3eee76b9954030a187c631c59a8355', 'UA-EA-2017-10-18-000017-1', NULL, 11, 'F61950075-47976', '2236/7', '2017-10-16', 7810, NULL, 'highestCost', '2017-10-18T10:28:33.954631+03:00', '[ТЕСТУВАННЯ] Нороха обаринок недомова приймачка підстолини.', 'Викликати 1 рахубно попутник дідизний пазуха уміцняти варило витовкмачити.', NULL, 5269, 'general', 'open', 'dgfInsider', 'test.quintagroup.com', '927259694.41', 'UAH', 1, '500000.00', 'UAH', '2017-10-18T10:28:33.954631+03:00', '0.00', 'UAH', 1, '2017-10-18T09:04:00.772516+03:00', '2017-10-18T09:28:23.620863+03:00', '2017-10-18T09:04:00.772516+03:00', '2017-10-18T10:06:40+03:00', '2017-10-18T09:56:40+03:00', '2017-10-18T10:22:31.747093+03:00', 'https://auction-sandbox.ea.openprocurement.org/insider-auctions/7d3eee76b9954030a187c631c59a8355', '2017-10-18T10:22:31.806775+03:00', '2017-10-18T10:28:33.951158+03:00', 'unsuccessful', 1508319969, 1508319969),
('e608a9d554244a7fb5a17f9d1de11b8d', 'UA-EA-2017-10-18-000011-3', NULL, 12, 'F59410869-10442', '2238/9', '2017-10-18', 7811, NULL, 'highestCost', '2017-10-18T10:30:54.109766+03:00', '[ТЕСТУВАННЯ] Гаріль хвиґа досипатися I.', 'Штанці дерновий покропити фльорес штучний ужисько трутизнина капелюшанка нечесаний охотка нороха повіджимати клятьба утинок.', NULL, 5282, NULL, 'open', 'dgfFinancialAssets', 'test.quintagroup.com', '435813815.90', 'UAH', 1, '500000.00', 'UAH', '2017-10-18T10:30:54.109766+03:00', '12408139.85', 'UAH', 1, '2017-10-18T08:58:50.609310+03:00', '2017-10-18T09:23:14.507261+03:00', '2017-10-18T08:58:50.609310+03:00', '2017-10-18T09:23:14.507261+03:00', '2017-10-18T09:56:04+03:00', '2017-10-18T10:17:05.109028+03:00', 'https://auction-sandbox.ea.openprocurement.org/auctions/e608a9d554244a7fb5a17f9d1de11b8d', '2017-10-18T10:17:05.195713+03:00', '2017-10-18T10:30:54.096237+03:00', 'unsuccessful', 1508319969, 1508319969),
('1dc9831281444078a54d2e881e4a2f8b', 'UA-EA-2017-10-18-000016-1', NULL, 13, 'F73377612-68110', '2237/7', '2017-10-16', 7812, NULL, 'highestCost', '2017-10-18T10:32:06.128170+03:00', '[ТЕСТУВАННЯ] Друженько вісьмина начутися попомуштрувати.', 'Пересолоджувати вистріпати заґавитися справність гаїна оленя дзуґа шквара атака.', NULL, 5277, 'other', 'open', 'dgfInsider', 'test.quintagroup.com', '893699998.31', 'UAH', 1, '500000.00', 'UAH', '2017-10-18T10:32:06.128170+03:00', '0.00', 'UAH', 1, '2017-10-18T09:04:00.205200+03:00', '2017-10-18T09:28:23.221201+03:00', '2017-10-18T09:04:00.205200+03:00', '2017-10-18T10:01:43+03:00', '2017-10-18T09:51:43+03:00', '2017-10-18T10:17:34.590403+03:00', 'https://auction-sandbox.ea.openprocurement.org/insider-auctions/1dc9831281444078a54d2e881e4a2f8b', '2017-10-18T10:17:34.612950+03:00', '2017-10-18T10:32:06.124442+03:00', 'unsuccessful', 1508319970, 1508319970),
('be3d9cc7beda4f06aa83fa4931047129', 'UA-EA-2017-10-18-000010-3', NULL, 14, 'F96335885-11083', '2236/8', '2017-10-16', 7813, NULL, 'highestCost', '2017-10-18T10:32:21.427952+03:00', '[ТЕСТУВАННЯ] Баришок зчарувати чисто.', 'Пропищати начутися кіска карасір заволочити тіснитися новонаставлений матюнка справник намаврати осмолювати віявки.', NULL, 5277, 'other', 'open', 'dgfInsider', 'test.quintagroup.com', '718395360.87', 'UAH', 1, '500000.00', 'UAH', '2017-10-18T10:32:21.427952+03:00', '0.00', 'UAH', 1, '2017-10-18T08:57:55.839568+03:00', '2017-10-18T09:20:21.034202+03:00', '2017-10-18T08:57:55.839568+03:00', '2017-10-18T09:54:18+03:00', '2017-10-18T09:44:18+03:00', '2017-10-18T10:10:09.427830+03:00', 'https://auction-sandbox.ea.openprocurement.org/insider-auctions/be3d9cc7beda4f06aa83fa4931047129', '2017-10-18T10:10:09.456154+03:00', '2017-10-18T10:32:21.416325+03:00', 'unsuccessful', 1508319971, 1508319971),
('fe75415814594d3f9190b6d5343d1922', 'UA-EA-2017-10-18-000019-1', NULL, 15, 'F79877791-82573', '2234/2', '2017-10-16', 7814, NULL, 'highestCost', '2017-10-18T10:36:52.906218+03:00', '[ТЕСТУВАННЯ] Облагодити потіпаха сокирник напасати.', 'Нахватитися двойлезний буба призначати пообскрібати поратування кремпілець наполягати соненько поросль ночний.', NULL, 5277, 'other', 'open', 'dgfInsider', 'test.quintagroup.com', '950675789.52', 'UAH', 1, '500000.00', 'UAH', '2017-10-18T10:36:52.906218+03:00', '0.00', 'UAH', 1, '2017-10-18T09:05:06.955545+03:00', '2017-10-18T09:27:30.691984+03:00', '2017-10-18T09:05:06.955545+03:00', '2017-10-18T09:59:06+03:00', '2017-10-18T09:49:06+03:00', '2017-10-18T10:14:57.782589+03:00', 'https://auction-sandbox.ea.openprocurement.org/insider-auctions/fe75415814594d3f9190b6d5343d1922', '2017-10-18T10:14:57.812979+03:00', '2017-10-18T10:36:52.894503+03:00', 'unsuccessful', 1508319971, 1508319971),
('26f9440cbe8b464c95af32ac7b890bab', 'UA-EA-2017-10-18-000013-3', NULL, 16, 'F30173180-37503', '2232/7', '2017-10-16', 7815, NULL, 'highestCost', '2017-10-18T10:37:37.349625+03:00', '[ТЕСТУВАННЯ] Постоячка воратися чужоземець зніматися.', 'Баришок справник позсапувати набірати кулага справність тоскно познакомитися воратися сталець скандзюбити дідизний заведисвіток сисак.', NULL, 5269, 'general', 'open', 'dgfInsider', 'test.quintagroup.com', '468525116.86', 'UAH', 1, '500000.00', 'UAH', '2017-10-18T10:37:37.349625+03:00', '0.00', 'UAH', 1, '2017-10-18T09:03:02.812007+03:00', '2017-10-18T09:27:26.198373+03:00', '2017-10-18T09:03:02.812007+03:00', '2017-10-18T10:22:27+03:00', '2017-10-18T10:12:27+03:00', '2017-10-18T10:32:57.604097+03:00', 'https://auction-sandbox.ea.openprocurement.org/insider-auctions/26f9440cbe8b464c95af32ac7b890bab', '2017-10-18T10:32:57.639161+03:00', '2017-10-18T10:37:37.338233+03:00', 'unsuccessful', 1508319972, 1508319972),
('5243bf98b77849dba3be01813c610e3d', 'UA-EA-2017-10-18-000014-1', NULL, 17, 'F29345226-92558', '2234/1', '2017-10-16', 7816, NULL, 'highestCost', '2017-10-18T10:41:13.702217+03:00', '[ТЕСТУВАННЯ] Чуркати заперти рідкий матюнка.', 'Уміцняти відмащувати люб\'ячий ізг.. кантурь підбурити понадрубувати.', NULL, 5269, 'general', 'open', 'dgfInsider', 'test.quintagroup.com', '719024334.53', 'UAH', 1, '500000.00', 'UAH', '2017-10-18T10:41:13.702217+03:00', '0.00', 'UAH', 1, '2017-10-18T09:03:01.242371+03:00', '2017-10-18T09:27:24.426548+03:00', '2017-10-18T09:03:01.242371+03:00', '2017-10-18T10:17:00+03:00', '2017-10-18T10:07:00+03:00', '2017-10-18T10:32:50.773380+03:00', 'https://auction-sandbox.ea.openprocurement.org/insider-auctions/5243bf98b77849dba3be01813c610e3d', '2017-10-18T10:32:50.808288+03:00', '2017-10-18T10:41:13.698014+03:00', 'unsuccessful', 1508319973, 1508319973),
('84c4aee035da48a8a72d9f45b54be3f6', 'UA-EA-2017-10-18-000021-1', NULL, 18, 'F80200455-22452', '2232/6', '2017-10-16', 7817, NULL, 'highestCost', '2017-10-18T10:41:57.911584+03:00', '[ТЕСТУВАННЯ] Гупалка злагідно.', 'Вимірювати справність мріти постогнувати обчірати фльорес намаврати муркотати.', NULL, 5277, 'other', 'open', 'dgfInsider', 'test.quintagroup.com', '935820928.28', 'UAH', 1, '10294030.21', 'UAH', '2017-10-18T10:41:57.911584+03:00', '0.00', 'UAH', 1, '2017-10-18T09:05:36.168498+03:00', '2017-10-18T09:30:01.027098+03:00', '2017-10-18T09:05:36.168498+03:00', '2017-10-18T10:18:53+03:00', '2017-10-18T10:08:53+03:00', '2017-10-18T10:34:43.831782+03:00', 'https://auction-sandbox.ea.openprocurement.org/insider-auctions/84c4aee035da48a8a72d9f45b54be3f6', '2017-10-18T10:34:43.862190+03:00', '2017-10-18T10:41:57.899973+03:00', 'unsuccessful', 1508319973, 1508319973),
('e850d90546ca46b591a814c8f3b8b9da', 'UA-EA-2017-10-17-000074-1', NULL, 19, '123', '123', '2017-10-17', 7818, NULL, 'highestCost', '2017-10-18T10:42:01.839286+03:00', '[ТЕСТУВАННЯ] qwe', 'qwe', NULL, 5458, 'general', 'open', 'dgfFinancialAssets', 'dgf.byustudio.in.ua', '45000.00', 'UAH', 0, '2250.00', 'UAH', '2017-10-17T18:28:44.748396+03:00', '450.00', 'UAH', 0, '2017-10-17T18:28:44.239459+03:00', '2017-10-18T23:56:34.285714+03:00', '2017-10-17T18:28:44.239459+03:00', '2017-10-18T23:56:34.285714+03:00', '2017-10-19T00:41:03+03:00', NULL, NULL, NULL, NULL, 'active.tendering', 1508319974, 1508319974),
('4d207afad6b34ed3900912a7f80f68a5', 'UA-EA-2017-10-18-000020-3', NULL, 20, 'F72100520-06388', '2232/8', '2017-10-16', 7819, NULL, 'highestCost', '2017-10-18T10:43:32.323510+03:00', '[ТЕСТУВАННЯ] Тараракання виґуляри десяточок райдуга.', 'Гаїр лінтюга погубитель душарка переділка скитки відсаджувати ремествувати чортячий шалювати штраповий уторжитися хапанина повиводити.', NULL, 5277, 'other', 'open', 'dgfInsider', 'test.quintagroup.com', '692038478.14', 'UAH', 1, '500000.00', 'UAH', '2017-10-18T10:43:32.323510+03:00', '0.00', 'UAH', 1, '2017-10-18T09:28:20.594730+03:00', '2017-10-18T09:52:39.306275+03:00', '2017-10-18T09:28:20.594730+03:00', '2017-10-18T10:43:21+03:00', '2017-10-18T10:33:21+03:00', '2017-10-18T10:43:32.287361+03:00', 'https://auction-sandbox.ea.openprocurement.org/insider-auctions/4d207afad6b34ed3900912a7f80f68a5', NULL, NULL, 'unsuccessful', 1508319974, 1508319974),
('0722492652774739888e8b0156db6500', 'UA-EA-2017-10-18-000014-3', NULL, 21, 'F21413889-81193', '2235/7', '2017-10-16', 7820, NULL, 'highestCost', '2017-10-18T10:43:46.098960+03:00', '[ТЕСТУВАННЯ] Кізка потаска пошкарубитися приторжити.', 'Ушнипитися підрийка чепурити варт фик брухо брухо дзуґа заволочити баришок.', NULL, 5277, 'other', 'open', 'dgfInsider', 'test.quintagroup.com', '380114363.95', 'UAH', 1, '500000.00', 'UAH', '2017-10-18T10:43:46.098960+03:00', '0.00', 'UAH', 1, '2017-10-18T09:03:39.006190+03:00', '2017-10-18T09:28:01.800206+03:00', '2017-10-18T09:03:39.006190+03:00', '2017-10-18T10:21:34+03:00', '2017-10-18T10:11:34+03:00', '2017-10-18T10:37:25.215805+03:00', 'https://auction-sandbox.ea.openprocurement.org/insider-auctions/0722492652774739888e8b0156db6500', '2017-10-18T10:37:25.246389+03:00', '2017-10-18T10:43:46.095530+03:00', 'unsuccessful', 1508319975, 1508319975),
('e7e77ed102f24001b54553f5ec9354a7', 'UA-EA-2017-10-18-000010-2', NULL, 22, 'F53790314-19064', '2235/4', '2017-10-16', 7821, NULL, 'highestCost', '2017-10-18T10:46:40.760125+03:00', '[ТЕСТУВАННЯ] Жалуватися стругнути прихапцем.', 'Скандзюбити розжарити оленя стрюковиння хобза прочолок перестрах чортячий.', NULL, 5277, 'other', 'open', 'dgfInsider', 'test.quintagroup.com', '448551093.43', 'UAH', 1, '500000.00', 'UAH', '2017-10-18T10:46:40.760125+03:00', '0.00', 'UAH', 1, '2017-10-18T09:24:15.410912+03:00', '2017-10-18T09:48:37.733071+03:00', '2017-10-18T09:24:15.410912+03:00', '2017-10-18T10:46:30+03:00', '2017-10-18T10:36:30+03:00', '2017-10-18T10:46:40.731746+03:00', 'https://auction-sandbox.ea.openprocurement.org/insider-auctions/e7e77ed102f24001b54553f5ec9354a7', NULL, NULL, 'unsuccessful', 1508319976, 1508319976),
('839e3b97fe3b426db8ddfd050cac9348', 'UA-EA-2017-10-18-000016-3', NULL, 23, 'F31896143-05617', '2237/6', '2017-10-16', 7822, NULL, 'highestCost', '2017-10-18T10:48:33.060684+03:00', '[ТЕСТУВАННЯ] Нороха победрина.', 'Вистріпати панюга покропити мама я в телевізорі гривичка мимо жовтішати чисто рутяний викликати 1.', NULL, 5269, 'general', 'open', 'dgfInsider', 'test.quintagroup.com', '943725314.92', 'UAH', 1, '10380978.46', 'UAH', '2017-10-18T10:48:33.060684+03:00', '0.00', 'UAH', 1, '2017-10-18T09:21:04.712274+03:00', '2017-10-18T09:45:28.924434+03:00', '2017-10-18T09:21:04.712274+03:00', '2017-10-18T10:25:41+03:00', '2017-10-18T10:15:41+03:00', '2017-10-18T10:41:31.969426+03:00', 'https://auction-sandbox.ea.openprocurement.org/insider-auctions/839e3b97fe3b426db8ddfd050cac9348', '2017-10-18T10:41:31.996447+03:00', '2017-10-18T10:48:33.057243+03:00', 'unsuccessful', 1508319976, 1508319976),
('d3bf58519c494495917ef4a00ccc9125', 'UA-EA-2017-10-18-000017-3', NULL, 24, 'F16339957-64775', '2236/9', '2017-10-16', 7823, NULL, 'highestCost', '2017-10-18T10:49:04.393419+03:00', '[ТЕСТУВАННЯ] Обліплювання оленя познакомитися чуркати.', 'Закут вимастити ужитний пороспікатися заґавитися колода замискрити кикати гупалка новонаставлений відчалювати.', NULL, 5277, 'other', 'open', 'dgfInsider', 'test.quintagroup.com', '277062113.32', 'UAH', 1, '500000.00', 'UAH', '2017-10-18T10:49:04.393419+03:00', '0.00', 'UAH', 1, '2017-10-18T09:24:15.558967+03:00', '2017-10-18T09:48:38.024393+03:00', '2017-10-18T09:24:15.558967+03:00', '2017-10-18T10:48:53+03:00', '2017-10-18T10:38:53+03:00', '2017-10-18T10:49:04.370651+03:00', 'https://auction-sandbox.ea.openprocurement.org/insider-auctions/d3bf58519c494495917ef4a00ccc9125', NULL, NULL, 'unsuccessful', 1508319977, 1508319977),
('4007df91e54e478cb47d6322dca05026', 'UA-EA-2017-10-18-000019-3', NULL, 25, 'F70980642-61673', '2237/6', '2017-10-16', 7824, NULL, 'highestCost', '2017-10-18T10:50:41.040835+03:00', '[ТЕСТУВАННЯ] Начерпати гудити душман.', 'Хапанина скитки відробляти муркотати робак різнити кормитися дзюбнути.', NULL, 5288, 'special', 'open', 'dgfInsider', 'test.quintagroup.com', '129716660.49', 'UAH', 1, '500000.00', 'UAH', '2017-10-18T10:50:41.040835+03:00', '0.00', 'UAH', 1, '2017-10-18T09:28:19.913484+03:00', '2017-10-18T09:52:38.635652+03:00', '2017-10-18T09:28:19.913484+03:00', '2017-10-18T10:32:16+03:00', '2017-10-18T10:22:16+03:00', '2017-10-18T10:42:47.705183+03:00', 'https://auction-sandbox.ea.openprocurement.org/insider-auctions/4007df91e54e478cb47d6322dca05026', '2017-10-18T10:42:47.741272+03:00', '2017-10-18T10:50:41.037747+03:00', 'unsuccessful', 1508319977, 1508319977),
('c5e3ea5335154cb188f83280239c8325', 'UA-EA-2017-10-18-000018-1', NULL, 26, 'F48909956-88975', '2237/1', '2017-10-16', 7825, NULL, 'highestCost', '2017-10-18T10:51:28.208049+03:00', '[ТЕСТУВАННЯ] Мама Я В Телевізорі відмащувати надовбати покоржавіти.', 'Узголов\'Я злизувати висповідатися борозний мужичий шквара ошаліти приторжити кормитися варіянт загалаванитися шахрайський ядерний.', NULL, 5277, 'other', 'open', 'dgfInsider', 'test.quintagroup.com', '723102909.08', 'UAH', 1, '500000.00', 'UAH', '2017-10-18T10:51:28.208049+03:00', '0.00', 'UAH', 1, '2017-10-18T09:05:04.549583+03:00', '2017-10-18T09:27:26.285696+03:00', '2017-10-18T09:05:04.549583+03:00', '2017-10-18T10:15:24+03:00', '2017-10-18T10:05:24+03:00', '2017-10-18T10:31:15.133995+03:00', 'https://auction-sandbox.ea.openprocurement.org/insider-auctions/c5e3ea5335154cb188f83280239c8325', '2017-10-18T10:31:15.164083+03:00', '2017-10-18T10:51:28.204591+03:00', 'unsuccessful', 1508319978, 1508319978),
('51e2aea977234bb59b1fc516a2613387', 'UA-EA-2017-10-18-000011-2', NULL, 27, 'F69707501-12313', '2231/2', '2017-10-16', 7826, NULL, 'highestCost', '2017-10-18T10:54:07.873623+03:00', '[ТЕСТУВАННЯ] Виправа новонаставлений чудар.', 'Пацьор переплачувати п\'яно пофальшувати сив чом нороха облагодити руненце виламуватися постоячка побабіти чепурніти.', NULL, 5288, 'special', 'open', 'dgfInsider', 'test.quintagroup.com', '932617546.61', 'UAH', 1, '500000.00', 'UAH', '2017-10-18T10:54:07.873623+03:00', '0.00', 'UAH', 1, '2017-10-18T09:28:18.887287+03:00', '2017-10-18T09:52:38.305852+03:00', '2017-10-18T09:28:18.887287+03:00', '2017-10-18T10:38:02+03:00', '2017-10-18T10:28:02+03:00', '2017-10-18T10:48:32.757035+03:00', 'https://auction-sandbox.ea.openprocurement.org/insider-auctions/51e2aea977234bb59b1fc516a2613387', '2017-10-18T10:48:32.787312+03:00', '2017-10-18T10:54:07.862045+03:00', 'unsuccessful', 1508319979, 1508319979),
('53658401e2b84b3cabd02ea321fce4f3', 'UA-EA-2017-10-18-000008-2', NULL, 28, 'F86715331-47833', '2233/8', '2017-10-16', 7827, NULL, 'highestCost', '2017-10-18T10:56:26.620080+03:00', '[ТЕСТУВАННЯ] Відробляти прихапцем висповідатися варт.', 'Суддя головистий прожерливий замискрити здирати четверговий стереження.', NULL, 5288, 'special', 'open', 'dgfInsider', 'test.quintagroup.com', '915485138.34', 'UAH', 1, '500000.00', 'UAH', '2017-10-18T10:56:26.620080+03:00', '0.00', 'UAH', 1, '2017-10-18T08:57:57.342580+03:00', '2017-10-18T09:20:22.603178+03:00', '2017-10-18T08:57:57.342580+03:00', '2017-10-18T10:19:05+03:00', '2017-10-18T10:09:05+03:00', '2017-10-18T10:34:56.203030+03:00', 'https://auction-sandbox.ea.openprocurement.org/insider-auctions/53658401e2b84b3cabd02ea321fce4f3', '2017-10-18T10:34:56.236978+03:00', '2017-10-18T10:56:26.616551+03:00', 'unsuccessful', 1508319979, 1508319979),
('1ced3b4e206e460581ef5e460bd84076', 'UA-EA-2017-10-18-000018-3', NULL, 29, 'F19235689-21630', '2238/2', '2017-10-16', 7828, NULL, 'highestCost', '2017-10-18T10:56:29.732488+03:00', '[ТЕСТУВАННЯ] Раз хлястор дитинонька відмащувати.', 'Мужичий хлястор кикати чепурити фарфур притягати доборотися оздобний замішанина панюга.', NULL, 5269, 'general', 'open', 'dgfInsider', 'test.quintagroup.com', '232715382.50', 'UAH', 1, '500000.00', 'UAH', '2017-10-18T10:56:29.732488+03:00', '0.00', 'UAH', 1, '2017-10-18T09:24:16.552447+03:00', '2017-10-18T09:48:38.886143+03:00', '2017-10-18T09:24:16.552447+03:00', '2017-10-18T10:36:51+03:00', '2017-10-18T10:26:51+03:00', '2017-10-18T10:47:21.603439+03:00', 'https://auction-sandbox.ea.openprocurement.org/insider-auctions/1ced3b4e206e460581ef5e460bd84076', '2017-10-18T10:47:21.629053+03:00', '2017-10-18T10:56:29.721243+03:00', 'unsuccessful', 1508319980, 1508319980),
('0b5b44872bc14efab79cd04709ab260a', 'UA-EA-2017-10-18-000022-3', NULL, 30, 'F40522197-89175', '2239/2', '2017-10-16', 7829, NULL, 'highestCost', '2017-10-18T10:59:04.718401+03:00', '[ТЕСТУВАННЯ] Трутизнина чужинонька покволом.', 'Гаїна усподі позатягати клаптик подружка мимо непорадний гарбариха фик десяточок свистіння тринькало наполягати перестрах.', NULL, 5288, 'special', 'open', 'dgfInsider', 'test.quintagroup.com', '313234525.52', 'UAH', 1, '500000.00', 'UAH', '2017-10-18T10:59:04.718401+03:00', '0.00', 'UAH', 1, '2017-10-18T10:03:03.933800+03:00', '2017-10-18T10:27:23.472488+03:00', '2017-10-18T10:03:03.933800+03:00', '2017-10-18T10:58:54+03:00', '2017-10-18T10:48:54+03:00', '2017-10-18T10:59:04.688243+03:00', 'https://auction-sandbox.ea.openprocurement.org/insider-auctions/0b5b44872bc14efab79cd04709ab260a', NULL, NULL, 'unsuccessful', 1508319980, 1508319980),
('2819d687a78342358ff5e6db4bd0b06b', 'UA-EA-2017-10-18-000013-1', NULL, 31, 'F61245782-12971', '2237/7', '2017-10-16', 7830, NULL, 'highestCost', '2017-10-18T11:03:11.086330+03:00', '[ТЕСТУВАННЯ] Злагідно виправа помер обліплювання.', 'Відрубність брухо знахарювати прогреміти дивовизія займати пообскрібати поросль нахватитися висповідатися варило переплачувати.', NULL, 5288, 'special', 'open', 'dgfInsider', 'test.quintagroup.com', '736664616.83', 'UAH', 1, '500000.00', 'UAH', '2017-10-18T11:03:11.086330+03:00', '0.00', 'UAH', 1, '2017-10-18T08:57:54.319391+03:00', '2017-10-18T09:20:17.533327+03:00', '2017-10-18T08:57:54.319391+03:00', '2017-10-18T10:05:43+03:00', '2017-10-18T09:55:43+03:00', '2017-10-18T10:21:33.868432+03:00', 'https://auction-sandbox.ea.openprocurement.org/insider-auctions/2819d687a78342358ff5e6db4bd0b06b', '2017-10-18T10:21:33.900479+03:00', '2017-10-18T11:03:11.082318+03:00', 'unsuccessful', 1508319981, 1508319981),
('2ef6c8ea63094ab6904836a6210c2616', 'UA-EA-2017-10-18-000026-1', NULL, 32, 'F65100589', '2233', '2017-02-24', 7831, NULL, 'highestCost', '2017-10-18T11:03:19.266862+03:00', '[ТЕСТУВАННЯ] Подубнути дзюбнути', 'Пооблапувати людиний пропищати злагідно роз\'ярятися огрібатися трутизнина стирта перестрах.', NULL, 5645, NULL, 'open', 'dgfInsider', 'smarttender.biz', '732027511.52', 'UAH', 1, '36601375.58', 'UAH', '2017-10-18T11:01:56.175778+03:00', '0.00', 'UAH', 1, '2017-10-18T11:01:55.837253+03:00', '2017-10-20T09:56:30+03:00', '2017-10-18T11:01:55.837253+03:00', '2017-10-20T10:41:21+03:00', '2017-10-20T10:31:21+03:00', NULL, NULL, NULL, NULL, 'active.tendering', 1508319982, 1508319982),
('d83a52a9881044ce85e1d88c1dfbfe6e', 'UA-EA-2017-10-18-000025-1', NULL, 33, '1', '123', '2017-10-18', 7832, NULL, 'highestCost', '2017-10-18T11:22:20.876173+03:00', '[ТЕСТУВАННЯ] qwe', 'qwe', NULL, 5458, 'general', 'open', 'dgfOtherAssets', 'dgf.byustudio.in.ua', '55555.00', 'UAH', 0, '2777.75', 'UAH', '2017-10-18T10:55:50.649011+03:00', '555.55', 'UAH', 0, '2017-10-18T10:55:50.126839+03:00', '2017-10-18T23:56:34.285714+03:00', '2017-10-18T10:55:50.126839+03:00', '2017-10-18T23:56:34.285714+03:00', '2017-10-19T00:51:34+03:00', NULL, NULL, NULL, NULL, 'active.tendering', 1508319982, 1508319982),
('29f62ea4af6648f2b6000a3a0de0dc82', 'UA-EA-2017-10-18-000012-2', NULL, 34, 'F80690064-16600', '2239/3', '2017-10-18', 7833, NULL, 'highestCost', '2017-10-18T11:23:37.032027+03:00', '[ТЕСТУВАННЯ] Позорювати справник спонаджувати лементіти.', 'Варівний гривичка зближати узавтра золотокрилий четверговий цирка бердник корчити узголов\'я вивагом відмащувати проплинути.', NULL, 5272, NULL, 'open', 'dgfFinancialAssets', 'auction.privatbank.ua', '439925730.20', 'UAH', 1, '21996286.51', 'UAH', '2017-10-18T11:23:37.032027+03:00', '12902412.51', 'UAH', 1, '2017-10-18T09:31:35.705794+03:00', '2017-10-18T07:00:48.983849+00:00', '2017-10-18T09:31:35.705794+03:00', '2017-10-18T07:00:48.983849+00:00', '2017-10-18T10:47:28+03:00', '2017-10-18T11:08:29.198438+03:00', 'https://auction-sandbox.ea.openprocurement.org/auctions/29f62ea4af6648f2b6000a3a0de0dc82', '2017-10-18T11:08:29.279644+03:00', '2017-10-18T11:23:37.017925+03:00', 'unsuccessful', 1508319983, 1508319983),
('3841bbd696cd4fe49116a9f8072d9625', 'UA-EA-2017-10-18-000014-2', NULL, 35, 'F78824576-54697', '2238/5', '2017-10-16', 7834, NULL, 'highestCost', '2017-10-18T11:23:39.787281+03:00', '[ТЕСТУВАННЯ] Буба розжарити гаїна закут.', 'Попереправляти ушнипитися базікало пальок подубнути приймачка печерувати.', NULL, 5269, 'general', 'open', 'dgfInsider', 'test.quintagroup.com', '975721543.32', 'UAH', 1, '10732936.98', 'UAH', '2017-10-18T11:23:39.787281+03:00', '0.00', 'UAH', 1, '2017-10-18T09:49:17.062547+03:00', '2017-10-18T10:13:37.367191+03:00', '2017-10-18T09:49:17.062547+03:00', '2017-10-18T11:08:07+03:00', '2017-10-18T10:58:07+03:00', '2017-10-18T11:18:37.963289+03:00', 'https://auction-sandbox.ea.openprocurement.org/insider-auctions/3841bbd696cd4fe49116a9f8072d9625', '2017-10-18T11:18:37.986990+03:00', '2017-10-18T11:23:39.783523+03:00', 'unsuccessful', 1508319984, 1508319984),
('123f9bfe0e594d97a5a320e151f4c6cc', 'UA-EA-2017-10-18-000013-2', NULL, 36, 'F68824709-36613', '2235/6', '2017-10-16', 7835, NULL, 'highestCost', '2017-10-18T11:24:38.817275+03:00', '[ТЕСТУВАННЯ] Самоук москалитися золотокрилий висмівати.', 'Брухо заглитнутися обчірати узголов\'я тандита попороскошувати замискрити оздобний лементіти шквара курча варило накотити I.', NULL, 5269, 'general', 'open', 'dgfInsider', 'test.quintagroup.com', '139969081.21', 'UAH', 1, '1539659.89', 'UAH', '2017-10-18T11:24:38.817275+03:00', '0.00', 'UAH', 1, '2017-10-18T09:49:11.347859+03:00', '2017-10-18T10:13:32.203087+03:00', '2017-10-18T09:49:11.347859+03:00', '2017-10-18T11:07:15+03:00', '2017-10-18T10:57:15+03:00', '2017-10-18T11:17:45.854194+03:00', 'https://auction-sandbox.ea.openprocurement.org/insider-auctions/123f9bfe0e594d97a5a320e151f4c6cc', '2017-10-18T11:17:45.884656+03:00', '2017-10-18T11:24:38.800562+03:00', 'unsuccessful', 1508319984, 1508319984),
('64b0ffc5852041b8afee971bdb95ebf9', 'UA-EA-2017-10-18-000023-3', NULL, 37, 'F65083333-86512', '2235/8', '2017-10-16', 7836, NULL, 'highestCost', '2017-10-18T11:25:14.490330+03:00', '[ТЕСТУВАННЯ] Аркан дудлик зросливий призначати.', 'Клятьба зажати пофальшувати гаїна поновини білошка атака відробляти.', NULL, 5269, 'general', 'open', 'dgfInsider', 'test.quintagroup.com', '80856684.78', 'UAH', 1, '500000.00', 'UAH', '2017-10-18T11:25:14.490330+03:00', '0.00', 'UAH', 1, '2017-10-18T10:09:19.191226+03:00', '2017-10-18T10:33:38.711342+03:00', '2017-10-18T10:09:19.191226+03:00', '2017-10-18T11:25:03+03:00', '2017-10-18T11:15:03+03:00', '2017-10-18T11:25:14.455258+03:00', 'https://auction-sandbox.ea.openprocurement.org/insider-auctions/64b0ffc5852041b8afee971bdb95ebf9', NULL, NULL, 'unsuccessful', 1508319985, 1508319985),
('75952b8191f3483f9adce4a62e514272', 'UA-EA-2017-10-18-000031-1', NULL, 38, 'qwe', 'qwe', '2017-10-18', 7837, NULL, 'highestCost', '2017-10-18T11:29:38.319628+03:00', '[ТЕСТУВАННЯ] qwe', 'qwe', NULL, 5458, 'general', 'open', 'dgfFinancialAssets', 'dgf.byustudio.in.ua', '45000.00', 'UAH', 0, '2250.00', 'UAH', '2017-10-18T11:26:44.781153+03:00', '450.00', 'UAH', 0, '2017-10-18T11:26:44.281091+03:00', '2017-10-18T23:56:34.285714+03:00', '2017-10-18T11:26:44.281091+03:00', '2017-10-18T23:56:34.285714+03:00', '2017-10-19T00:48:07+03:00', NULL, NULL, NULL, NULL, 'active.tendering', 1508319985, 1508319985),
('8ac5c7580c7d41998a466ef02e1ef988', 'UA-EA-2017-10-18-000024-3', NULL, 39, 'F38066873-15373', '2232/8', '2017-10-16', 7838, NULL, 'highestCost', '2017-10-18T11:34:37.703572+03:00', '[ТЕСТУВАННЯ] Заперти стереження ракляцький пообскрібати.', 'Муничитися рівець шалювати чепурити цибульний спускати рідкий клямати муравчаний ремествувати цяв! шахрайський.', NULL, 5277, 'other', 'open', 'dgfInsider', 'test.quintagroup.com', '295922338.41', 'UAH', 1, '500000.00', 'UAH', '2017-10-18T11:34:37.703572+03:00', '0.00', 'UAH', 1, '2017-10-18T10:11:01.342621+03:00', '2017-10-18T10:35:21.002052+03:00', '2017-10-18T10:11:01.342621+03:00', '2017-10-18T11:34:27+03:00', '2017-10-18T11:24:27+03:00', '2017-10-18T11:34:37.675774+03:00', 'https://auction-sandbox.ea.openprocurement.org/insider-auctions/8ac5c7580c7d41998a466ef02e1ef988', NULL, NULL, 'unsuccessful', 1508319986, 1508319986),
('52036491d88244748f297d002e9a8285', 'UA-EA-2017-10-18-000021-3', NULL, 40, 'F32019597-82909', '2234/1', '2017-10-16', 7839, NULL, 'highestCost', '2017-10-18T11:35:09.809039+03:00', '[ТЕСТУВАННЯ] Постоячка роспорюватися салтан насупереки.', 'Вимірювати бродити вистріпати лементіти пороспікатися жалуватися вилічка замискрити.', NULL, 5277, 'other', 'open', 'dgfInsider', 'test.quintagroup.com', '437298430.35', 'UAH', 1, '4810282.73', 'UAH', '2017-10-18T11:35:09.809039+03:00', '0.00', 'UAH', 1, '2017-10-18T09:49:16.503241+03:00', '2017-10-18T10:13:37.103526+03:00', '2017-10-18T09:49:16.503241+03:00', '2017-10-18T11:15:34+03:00', '2017-10-18T11:05:34+03:00', '2017-10-18T11:26:05.260937+03:00', 'https://auction-sandbox.ea.openprocurement.org/insider-auctions/52036491d88244748f297d002e9a8285', '2017-10-18T11:26:05.321596+03:00', '2017-10-18T11:35:09.805829+03:00', 'unsuccessful', 1508319986, 1508319986),
('9075a471d9174237ab227f737efddb06', 'UA-EA-2017-10-18-000022-1', NULL, 41, 'F28266778-54793', '2238/8', '2017-10-16', 7840, NULL, 'highestCost', '2017-10-18T11:38:00.803227+03:00', '[ТЕСТУВАННЯ] Цвірінь потріпки свистіння мріти.', 'Мріти докірний обгуркати надкусити за-що-раз загатистий тараракання фарисей закуштрати фльорес безстаточно прихапцем самопрядка.', NULL, 5288, 'special', 'open', 'dgfInsider', 'test.quintagroup.com', '389019165.01', 'UAH', 1, '500000.00', 'UAH', '2017-10-18T11:38:00.803227+03:00', '0.00', 'UAH', 1, '2017-10-18T10:09:06.306161+03:00', '2017-10-18T10:33:26.143543+03:00', '2017-10-18T10:09:06.306161+03:00', '2017-10-18T11:37:50+03:00', '2017-10-18T11:27:50+03:00', '2017-10-18T11:38:00.773727+03:00', 'https://auction-sandbox.ea.openprocurement.org/insider-auctions/9075a471d9174237ab227f737efddb06', NULL, NULL, 'unsuccessful', 1508319987, 1508319987),
('140f246d9c564764a1dd6e90f2ab4ba3', 'UA-EA-2017-10-18-000035-3', NULL, 42, 'F651019427', '2233', '2017-02-24', 7841, NULL, 'highestCost', '2017-10-18T11:40:41.204177+03:00', '[ТЕСТУВАННЯ] технології сумісництво', 'Пооблапувати людиний пропищати злагідно роз\'ярятися огрібатися трутизнина стирта перестрах.', NULL, 5645, NULL, 'open', 'dgfInsider', 'smarttender.biz', '452027511.52', 'UAH', 0, '22601375.58', 'UAH', '2017-10-18T11:39:58.278600+03:00', '0.00', 'UAH', 1, '2017-10-18T11:39:58.037262+03:00', '2017-10-20T09:56:30+03:00', '2017-10-18T11:39:58.037262+03:00', '2017-10-20T10:41:31+03:00', '2017-10-20T10:31:31+03:00', NULL, NULL, NULL, NULL, 'active.tendering', 1508319988, 1508319988),
('89d2f3dc3ae64f098906167536777dc1', 'UA-EA-2017-10-18-000028-3', NULL, 43, 'F35124758-02198', '2235/8', '2017-10-16', 7842, NULL, 'highestCost', '2017-10-18T11:42:49.732428+03:00', '[ТЕСТУВАННЯ] Надовбати слідити переплачувати.', 'Начутися варило тудою затасувати бердник аркан пополошити шахрайський понадрубувати випекти переріз проднювати панюга фик золотокрилий.', NULL, 5269, 'general', 'open', 'dgfInsider', 'test.quintagroup.com', '394153905.03', 'UAH', 1, '500000.00', 'UAH', '2017-10-18T11:42:49.732428+03:00', '0.00', 'UAH', 1, '2017-10-18T10:34:38.249993+03:00', '2017-10-18T10:58:57.422307+03:00', '2017-10-18T10:34:38.249993+03:00', '2017-10-18T11:42:39+03:00', '2017-10-18T11:32:39+03:00', '2017-10-18T11:42:49.688945+03:00', 'https://auction-sandbox.ea.openprocurement.org/insider-auctions/89d2f3dc3ae64f098906167536777dc1', NULL, NULL, 'unsuccessful', 1508319988, 1508319988),
('524ce65880ca467b9906f85b5a5f7da7', 'UA-EA-2017-10-18-000023-1', NULL, 44, 'F56812577-50363', '2234/3', '2017-10-16', 7843, NULL, 'highestCost', '2017-10-18T11:53:08.471118+03:00', '[ТЕСТУВАННЯ] Звеселяти клямати білошка коськання.', 'Дрова приторжити обшити капелюшанка клюка познакомитися ураз II кремпілець іконний нечулий чепурити мимо.', NULL, 5269, 'general', 'open', 'dgfInsider', 'test.quintagroup.com', '224518377.49', 'UAH', 1, '500000.00', 'UAH', '2017-10-18T11:53:08.471118+03:00', '0.00', 'UAH', 1, '2017-10-18T10:11:35.421915+03:00', '2017-10-18T10:33:46.355062+03:00', '2017-10-18T10:11:35.421915+03:00', '2017-10-18T11:22:25+03:00', '2017-10-18T11:12:25+03:00', '2017-10-18T11:32:55.970457+03:00', 'https://auction-sandbox.ea.openprocurement.org/insider-auctions/524ce65880ca467b9906f85b5a5f7da7', '2017-10-18T11:32:55.996680+03:00', '2017-10-18T11:53:08.459783+03:00', 'unsuccessful', 1508319989, 1508319989),
('013ec0f47ec346b6846c8699fb6f35ee', 'UA-EA-2017-10-18-000025-2', NULL, 45, 'F26667190-16165', '2234/7', '2017-10-16', 7844, NULL, 'highestCost', '2017-10-18T12:03:32.486030+03:00', '[ТЕСТУВАННЯ] Кіска шабатурка підсмажувати виречи.', 'Виголос мужичий кормитися побабіти кукіль поволовщина можновладник призначати гармашний навратитися позсапувати муничитися оздобний.', NULL, 5277, 'other', 'open', 'dgfInsider', 'test.quintagroup.com', '505985494.31', 'UAH', 1, '500000.00', 'UAH', '2017-10-18T12:03:32.486030+03:00', '0.00', 'UAH', 1, '2017-10-18T11:37:51.666326+03:00', '2017-10-18T12:02:08.349091+03:00', '2017-10-18T11:37:51.666326+03:00', '2017-10-18T13:02:36+03:00', '2017-10-18T12:52:36+03:00', NULL, 'https://auction-sandbox.ea.openprocurement.org/insider-auctions/013ec0f47ec346b6846c8699fb6f35ee', NULL, NULL, 'active.auction', 1508319989, 1508319989),
('7891d36bb8bc4455944b854b9491293b', 'UA-EA-2017-10-18-000027-3', NULL, 46, 'F71597896-20606', '2237/9', '2017-10-16', 7845, NULL, 'highestCost', '2017-10-18T12:04:12.924888+03:00', '[ТЕСТУВАННЯ] Здирати досипатися I гарбариха.', 'Гандевери згучатися пахіття моня розжовувати попороскошувати звишки гаїр киць сив клюка ошпарити продам гараж кізка.', NULL, 5269, 'general', 'open', 'dgfInsider', 'test.quintagroup.com', '798089811.42', 'UAH', 1, '500000.00', 'UAH', '2017-10-18T12:04:12.924888+03:00', '0.00', 'UAH', 1, '2017-10-18T10:34:36.476231+03:00', '2017-10-18T10:58:55.344605+03:00', '2017-10-18T10:34:36.476231+03:00', '2017-10-18T11:44:48+03:00', '2017-10-18T11:34:48+03:00', '2017-10-18T11:55:18.669914+03:00', 'https://auction-sandbox.ea.openprocurement.org/insider-auctions/7891d36bb8bc4455944b854b9491293b', '2017-10-18T11:55:18.690944+03:00', '2017-10-18T12:04:12.921622+03:00', 'unsuccessful', 1508319990, 1508319990),
('dc38194775c84e9388e46f9a38757040', 'UA-EA-2017-10-18-000036-3', NULL, 47, 'F14741422-59226', '2236/9', '2017-10-16', 7846, NULL, 'highestCost', '2017-10-18T12:05:48.115161+03:00', '[ТЕСТУВАННЯ] Весело згучатися мимо.', 'Держиво робак буддень дзуґа справник людиний оздобний весілчанин.', NULL, 5277, 'other', 'open', 'dgfInsider', 'test.quintagroup.com', '653400772.57', 'UAH', 1, '500000.00', 'UAH', '2017-10-18T12:05:48.115161+03:00', '0.00', 'UAH', 1, '2017-10-18T11:40:39.381870+03:00', '2017-10-18T12:02:31.958482+03:00', '2017-10-18T11:40:39.381870+03:00', '2017-10-18T13:03:00+03:00', '2017-10-18T12:53:00+03:00', NULL, 'https://auction-sandbox.ea.openprocurement.org/insider-auctions/dc38194775c84e9388e46f9a38757040', NULL, NULL, 'active.auction', 1508319990, 1508319990),
('39089aceefb34538befbdb4a76a306fb', 'UA-EA-2017-10-18-000026-3', NULL, 48, 'F22397336-65287', '2239/2', '2017-10-16', 7847, NULL, 'highestCost', '2017-10-18T12:06:55.798802+03:00', '[ТЕСТУВАННЯ] Спонаджувати тараракання самопрядка корчити.', 'Кремпілець маґерка здирати кикати надовбати висповідатися компанійський.', NULL, 5269, 'general', 'open', 'dgfInsider', 'test.quintagroup.com', '443481208.53', 'UAH', 1, '500000.00', 'UAH', '2017-10-18T12:06:55.798802+03:00', '0.00', 'UAH', 1, '2017-10-18T10:13:24.545808+03:00', '2017-10-18T10:35:34.664024+03:00', '2017-10-18T10:13:24.545808+03:00', '2017-10-18T11:35:03+03:00', '2017-10-18T11:25:03+03:00', '2017-10-18T11:45:34.642692+03:00', 'https://auction-sandbox.ea.openprocurement.org/insider-auctions/39089aceefb34538befbdb4a76a306fb', '2017-10-18T11:45:34.672079+03:00', '2017-10-18T12:06:55.771807+03:00', 'unsuccessful', 1508319991, 1508319991),
('5f503ba1b2cd4b9f86e77e10c31df02e', 'UA-EA-2017-10-18-000033-3', NULL, 49, 'F15134573-20252', '2238/5', '2017-10-16', 7848, NULL, 'highestCost', '2017-10-18T12:08:19.887104+03:00', '[ТЕСТУВАННЯ] Фарисей скандзюбити покоїтися віявки.', 'Проднювати доборотися грішитель драб робак понагодовувати ужисько уректи держиво.', NULL, 5277, 'other', 'open', 'dgfInsider', 'test.quintagroup.com', '468617288.31', 'UAH', 1, '500000.00', 'UAH', '2017-10-18T12:08:19.887104+03:00', '0.00', 'UAH', 1, '2017-10-18T11:10:08.033742+03:00', '2017-10-18T11:33:47.395527+03:00', '2017-10-18T11:10:08.033742+03:00', '2017-10-18T12:08:09+03:00', '2017-10-18T11:58:09+03:00', '2017-10-18T12:08:19.853375+03:00', 'https://auction-sandbox.ea.openprocurement.org/insider-auctions/5f503ba1b2cd4b9f86e77e10c31df02e', NULL, NULL, 'unsuccessful', 1508319991, 1508319991),
('0929620904cb4827ba78cef0410496a1', 'UA-EA-2017-10-18-000025-3', NULL, 50, 'F92029763-18081', '2232/7', '2017-10-16', 7849, NULL, 'highestCost', '2017-10-18T12:09:26.550705+03:00', '[ТЕСТУВАННЯ] Відробляти проднювати самопрядка ракляцький.', 'Виправа гаїна самоук самопрядка дзуґа замішанина роґлик підсудній.', NULL, 5288, 'special', 'open', 'dgfInsider', 'test.quintagroup.com', '938659083.86', 'UAH', 1, '500000.00', 'UAH', '2017-10-18T12:09:26.550705+03:00', '0.00', 'UAH', 1, '2017-10-18T10:13:20.600164+03:00', '2017-10-18T10:35:30.972894+03:00', '2017-10-18T10:13:20.600164+03:00', '2017-10-18T11:36:06+03:00', '2017-10-18T11:26:06+03:00', '2017-10-18T11:46:37.580878+03:00', 'https://auction-sandbox.ea.openprocurement.org/insider-auctions/0929620904cb4827ba78cef0410496a1', '2017-10-18T11:46:37.626812+03:00', '2017-10-18T12:09:26.539481+03:00', 'unsuccessful', 1508319992, 1508319992),
('1c10ee08595e4e899b1fd8b3911ebcc2', 'UA-EA-2017-10-18-000029-3', NULL, 51, 'F64984387-87587', '2235/8', '2017-10-16', 7850, NULL, 'highestCost', '2017-10-18T12:13:14.945755+03:00', '[ТЕСТУВАННЯ] Скитки мужичий проднювати парастас.', 'Убраний чортиха підсмажувати парастас райдуга напасати обдарити муркотати штанці весело перегортувати таляровий попереривати оздобний.', NULL, 5394, 'other', 'open', 'dgfInsider', 'test.quintagroup.com', '860587839.54', 'UAH', 1, '500000.00', 'UAH', '2017-10-18T12:08:28.930427+03:00', '0.00', 'UAH', 1, '2017-10-18T10:36:15.372733+03:00', '2017-10-18T10:55:35.573052+03:00', '2017-10-18T10:36:15.372733+03:00', '2017-10-18T11:52:38+03:00', '2017-10-18T11:42:38+03:00', '2017-10-18T12:08:28.886766+03:00', 'https://auction-sandbox.ea.openprocurement.org/insider-auctions/1c10ee08595e4e899b1fd8b3911ebcc2', '2017-10-18T12:08:28.914040+03:00', NULL, 'active.qualification', 1508319993, 1508319993),
('d59201ccb2584ad4b481a0be9df45cfc', 'UA-EA-2017-10-18-000020-2', NULL, 52, '53364', '7785', '2017-10-06', 7851, NULL, 'highestCost', '2017-10-18T12:15:32.562842+03:00', '[ТЕСТУВАННЯ] приват 17-1', '', NULL, 5333, 'general', 'open', 'dgfInsider', 'dgf.byustudio.in.ua', '1960.00', 'UAH', 0, '98.00', 'UAH', '2017-10-18T12:15:32.289609+03:00', '0.00', 'UAH', 1, '2017-10-18T11:07:59.250945+03:00', '2017-10-18T11:16:42.857142+03:00', '2017-10-18T11:07:59.250945+03:00', '2017-10-18T11:59:41+03:00', '2017-10-18T11:49:41+03:00', '2017-10-18T12:15:32.256520+03:00', 'https://auction-sandbox.ea.openprocurement.org/insider-auctions/d59201ccb2584ad4b481a0be9df45cfc', '2017-10-18T12:15:32.275201+03:00', NULL, 'active.qualification', 1508319993, 1508319993),
('8d660dc2ef694ad29c4d47e4a8f22f16', 'UA-EA-2017-10-18-000030-3', NULL, 53, 'F67341543-28996', '2238/1', '2017-10-16', 7852, NULL, 'highestCost', '2017-10-18T12:16:03.805598+03:00', '[ТЕСТУВАННЯ] Стругнути трутизнина коханка.', 'Галичина тоскно навратитися таляровий попівський тандита підсудній.', NULL, 5334, 'general', 'open', 'dgfInsider', 'test.quintagroup.com', '546993118.59', 'UAH', 1, '500000.00', 'UAH', '2017-10-18T12:16:03.805598+03:00', '0.00', 'UAH', 1, '2017-10-18T11:00:58.725887+03:00', '2017-10-18T11:24:39.182957+03:00', '2017-10-18T11:00:58.725887+03:00', '2017-10-18T12:15:52+03:00', '2017-10-18T12:05:52+03:00', '2017-10-18T12:16:03.770480+03:00', 'https://auction-sandbox.ea.openprocurement.org/insider-auctions/8d660dc2ef694ad29c4d47e4a8f22f16', NULL, NULL, 'unsuccessful', 1508319994, 1508319994),
('52cca18378824713ba6eee8924a6524d', 'UA-EA-2017-10-18-000041-3', NULL, 54, 'F59257170-65646', '2235/5', '2017-10-16', 7853, NULL, 'highestCost', '2017-10-18T12:16:31.518171+03:00', '[ТЕСТУВАННЯ] Дик шквара борозний.', 'Огрібатися весело дерновий рахубно четверня мандрика рахубно рівець душарка поросль утинок.', NULL, 5269, 'general', 'open', 'dgfInsider', 'test.quintagroup.com', '225714185.16', 'UAH', 1, '500000.00', 'UAH', '2017-10-18T12:16:31.518171+03:00', '0.00', 'UAH', 1, '2017-10-18T11:53:32.840293+03:00', '2017-10-18T12:15:25.387177+03:00', '2017-10-18T11:53:32.840293+03:00', '2017-10-18T13:25:31+03:00', '2017-10-18T13:15:31+03:00', NULL, 'https://auction-sandbox.ea.openprocurement.org/insider-auctions/52cca18378824713ba6eee8924a6524d', NULL, NULL, 'active.auction', 1508319994, 1508319994),
('b1a96696683d4b45985169577a2438cc', 'UA-EA-2017-10-18-000038-3', NULL, 55, 'F95583500-05284', '2236/6', '2017-10-16', 7854, NULL, 'highestCost', '2017-10-18T12:16:37.265871+03:00', '[ТЕСТУВАННЯ] Виґуляри новонаставлений чепурніти кремпілець панюга.', 'Пополошити жалуватися роз\'ярятися чепурити займати тараракання поросль.', NULL, 5277, 'other', 'open', 'dgfInsider', 'test.quintagroup.com', '254073523.60', 'UAH', 1, '500000.00', 'UAH', '2017-10-18T12:16:37.265871+03:00', '0.00', 'UAH', 1, '2017-10-18T11:50:39.076461+03:00', '2017-10-18T12:12:32.076235+03:00', '2017-10-18T11:50:39.076461+03:00', '2017-10-18T13:01:19+03:00', '2017-10-18T12:51:19+03:00', NULL, 'https://auction-sandbox.ea.openprocurement.org/insider-auctions/b1a96696683d4b45985169577a2438cc', NULL, NULL, 'active.auction', 1508319995, 1508319995),
('21008cc274b14f5382b2db4fa0164294', 'UA-EA-2017-10-18-000030-2', NULL, 56, 'F45790098-35252', '2234/9', '2017-10-16', 7855, NULL, 'highestCost', '2017-10-18T12:17:33.649136+03:00', '[ТЕСТУВАННЯ] Познакомитися нороха кулага переріз.', 'Замискрити москалитися відволожувати присилити приторжити победрина поназбірувати звідси четверть усподі викот пообскрібати рутяний.', NULL, 5269, 'general', 'open', 'dgfInsider', 'test.quintagroup.com', '934124370.24', 'UAH', 1, '10275368.07', 'UAH', '2017-10-18T12:17:33.649136+03:00', '0.00', 'UAH', 1, '2017-10-18T11:52:01.108094+03:00', '2017-10-18T12:16:16.504732+03:00', '2017-10-18T11:52:01.108094+03:00', '2017-10-18T13:22:16+03:00', '2017-10-18T13:12:16+03:00', NULL, 'https://auction-sandbox.ea.openprocurement.org/insider-auctions/21008cc274b14f5382b2db4fa0164294', NULL, NULL, 'active.auction', 1508319995, 1508319995),
('8c444777532940d289bd96be0bd338d4', 'UA-EA-2017-10-18-000015-2', NULL, 57, '123/44', '1234', '2017-10-02', 7856, NULL, 'highestCost', '2017-10-18T12:17:44.479427+03:00', '18/10', '', NULL, 5398, 'general', 'open', 'dgfInsider', 'dgf.byustudio.in.ua', '5000.00', 'UAH', 0, '250.00', 'UAH', '2017-10-18T12:17:44.479427+03:00', '0.00', 'UAH', 1, '2017-10-18T10:41:13.314496+03:00', '2017-10-18T11:06:51.428571+03:00', '2017-10-18T10:41:13.314496+03:00', '2017-10-18T11:55:42+03:00', '2017-10-18T11:45:42+03:00', '2017-10-18T12:11:32.844741+03:00', 'https://auction-sandbox.ea.openprocurement.org/insider-auctions/8c444777532940d289bd96be0bd338d4', '2017-10-18T12:11:32.876055+03:00', '2017-10-18T12:15:47.030407+03:00', 'complete', 1508319996, 1508319996);
INSERT INTO `api_auctions` (`id`, `auctionID`, `tenderAttempts`, `unique_id`, `dgfID`, `dgfDecisionID`, `dgfDecisionDate`, `baseAuction_id`, `access_token`, `awardCriteria`, `dateModified`, `title`, `description`, `tenderID`, `procuringEntity_id`, `procuringEntity_kind`, `procurementMethod`, `procurementMethodType`, `owner`, `value_amount`, `value_currency`, `value_valueAddedTaxIncluded`, `guarantee_amount`, `guarantee_currency`, `date`, `minimalStep_amount`, `minimalStep_currency`, `minimalStep_valueAddedTaxIncluded`, `enquiryPeriod_startDate`, `enquiryPeriod_endDate`, `tenderPeriod_startDate`, `tenderPeriod_endDate`, `auctionPeriod_startDate`, `auctionPeriod_endDate`, `auctionUrl`, `awardPeriod_startDate`, `awardPeriod_endDate`, `status`, `created_at`, `updated_at`) VALUES
('b33b6c4ef1384a028fef229b57b864ac', 'UA-EA-2017-10-18-000034-1', NULL, 58, 'F65418278-14334', '2234/8', '2017-10-16', 7857, NULL, 'highestCost', '2017-10-18T12:17:48.810333+03:00', '[ТЕСТУВАННЯ] Моня тіснитися панюга жалуватися пальок.', 'Мовляти шалювати спонаджувати позсапувати слюзувати пахіття підсмалити випекти чортиха.', NULL, 5277, 'other', 'open', 'dgfInsider', 'test.quintagroup.com', '370846520.99', 'UAH', 1, '4079311.73', 'UAH', '2017-10-18T12:17:48.810333+03:00', '0.00', 'UAH', 1, '2017-10-18T11:51:55.183059+03:00', '2017-10-18T12:16:10.653770+03:00', '2017-10-18T11:51:55.183059+03:00', '2017-10-18T13:13:11+03:00', '2017-10-18T13:03:11+03:00', NULL, 'https://auction-sandbox.ea.openprocurement.org/insider-auctions/b33b6c4ef1384a028fef229b57b864ac', NULL, NULL, 'active.auction', 1508319996, 1508319996),
('8dd7c2d129814c2faa81f567c9890cdf', 'UA-EA-2017-10-18-000040-3', NULL, 59, 'F62131530-81485', '2231/6', '2017-10-16', 7858, NULL, 'highestCost', '2017-10-18T12:18:37.059913+03:00', '[ТЕСТУВАННЯ] Рострясти проплинути пороспікатися буба розштовхати.', 'Прокормитися штраповий кукіль буґа переплутувати тринькало новонаставлений обрубка.', NULL, 5277, 'other', 'open', 'dgfInsider', 'test.quintagroup.com', '854983460.85', 'UAH', 1, '500000.00', 'UAH', '2017-10-18T12:18:37.059913+03:00', '0.00', 'UAH', 1, '2017-10-18T11:53:27.522929+03:00', '2017-10-18T12:15:16.926062+03:00', '2017-10-18T11:53:27.522929+03:00', '2017-10-18T13:14:16+03:00', '2017-10-18T13:04:16+03:00', NULL, 'https://auction-sandbox.ea.openprocurement.org/insider-auctions/8dd7c2d129814c2faa81f567c9890cdf', NULL, NULL, 'active.auction', 1508319997, 1508319997),
('a0d167d5100a4e45a9a9aa422ab41da3', 'UA-EA-2017-10-18-000032-2', NULL, 60, 'F95576128-89119', '2236/2', '2017-10-16', 7859, NULL, 'highestCost', '2017-10-18T12:18:39.032131+03:00', '[ТЕСТУВАННЯ] Робак четверня жерлистий кізка.', 'Гаїр слюзувати переплачувати кремпілець покропити дудлик підставляти справник займати.', NULL, 5277, 'other', 'open', 'dgfInsider', 'test.quintagroup.com', '387437545.68', 'UAH', 1, '500000.00', 'UAH', '2017-10-18T12:18:39.032131+03:00', '0.00', 'UAH', 1, '2017-10-18T11:52:34.208820+03:00', '2017-10-18T12:14:26.893998+03:00', '2017-10-18T11:52:34.208820+03:00', '2017-10-18T13:05:47+03:00', '2017-10-18T12:55:47+03:00', NULL, 'https://auction-sandbox.ea.openprocurement.org/insider-auctions/a0d167d5100a4e45a9a9aa422ab41da3', NULL, NULL, 'active.auction', 1508319997, 1508319997),
('fb3abb85ddab404c95d47d07d949b0dc', 'UA-EA-2017-10-18-000029-2', NULL, 61, 'F38644203-45258', '2236/2', '2017-10-16', 7860, NULL, 'highestCost', '2017-10-18T12:19:01.414742+03:00', '[ТЕСТУВАННЯ] Іконний чужинонька погубитель.', 'Сисак біда з неціновими показниками наполягати баришок злагідно гармашний дривотень позатягати гандевери рукописний повислужувати.', NULL, 5277, 'other', 'open', 'dgfInsider', 'test.quintagroup.com', '899247204.58', 'UAH', 1, '500000.00', 'UAH', '2017-10-18T12:19:01.414742+03:00', '0.00', 'UAH', 1, '2017-10-18T11:51:25.684005+03:00', '2017-10-18T12:15:41.286334+03:00', '2017-10-18T11:51:25.684005+03:00', '2017-10-18T13:19:41+03:00', '2017-10-18T13:09:41+03:00', NULL, 'https://auction-sandbox.ea.openprocurement.org/insider-auctions/fb3abb85ddab404c95d47d07d949b0dc', NULL, NULL, 'active.auction', 1508319998, 1508319998),
('a99a89cf1d8342e5a0eff6a9756db311', 'UA-EA-2017-10-18-000028-2', NULL, 62, 'F91325092-24366', '2239/2', '2017-10-16', 7861, NULL, 'highestCost', '2017-10-18T12:19:40.834376+03:00', '[ТЕСТУВАННЯ] Держиво обліплювання випекти хобза.', 'Муравельний лютити священників штраповий страта пазуха маґерка гармашний перемовляти.', NULL, 5277, 'other', 'open', 'dgfInsider', 'test.quintagroup.com', '170037112.66', 'UAH', 1, '500000.00', 'UAH', '2017-10-18T12:19:40.834376+03:00', '0.00', 'UAH', 1, '2017-10-18T11:51:23.876795+03:00', '2017-10-18T12:15:39.697597+03:00', '2017-10-18T11:51:23.876795+03:00', '2017-10-18T13:17:35+03:00', '2017-10-18T13:07:35+03:00', NULL, 'https://auction-sandbox.ea.openprocurement.org/insider-auctions/a99a89cf1d8342e5a0eff6a9756db311', NULL, NULL, 'active.auction', 1508319998, 1508319998),
('9b87ed75f8d046ae9da0b917be74ac88', 'UA-EA-2017-10-18-000033-2', NULL, 63, 'F28590632-05952', '2238/9', '2017-10-16', 7862, NULL, 'highestCost', '2017-10-18T12:19:51.464939+03:00', '[ТЕСТУВАННЯ] Блискавка літній дзюбнути огрібатися.', 'Накотити I утинок приспа зближати тараракання байоро людиний прочолок струпливий штучний повиводити ремествувати.', NULL, 5277, 'other', 'open', 'dgfInsider', 'test.quintagroup.com', '478760271.29', 'UAH', 1, '500000.00', 'UAH', '2017-10-18T12:19:51.464939+03:00', '0.00', 'UAH', 1, '2017-10-18T11:53:30.487708+03:00', '2017-10-18T12:15:22.293532+03:00', '2017-10-18T11:53:30.487708+03:00', '2017-10-18T13:08:13+03:00', '2017-10-18T12:58:13+03:00', NULL, 'https://auction-sandbox.ea.openprocurement.org/insider-auctions/9b87ed75f8d046ae9da0b917be74ac88', NULL, NULL, 'active.auction', 1508319999, 1508319999),
('1b2efb9d3c3a4ac2b6ef9e973023b0b9', 'UA-EA-2017-10-18-000038-2', NULL, 64, 'ddsads', '765', '2017-10-17', 7863, NULL, 'highestCost', '2017-10-18T12:19:59.637783+03:00', '[ТЕСТУВАННЯ] wew', 'ewew\nТорги проводяться повторно', NULL, 675, NULL, 'open', 'dgfFinancialAssets', 'ubiz.ua', '1000.00', 'UAH', 0, '250.00', 'UAH', '2017-10-18T12:15:44.713997+03:00', '100.00', 'UAH', 0, '2017-10-18T12:15:44.713997+03:00', '2017-10-27T11:19:40+03:00', '2017-10-18T12:15:44.713997+03:00', '2017-10-27T11:19:40+03:00', '2017-10-27T12:18:10+03:00', NULL, NULL, NULL, NULL, 'active.tendering', 1508319999, 1508319999),
('59b7e991249e40fb84dda1f813d3f93c', 'UA-EA-2017-10-18-000018-2', NULL, 65, 'F24067615-58304', '2232/9', '2017-10-16', 7864, NULL, 'highestCost', '2017-10-18T12:20:05.152237+03:00', '[ТЕСТУВАННЯ] Відробляти двойлезний рдитися.', 'Сталець компанійський виправа майстерія потріпки діркуватий осердак звідси потріпки солодятко уректи друженько.', NULL, 5334, 'general', 'open', 'dgfInsider', 'test.quintagroup.com', '10616127.09', 'UAH', 1, '500000.00', 'UAH', '2017-10-18T12:20:05.152237+03:00', '0.00', 'UAH', 1, '2017-10-18T11:03:30.888941+03:00', '2017-10-18T11:27:49.468437+03:00', '2017-10-18T11:03:30.888941+03:00', '2017-10-18T12:19:54+03:00', '2017-10-18T12:09:54+03:00', '2017-10-18T12:20:05.114142+03:00', 'https://auction-sandbox.ea.openprocurement.org/insider-auctions/59b7e991249e40fb84dda1f813d3f93c', NULL, NULL, 'unsuccessful', 1508320000, 1508320000),
('1fbeca3e9b8546b88a8a7a72d24988b6', 'UA-EA-2017-10-18-000033-1', NULL, 66, 'F87815461-50840', '2235/5', '2017-10-16', 7865, NULL, 'highestCost', '2017-10-18T12:20:10.876885+03:00', '[ТЕСТУВАННЯ] Доборотися чортиха голубаня мнишки.', 'Надкусити здирати попороскошувати затасувати мужичий загалаванитися здирати матюнка.', NULL, 5288, 'special', 'open', 'dgfInsider', 'test.quintagroup.com', '566197927.97', 'UAH', 1, '500000.00', 'UAH', '2017-10-18T12:20:10.876885+03:00', '0.00', 'UAH', 1, '2017-10-18T11:51:24.724402+03:00', '2017-10-18T12:15:40.749751+03:00', '2017-10-18T11:51:24.724402+03:00', '2017-10-18T13:11:47+03:00', '2017-10-18T13:01:47+03:00', NULL, 'https://auction-sandbox.ea.openprocurement.org/insider-auctions/1fbeca3e9b8546b88a8a7a72d24988b6', NULL, NULL, 'active.auction', 1508320000, 1508320000),
('91517c59d7324104b30ac65bfb374eb8', 'UA-EA-2017-10-18-000031-2', NULL, 67, 'F96383843-43892', '2231/4', '2017-10-16', 7866, NULL, 'highestCost', '2017-10-18T12:20:52.787307+03:00', '[ТЕСТУВАННЯ] Докука понадрубувати роз\'ярятися.', 'Хапанина іконний парастас поназбірувати чекман слідити вивагом.', NULL, 5288, 'special', 'open', 'dgfInsider', 'test.quintagroup.com', '700327158.48', 'UAH', 1, '7703598.74', 'UAH', '2017-10-18T12:20:52.787307+03:00', '0.00', 'UAH', 1, '2017-10-18T11:52:02.453539+03:00', '2017-10-18T12:16:17.597626+03:00', '2017-10-18T11:52:02.453539+03:00', '2017-10-18T13:20:59+03:00', '2017-10-18T13:10:59+03:00', NULL, 'https://auction-sandbox.ea.openprocurement.org/insider-auctions/91517c59d7324104b30ac65bfb374eb8', NULL, NULL, 'active.auction', 1508320001, 1508320001),
('87ac5a3ddbcd46bca96fc7973d4487ed', 'UA-EA-2017-10-18-000027-1', NULL, 68, 'F74051926-74442', '2233/2', '2017-10-16', 7867, NULL, 'highestCost', '2017-10-18T12:21:44.701173+03:00', '[ТЕСТУВАННЯ] Соненько горіський.', 'Наполягати покоржавіти мріти зближати потаска мужичий слідити руненце моня порочно згучатися.', NULL, 5288, 'special', 'open', 'dgfInsider', 'test.quintagroup.com', '400435222.07', 'UAH', 1, '500000.00', 'UAH', '2017-10-18T12:21:44.701173+03:00', '0.00', 'UAH', 1, '2017-10-18T11:09:06.182379+03:00', '2017-10-18T11:32:45.776074+03:00', '2017-10-18T11:09:06.182379+03:00', '2017-10-18T12:21:34+03:00', '2017-10-18T12:11:34+03:00', '2017-10-18T12:21:44.670513+03:00', 'https://auction-sandbox.ea.openprocurement.org/insider-auctions/87ac5a3ddbcd46bca96fc7973d4487ed', NULL, NULL, 'unsuccessful', 1508320001, 1508320001),
('d5face44510942ac8ca45f6c7a4df422', 'UA-EA-2017-10-18-000016-2', NULL, 69, '5-96/75', '9863251', '2017-08-16', 7868, NULL, 'highestCost', '2017-10-18T12:23:34.258103+03:00', '[ТЕСТУВАННЯ] приват 17-2', '', NULL, 5333, 'general', 'open', 'dgfInsider', 'dgf.byustudio.in.ua', '1960.00', 'UAH', 0, '98.00', 'UAH', '2017-10-18T11:57:26.748947+03:00', '0.00', 'UAH', 1, '2017-10-18T10:53:09.567182+03:00', '2017-10-18T11:01:55.714285+03:00', '2017-10-18T10:53:09.567182+03:00', '2017-10-18T11:41:35+03:00', '2017-10-18T11:31:35+03:00', '2017-10-18T11:57:26.712098+03:00', 'https://auction-sandbox.ea.openprocurement.org/insider-auctions/d5face44510942ac8ca45f6c7a4df422', '2017-10-18T11:57:26.734479+03:00', NULL, 'active.qualification', 1508320002, 1508320002),
('29640ff669354c5d802fe3073eed247a', 'UA-EA-2017-10-18-000024-1', NULL, 70, 'F64187152-83752', '2231/2', '2017-10-16', 7869, NULL, 'highestCost', '2017-10-18T12:25:11.287341+03:00', '[ТЕСТУВАННЯ] Зажати пальок очевидьки чудар.', 'Обшити присилити вистріпати зніматися сколоти клямати покропити надовбати докука дрова.', NULL, 5277, 'other', 'open', 'dgfInsider', 'test.quintagroup.com', '171866944.65', 'UAH', 1, '500000.00', 'UAH', '2017-10-18T12:25:11.287341+03:00', '0.00', 'UAH', 1, '2017-10-18T10:34:35.751584+03:00', '2017-10-18T10:58:54.639270+03:00', '2017-10-18T10:34:35.751584+03:00', '2017-10-18T12:01:39+03:00', '2017-10-18T11:51:39+03:00', '2017-10-18T12:17:29.859078+03:00', 'https://auction-sandbox.ea.openprocurement.org/insider-auctions/29640ff669354c5d802fe3073eed247a', '2017-10-18T12:17:29.885835+03:00', '2017-10-18T12:25:11.283908+03:00', 'unsuccessful', 1508320002, 1508320002),
('0b31ca8532634aad9de5fdad69266ac4', 'UA-EA-2017-10-18-000017-2', NULL, 71, 'F52455239-02830', '2235/6', '2017-10-16', 7870, NULL, 'highestCost', '2017-10-18T12:26:32.832102+03:00', '[ТЕСТУВАННЯ] Призначати цвірінь слюзувати покволом.', 'Кізка прошколярувати покотити муравельний обдарити докандибити здирати убраний недомова підстолини опадати охотка атака переплачувати.', NULL, 5277, 'other', 'open', 'dgfInsider', 'test.quintagroup.com', '836745373.93', 'UAH', 1, '500000.00', 'UAH', '2017-10-18T12:26:32.832102+03:00', '0.00', 'UAH', 1, '2017-10-18T11:03:13.361517+03:00', '2017-10-18T11:27:28.843573+03:00', '2017-10-18T11:03:13.361517+03:00', '2017-10-18T12:11:21+03:00', '2017-10-18T12:01:21+03:00', '2017-10-18T12:21:51.661342+03:00', 'https://auction-sandbox.ea.openprocurement.org/insider-auctions/0b31ca8532634aad9de5fdad69266ac4', '2017-10-18T12:21:51.690333+03:00', '2017-10-18T12:26:32.816819+03:00', 'unsuccessful', 1508320003, 1508320003),
('bb12c79119bb47359b82839632915052', 'UA-EA-2017-10-18-000043-3', NULL, 72, 'F29464621-25840', '2234/7', '2017-10-16', 7871, NULL, 'highestCost', '2017-10-18T12:27:10.864427+03:00', '[ТЕСТУВАННЯ] Нать галаснути погубитель любомудр виламуватися.', 'Недоношениця перестрах аркан виречи роґлик нать притягати поросль.', NULL, 5277, 'other', 'open', 'dgfInsider', 'test.quintagroup.com', '203237097.85', 'UAH', 1, '500000.00', 'UAH', '2017-10-18T12:27:10.864427+03:00', '0.00', 'UAH', 1, '2017-10-18T12:00:53.745855+03:00', '2017-10-18T12:25:09.720263+03:00', '2017-10-18T12:00:53.745855+03:00', '2017-10-18T13:29:23+03:00', '2017-10-18T13:19:23+03:00', NULL, 'https://auction-sandbox.ea.openprocurement.org/insider-auctions/bb12c79119bb47359b82839632915052', NULL, NULL, 'active.auction', 1508320004, 1508320004),
('2f6a08917ac648af94fb57a699a2128a', 'UA-EA-2017-10-18-000045-3', NULL, 73, 'F20422471-07562', '2233/7', '2017-10-16', 7872, NULL, 'highestCost', '2017-10-18T12:28:06.889746+03:00', '[ТЕСТУВАННЯ] Обаринок дихало вісімка.', 'Гаріль соненько бродити переріз удень дзуґа вісімка відрубність дивовизія борозний відмащувати кишкатий.', NULL, 5288, 'special', 'open', 'dgfInsider', 'test.quintagroup.com', '435790831.83', 'UAH', 1, '500000.00', 'UAH', '2017-10-18T12:27:20.095763+03:00', '0.00', 'UAH', 1, '2017-10-18T12:27:20.095763+03:00', '2017-10-18T12:51:34.832825+03:00', '2017-10-18T12:27:20.095763+03:00', '2017-10-18T14:00:35+03:00', '2017-10-18T13:50:35+03:00', NULL, NULL, NULL, NULL, 'active.tendering', 1508320004, 1508320004),
('c43fbb89287a4ac0bd763f3b9866613d', 'UA-EA-2017-10-18-000035-2', NULL, 74, 'F54104283-89255', '2238/6', '2017-10-16', 7873, NULL, 'highestCost', '2017-10-18T12:29:06.936170+03:00', '[ТЕСТУВАННЯ] Солодятко фарисей кикати мимо.', 'Золотокрилий шалювати жалуватися слідити походистий ланя опадати дерновий аркан утиритися.', NULL, 5277, 'other', 'open', 'dgfInsider', 'test.quintagroup.com', '135532451.50', 'UAH', 1, '500000.00', 'UAH', '2017-10-18T12:29:06.936170+03:00', '0.00', 'UAH', 1, '2017-10-18T12:06:17.452666+03:00', '2017-10-18T12:28:07.756694+03:00', '2017-10-18T12:06:17.452666+03:00', '2017-10-18T13:13:43+03:00', '2017-10-18T13:03:43+03:00', NULL, 'https://auction-sandbox.ea.openprocurement.org/insider-auctions/c43fbb89287a4ac0bd763f3b9866613d', NULL, NULL, 'active.auction', 1508320005, 1508320005),
('5c64bf50752c43f5bc222c07c1628e6c', 'UA-EA-2017-10-18-000046-3', NULL, 75, 'F47638072-78827', '2238/6', '2017-10-16', 7874, NULL, 'highestCost', '2017-10-18T12:29:12.971350+03:00', '[ТЕСТУВАННЯ] А Кто Ето Сделал? підсудній приймачка.', 'Прожерливий горіський повислужувати шамшити дітки жмикрутський біда з неціновими показниками надкусити облізок кованка друженько.', NULL, 5277, 'other', 'open', 'dgfInsider', 'test.quintagroup.com', '356174638.55', 'UAH', 1, '500000.00', 'UAH', '2017-10-18T12:27:27.210527+03:00', '0.00', 'UAH', 1, '2017-10-18T12:27:27.210527+03:00', '2017-10-18T12:51:41.974500+03:00', '2017-10-18T12:27:27.210527+03:00', '2017-10-18T13:51:33+03:00', '2017-10-18T13:41:33+03:00', NULL, NULL, NULL, NULL, 'active.tendering', 1508320005, 1508320005),
('237279676a5f436e8aa84af94663c744', 'UA-EA-2017-10-18-000042-3', NULL, 76, 'F45539477-29095', '2237/2', '2017-10-16', 7875, NULL, 'highestCost', '2017-10-18T12:29:24.383449+03:00', '[ТЕСТУВАННЯ] Штанці покволом імшедь убраний.', 'Коректа шквара прогреміти відчалювати гарбариха робак замішанина ураз II порозгризати порхавка буніти самоук гаріль пошкарубитися.', NULL, 5269, 'general', 'open', 'dgfInsider', 'test.quintagroup.com', '990831007.23', 'UAH', 1, '500000.00', 'UAH', '2017-10-18T12:29:24.383449+03:00', '0.00', 'UAH', 1, '2017-10-18T12:00:53.311333+03:00', '2017-10-18T12:25:09.235510+03:00', '2017-10-18T12:00:53.311333+03:00', '2017-10-18T13:15:32+03:00', '2017-10-18T13:05:32+03:00', NULL, 'https://auction-sandbox.ea.openprocurement.org/insider-auctions/237279676a5f436e8aa84af94663c744', NULL, NULL, 'active.auction', 1508320006, 1508320006),
('527c4b63559b4d6b8bea1512cb69f2cc', 'UA-EA-2017-10-18-000034-2', NULL, 77, 'F24337889-10802', '2239/9', '2017-10-16', 7876, NULL, 'highestCost', '2017-10-18T12:29:42.420431+03:00', '[ТЕСТУВАННЯ] Чекман намаврати горіський.', 'Облізок змерлий загатистий охотка уеднати лаверджет підставляти.', NULL, 5277, 'other', 'open', 'dgfInsider', 'test.quintagroup.com', '401243926.15', 'UAH', 1, '500000.00', 'UAH', '2017-10-18T12:29:42.420431+03:00', '0.00', 'UAH', 1, '2017-10-18T12:05:36.206416+03:00', '2017-10-18T12:28:52.279741+03:00', '2017-10-18T12:05:36.206416+03:00', '2017-10-18T13:30:40+03:00', '2017-10-18T13:20:40+03:00', NULL, 'https://auction-sandbox.ea.openprocurement.org/insider-auctions/527c4b63559b4d6b8bea1512cb69f2cc', NULL, NULL, 'active.auction', 1508320006, 1508320006),
('aeefdd93649b4de98ae42e89034150f2', 'UA-EA-2017-10-18-000035-1', NULL, 78, 'F67874041-94846', '2235/5', '2017-10-16', 7877, NULL, 'highestCost', '2017-10-18T12:29:55.676367+03:00', '[ТЕСТУВАННЯ] Морща убраний джупельце чепурніти досипатися I.', 'Попереривати фльорес попороскошувати курча вимастити чепурніти литися рахубно підбурити.', NULL, 5277, 'other', 'open', 'dgfInsider', 'test.quintagroup.com', '262841718.55', 'UAH', 1, '500000.00', 'UAH', '2017-10-18T12:29:55.676367+03:00', '0.00', 'UAH', 1, '2017-10-18T12:00:44.932778+03:00', '2017-10-18T12:25:00.492380+03:00', '2017-10-18T12:00:44.932778+03:00', '2017-10-18T13:18:55+03:00', '2017-10-18T13:08:55+03:00', NULL, 'https://auction-sandbox.ea.openprocurement.org/insider-auctions/aeefdd93649b4de98ae42e89034150f2', NULL, NULL, 'active.auction', 1508320007, 1508320007),
('8c6510da0a2d455ea39a91bc90c9dd20', 'UA-EA-2017-10-18-000031-3', NULL, 79, 'F21595494-53261', '2238/8', '2017-10-16', 7878, NULL, 'highestCost', '2017-10-18T12:30:31.391364+03:00', '[ТЕСТУВАННЯ] Фльорес тараракання грюк II.', 'Повирячувати відом дзуґа свистіння жидел запащекувати недоношениця висповідатися упімнути.', NULL, 5277, 'other', 'open', 'dgfInsider', 'test.quintagroup.com', '91842417.90', 'UAH', 1, '500000.00', 'UAH', '2017-10-18T12:30:31.391364+03:00', '0.00', 'UAH', 1, '2017-10-18T11:07:21.602355+03:00', '2017-10-18T11:31:33.393642+03:00', '2017-10-18T11:07:21.602355+03:00', '2017-10-18T12:14:10+03:00', '2017-10-18T12:04:10+03:00', '2017-10-18T12:24:40.997665+03:00', 'https://auction-sandbox.ea.openprocurement.org/insider-auctions/8c6510da0a2d455ea39a91bc90c9dd20', '2017-10-18T12:24:41.032178+03:00', '2017-10-18T12:30:31.388135+03:00', 'unsuccessful', 1508320007, 1508320007),
('32798ed2727a43e68d6b0fa80001cd43', 'UA-EA-2017-10-18-000032-3', NULL, 80, 'F59495077-79983', '2232/9', '2017-10-16', 7879, NULL, 'highestCost', '2017-10-18T12:30:51.898478+03:00', '[ТЕСТУВАННЯ] Виґуляри муравельний присилити.', 'Набірати зажати руненце бердник виламуватися осердак погубитель новонаставлений літній вісімка драб перший.', NULL, 5288, 'special', 'open', 'dgfInsider', 'test.quintagroup.com', '443578368.65', 'UAH', 1, '500000.00', 'UAH', '2017-10-18T12:30:51.898478+03:00', '0.00', 'UAH', 1, '2017-10-18T11:07:23.183707+03:00', '2017-10-18T11:31:37.429635+03:00', '2017-10-18T11:07:23.183707+03:00', '2017-10-18T12:30:41+03:00', '2017-10-18T12:20:41+03:00', '2017-10-18T12:30:51.838556+03:00', 'https://auction-sandbox.ea.openprocurement.org/insider-auctions/32798ed2727a43e68d6b0fa80001cd43', NULL, NULL, 'unsuccessful', 1508320008, 1508320008),
('ade3a54d8aad45129dacb7dead1345c5', 'UA-EA-2017-10-18-000038-1', NULL, 81, 'F56885779-31068', '2239/4', '2017-10-16', 7880, NULL, 'highestCost', '2017-10-18T12:31:47.585832+03:00', '[ТЕСТУВАННЯ] Вилічка помер варівний розжарити голубаня.', 'Захмурытыся уторжитися за-що-раз подружка дитинонька дуранляси відволожувати прикриватися пороспікатися відчалювати.', NULL, 5277, 'other', 'open', 'dgfInsider', 'test.quintagroup.com', '916011701.85', 'UAH', 1, '500000.00', 'UAH', '2017-10-18T12:27:27.741552+03:00', '0.00', 'UAH', 1, '2017-10-18T12:27:27.741552+03:00', '2017-10-18T12:51:42.584601+03:00', '2017-10-18T12:27:27.741552+03:00', '2017-10-18T13:47:55+03:00', '2017-10-18T13:37:55+03:00', NULL, NULL, NULL, NULL, 'active.tendering', 1508320008, 1508320008),
('a295d96e63e04790af2b4a6388163742', 'UA-EA-2017-10-18-000044-3', NULL, 82, 'F11884696-78155', '2231/5', '2017-10-16', 7881, NULL, 'highestCost', '2017-10-18T12:31:58.415590+03:00', '[ТЕСТУВАННЯ] Очиська маґерка кантурь сталець.', 'Обгуркати гаріль зніматися пороспорюватися роз\'ярятися підрийка чужинонька голубаня победрина порочно гильце борозний.', NULL, 5277, 'other', 'open', 'dgfInsider', 'test.quintagroup.com', '999707072.18', 'UAH', 1, '500000.00', 'UAH', '2017-10-18T12:31:58.415590+03:00', '0.00', 'UAH', 1, '2017-10-18T12:08:08.371190+03:00', '2017-10-18T12:29:58.278777+03:00', '2017-10-18T12:08:08.371190+03:00', '2017-10-18T13:11:20+03:00', '2017-10-18T13:01:20+03:00', NULL, 'https://auction-sandbox.ea.openprocurement.org/insider-auctions/a295d96e63e04790af2b4a6388163742', NULL, NULL, 'active.auction', 1508320009, 1508320009),
('125751b3c56e44b19f984c107d4ef152', 'UA-EA-2017-10-18-000034-3', NULL, 83, 'F91944919-53524', '2234/2', '2017-10-16', 7882, NULL, 'highestCost', '2017-10-18T12:32:03.113370+03:00', '[ТЕСТУВАННЯ] Штраповий хрестик ушнипитися.', 'Мріти обдимати тіснитися ошаліти подокурювати надкусити упімнути надовбати гривенний галичина спускати.', NULL, 5288, 'special', 'open', 'dgfInsider', 'test.quintagroup.com', '407205361.22', 'UAH', 1, '500000.00', 'UAH', '2017-10-18T12:30:02.680088+03:00', '0.00', 'UAH', 1, '2017-10-18T11:17:31.282600+03:00', '2017-10-18T11:39:29.284941+03:00', '2017-10-18T11:17:31.282600+03:00', '2017-10-18T12:14:11+03:00', '2017-10-18T12:04:11+03:00', '2017-10-18T12:30:02.626355+03:00', 'https://auction-sandbox.ea.openprocurement.org/insider-auctions/125751b3c56e44b19f984c107d4ef152', '2017-10-18T12:30:02.660397+03:00', NULL, 'active.qualification', 1508320009, 1508320009),
('218f93c0d8964e469590a58be7d109ec', 'UA-EA-2017-10-18-000036-1', NULL, 84, 'F91305643-59647', '2237/9', '2017-10-16', 7883, NULL, 'highestCost', '2017-10-18T12:32:06.590446+03:00', '[ТЕСТУВАННЯ] Дідизний подружка закут штанці.', 'Грюк Ii обдарити шквара гупалка осердак пропищати ушнипитися ошаліти приїздний буніти.', NULL, 5288, 'special', 'open', 'dgfInsider', 'test.quintagroup.com', '55960115.16', 'UAH', 1, '500000.00', 'UAH', '2017-10-18T12:32:06.590446+03:00', '0.00', 'UAH', 1, '2017-10-18T12:06:18.526250+03:00', '2017-10-18T12:28:08.471796+03:00', '2017-10-18T12:06:18.526250+03:00', '2017-10-18T13:31:07+03:00', '2017-10-18T13:21:07+03:00', NULL, 'https://auction-sandbox.ea.openprocurement.org/insider-auctions/218f93c0d8964e469590a58be7d109ec', NULL, NULL, 'active.auction', 1508320010, 1508320010),
('10355cd4d47c4c2e8d10b446205e761d', 'UA-EA-2017-10-18-000030-1', NULL, 85, 'F56512082-46345', '2231/9', '2017-10-16', 7884, NULL, 'highestCost', '2017-10-18T12:32:46.011534+03:00', '[ТЕСТУВАННЯ] Жалуватися гандевери страта.', 'Відсаджувати рідкий справність райдуга простирядно галаснути білошка муничитися зросливий уеднати розжарити ласкавий литися фарфур.', NULL, 5277, 'other', 'open', 'dgfInsider', 'test.quintagroup.com', '588504361.10', 'UAH', 1, '500000.00', 'UAH', '2017-10-18T12:32:45.665806+03:00', '0.00', 'UAH', 1, '2017-10-18T11:17:27.722894+03:00', '2017-10-18T11:39:23.722235+03:00', '2017-10-18T11:17:27.722894+03:00', '2017-10-18T12:16:55+03:00', '2017-10-18T12:06:55+03:00', '2017-10-18T12:32:45.603245+03:00', 'https://auction-sandbox.ea.openprocurement.org/insider-auctions/10355cd4d47c4c2e8d10b446205e761d', '2017-10-18T12:32:45.646970+03:00', NULL, 'active.qualification', 1508320010, 1508320010),
('cca6b8c1ea154844b4eff69b04cd3eb8', 'UA-EA-2017-10-18-000047-3', NULL, 86, 'F99185189-76140', '2238/6', '2017-10-16', 7885, NULL, 'highestCost', '2017-10-18T12:33:20.585886+03:00', '[ТЕСТУВАННЯ] Четверня хобза карасір коськання.', 'Свид пазуха переділка потріпки прихапцем можновладник обдимати баришок муничитися прихапцем прикриватися.', NULL, 5277, 'other', 'open', 'dgfInsider', 'test.quintagroup.com', '687101142.41', 'UAH', 1, '500000.00', 'UAH', '2017-10-18T12:28:29.617235+03:00', '0.00', 'UAH', 1, '2017-10-18T12:28:29.617235+03:00', '2017-10-18T12:52:40.813005+03:00', '2017-10-18T12:28:29.617235+03:00', '2017-10-18T13:54:54+03:00', '2017-10-18T13:44:54+03:00', NULL, NULL, NULL, NULL, 'active.tendering', 1508320011, 1508320011),
('aae76e39ff884fffa0ee1df3e0fa9b0d', 'UA-EA-2017-10-18-000021-2', NULL, 87, 'F77012776-29254', '2239/1', '2017-10-16', 7886, NULL, 'highestCost', '2017-10-18T12:33:55.729868+03:00', '[ТЕСТУВАННЯ] Подокурювати докандибити.', 'Аркан вилічка замискрити закуштрати клямати утинок чекман багатолотовий корупціон з неціновими показниками тіснитися.', NULL, 5277, 'other', 'open', 'dgfInsider', 'test.quintagroup.com', '925352927.84', 'UAH', 1, '500000.00', 'UAH', '2017-10-18T12:33:55.729868+03:00', '0.00', 'UAH', 1, '2017-10-18T11:10:11.545244+03:00', '2017-10-18T11:33:51.355584+03:00', '2017-10-18T11:10:11.545244+03:00', '2017-10-18T12:33:45+03:00', '2017-10-18T12:23:45+03:00', '2017-10-18T12:33:55.698977+03:00', 'https://auction-sandbox.ea.openprocurement.org/insider-auctions/aae76e39ff884fffa0ee1df3e0fa9b0d', NULL, NULL, 'unsuccessful', 1508320011, 1508320011),
('053c3a0cedec4d85951b53d79521f5a7', 'UA-EA-2017-10-18-000036-2', NULL, 88, 'F91332047-40410', '2236/6', '2017-10-16', 7887, NULL, 'highestCost', '2017-10-18T12:34:17.920220+03:00', '[ТЕСТУВАННЯ] Цирка держиво хрестик сиротюк.', 'Чортиха потіпаха обдимати осмолювати гаїр кикати перестрах упімнути.', NULL, 5269, 'general', 'open', 'dgfInsider', 'test.quintagroup.com', '221937643.10', 'UAH', 1, '500000.00', 'UAH', '2017-10-18T12:34:17.920220+03:00', '0.00', 'UAH', 1, '2017-10-18T12:09:52.021808+03:00', '2017-10-18T12:33:24.643083+03:00', '2017-10-18T12:09:52.021808+03:00', '2017-10-18T13:11:28+03:00', '2017-10-18T13:01:28+03:00', NULL, 'https://auction-sandbox.ea.openprocurement.org/insider-auctions/053c3a0cedec4d85951b53d79521f5a7', NULL, NULL, 'active.auction', 1508320012, 1508320012),
('5106dd5902e64c5db3cb051803c87587', 'UA-EA-2017-10-18-000019-2', NULL, 89, 'F82275030-57356', '2237/4', '2017-10-16', 7888, NULL, 'highestCost', '2017-10-18T12:36:10.900470+03:00', '[ТЕСТУВАННЯ] Солодятко курча тудою.', 'Ядерний підставляти фик скандзюбити обгуркати псалтирка подокурювати грун здиміти.', NULL, 5288, 'special', 'open', 'dgfInsider', 'test.quintagroup.com', '770336925.10', 'UAH', 1, '500000.00', 'UAH', '2017-10-18T12:36:10.900470+03:00', '0.00', 'UAH', 1, '2017-10-18T11:07:24.985449+03:00', '2017-10-18T11:31:39.233540+03:00', '2017-10-18T11:07:24.985449+03:00', '2017-10-18T12:12:04+03:00', '2017-10-18T12:02:04+03:00', '2017-10-18T12:27:54.947302+03:00', 'https://auction-sandbox.ea.openprocurement.org/insider-auctions/5106dd5902e64c5db3cb051803c87587', '2017-10-18T12:27:54.969480+03:00', '2017-10-18T12:36:10.888753+03:00', 'unsuccessful', 1508320012, 1508320012),
('aa416cb48d5a4780819d075339e47e90', 'UA-EA-2017-10-18-000026-2', NULL, 90, 'F36247340-99965', '2231/3', '2017-10-16', 7889, NULL, 'highestCost', '2017-10-18T12:36:35.079192+03:00', '[ТЕСТУВАННЯ] Накрашувати підставляти чом зажати.', 'Заселювати обрубка муркотати зчарувати намаврати курча вимастити обдарити можновладник гостиночка страта байоро.', NULL, 5288, 'special', 'open', 'dgfInsider', 'test.quintagroup.com', '663585160.69', 'UAH', 1, '500000.00', 'UAH', '2017-10-18T12:04:37.273288+03:00', '0.00', 'UAH', 1, '2017-10-18T11:39:25.775131+03:00', '2017-10-18T12:03:40.144136+03:00', '2017-10-18T11:39:25.775131+03:00', '2017-10-18T12:45:00+03:00', '2017-10-18T12:35:00+03:00', NULL, 'https://auction-sandbox.ea.openprocurement.org/insider-auctions/aa416cb48d5a4780819d075339e47e90', NULL, NULL, 'active.auction', 1508320013, 1508320013),
('6bfbbae86c924c2297b04127b9d1c2e9', 'UA-EA-2017-10-18-000029-1', NULL, 91, 'F68069338-48022', '2239/5', '2017-10-16', 7890, NULL, 'highestCost', '2017-10-18T12:37:05.520334+03:00', '[ТЕСТУВАННЯ] Чортячий призначати багатолотовий корупціон з неціновими показниками.', 'Гущ ракляцький пальок поперепалюватися пооблапувати байоро шалювати.', NULL, 5420, 'other', 'open', 'dgfInsider', 'test.quintagroup.com', '405642289.87', 'UAH', 1, '500000.00', 'UAH', '2017-10-18T12:37:05.520334+03:00', '0.00', 'UAH', 1, '2017-10-18T11:11:07.032169+03:00', '2017-10-18T11:34:09.657930+03:00', '2017-10-18T11:11:07.032169+03:00', '2017-10-18T12:20:14+03:00', '2017-10-18T12:10:14+03:00', '2017-10-18T12:30:44.671682+03:00', 'https://auction-sandbox.ea.openprocurement.org/insider-auctions/6bfbbae86c924c2297b04127b9d1c2e9', '2017-10-18T12:30:44.697467+03:00', '2017-10-18T12:37:05.509186+03:00', 'unsuccessful', 1508320013, 1508320013),
('30d3fab41ee644c1a83b593e553732f3', 'UA-EA-2017-10-18-000024-2', NULL, 92, 'F58136482-59648', '2237/1', '2017-10-16', 7891, NULL, 'highestCost', '2017-10-18T12:37:38.244293+03:00', '[ТЕСТУВАННЯ] Кіска відмащувати висмівати лаверджет.', 'Джупельце парастас держиво підсудній пооблапувати удень наємець.', NULL, 5269, 'general', 'open', 'dgfInsider', 'test.quintagroup.com', '720576206.79', 'UAH', 1, '500000.00', 'UAH', '2017-10-18T12:06:48.522441+03:00', '0.00', 'UAH', 1, '2017-10-18T11:37:40.694326+03:00', '2017-10-18T12:01:57.377934+03:00', '2017-10-18T11:37:40.694326+03:00', '2017-10-18T12:46:05+03:00', '2017-10-18T12:36:05+03:00', NULL, 'https://auction-sandbox.ea.openprocurement.org/insider-auctions/30d3fab41ee644c1a83b593e553732f3', NULL, NULL, 'active.auction', 1508320014, 1508320014),
('80488ec196164027bb6401aea2f0db75', 'UA-EA-2017-10-18-000027-2', NULL, 93, 'F51462291-01761', '2236/1', '2017-10-16', 7892, NULL, 'highestCost', '2017-10-18T12:46:28.893303+03:00', '[ТЕСТУВАННЯ] Замискрити відволожувати.', 'Повирячувати гаїр імшедь поперепалюватися простирядно покотити зніматися пообскрібати паливо виречи злизувати.', NULL, 5277, 'other', 'open', 'dgfInsider', 'test.quintagroup.com', '197490268.75', 'UAH', 1, '500000.00', 'UAH', '2017-10-18T12:46:28.893303+03:00', '0.00', 'UAH', 1, '2017-10-18T11:40:46.370223+03:00', '2017-10-18T12:02:41.009592+03:00', '2017-10-18T11:40:46.370223+03:00', '2017-10-18T12:46:18+03:00', '2017-10-18T12:36:18+03:00', '2017-10-18T12:46:28.862421+03:00', 'https://auction-sandbox.ea.openprocurement.org/insider-auctions/80488ec196164027bb6401aea2f0db75', NULL, NULL, 'unsuccessful', 1508320014, 1508320014),
('ddfb0d42db14413cb2f6ddc1d243022c', 'UA-EA-2017-10-18-000037-1', NULL, 94, 'F59277616-55317', '2232/1', '2017-10-16', 7893, NULL, 'highestCost', '2017-10-18T12:39:48.016334+03:00', '[ТЕСТУВАННЯ] Ужисько позасолоджувати нечулий.', 'Чуркати ядерний киць коректа зросливий прокадити варіянт лаверджет компанійський нечесаний відхвалюватися.', NULL, 5269, 'general', 'open', 'dgfInsider', 'test.quintagroup.com', '113584630.77', 'UAH', 1, '500000.00', 'UAH', '2017-10-18T12:39:48.016334+03:00', '0.00', 'UAH', 1, '2017-10-18T12:14:16.350208+03:00', '2017-10-18T12:36:03.834536+03:00', '2017-10-18T12:14:16.350208+03:00', '2017-10-18T13:15:24+03:00', '2017-10-18T13:05:24+03:00', NULL, 'https://auction-sandbox.ea.openprocurement.org/insider-auctions/ddfb0d42db14413cb2f6ddc1d243022c', NULL, NULL, 'active.auction', 1508320015, 1508320015),
('d19c76ac83014b6995293f1934c30c5a', 'UA-EA-2017-10-18-000028-1', NULL, 95, 'F12995619-64291', '2233/2', '2017-10-16', 7894, NULL, 'highestCost', '2017-10-18T12:40:22.279663+03:00', '[ТЕСТУВАННЯ] Утиритися пропищати обгравати.', 'Вивагом позламувати поросль сокирник муничитися шабатурка обдимати киць хвиґа лаверджет заволочити.', NULL, 5420, 'general', 'open', 'dgfInsider', 'test.quintagroup.com', '471752509.98', 'UAH', 1, '500000.00', 'UAH', '2017-10-18T12:40:22.279663+03:00', '0.00', 'UAH', 1, '2017-10-18T11:10:44.756992+03:00', '2017-10-18T11:33:47.468059+03:00', '2017-10-18T11:10:44.756992+03:00', '2017-10-18T12:22:08+03:00', '2017-10-18T12:12:08+03:00', '2017-10-18T12:32:40.535871+03:00', 'https://auction-sandbox.ea.openprocurement.org/insider-auctions/d19c76ac83014b6995293f1934c30c5a', '2017-10-18T12:32:40.568063+03:00', '2017-10-18T12:40:22.268397+03:00', 'unsuccessful', 1508320015, 1508320015),
('8b17068a25e3470c8cd8935a51526ffa', 'UA-EA-2017-10-18-000039-3', NULL, 96, 'F15129926-14486', '2237/7', '2017-10-16', 7895, NULL, 'highestCost', '2017-10-18T12:41:00.882672+03:00', '[ТЕСТУВАННЯ] Усподі здиміти горіський.', 'Призначати кишкатий здиміти коськання зближати викот згучатися фарфур випекти.', NULL, 5269, 'general', 'open', 'dgfInsider', 'test.quintagroup.com', '903717555.54', 'UAH', 1, '500000.00', 'UAH', '2017-10-18T12:13:40.089539+03:00', '0.00', 'UAH', 1, '2017-10-18T11:50:51.583864+03:00', '2017-10-18T12:12:44.966363+03:00', '2017-10-18T11:50:51.583864+03:00', '2017-10-18T12:49:41+03:00', '2017-10-18T12:39:41+03:00', NULL, 'https://auction-sandbox.ea.openprocurement.org/insider-auctions/8b17068a25e3470c8cd8935a51526ffa', NULL, NULL, 'active.auction', 1508320016, 1508320016),
('000135f29933449aace31652c94dacff', 'UA-EA-2017-10-18-000032-1', NULL, 97, 'F32734295-58064', '2238/1', '2017-10-16', 7896, NULL, 'highestCost', '2017-10-18T12:42:30.284023+03:00', '[ТЕСТУВАННЯ] Облагодити загалаванитися потіпаха базікало.', 'Бердник солодкомовний голубаня гарбариха штраповий литися прошколярувати ошпарити шквара недоношениця киць обгуркати гандевери.', NULL, 5269, 'general', 'open', 'dgfInsider', 'test.quintagroup.com', '364586149.55', 'UAH', 1, '500000.00', 'UAH', '2017-10-18T12:05:53.999536+03:00', '0.00', 'UAH', 1, '2017-10-18T11:37:50.041888+03:00', '2017-10-18T12:02:06.803576+03:00', '2017-10-18T11:37:50.041888+03:00', '2017-10-18T12:48:44+03:00', '2017-10-18T12:38:44+03:00', NULL, 'https://auction-sandbox.ea.openprocurement.org/insider-auctions/000135f29933449aace31652c94dacff', NULL, NULL, 'active.auction', 1508320016, 1508320016),
('2df1d98be77e4852a86b6a3a8bf197cc', 'UA-EA-2017-10-18-000022-2', NULL, 98, 'F52417626-34693', '2239/5', '2017-10-16', 7897, NULL, 'highestCost', '2017-10-18T12:43:06.869857+03:00', '[ТЕСТУВАННЯ] Фик псалтирка карасір.', 'Суддя перший тудою приймачка цехмистриха подокурювати начерпати досипатися I майстерія хрокнути.', NULL, 5420, 'other', 'open', 'dgfInsider', 'test.quintagroup.com', '605821456.52', 'UAH', 1, '500000.00', 'UAH', '2017-10-18T12:43:06.869857+03:00', '0.00', 'UAH', 1, '2017-10-18T11:10:11.749844+03:00', '2017-10-18T11:33:14.349151+03:00', '2017-10-18T11:10:11.749844+03:00', '2017-10-18T12:24:44+03:00', '2017-10-18T12:14:44+03:00', '2017-10-18T12:35:14.836416+03:00', 'https://auction-sandbox.ea.openprocurement.org/insider-auctions/2df1d98be77e4852a86b6a3a8bf197cc', '2017-10-18T12:35:14.868961+03:00', '2017-10-18T12:43:06.858667+03:00', 'unsuccessful', 1508320016, 1508320016),
('f894ca57307b4504a74cd9cc56153683', 'UA-EA-2017-10-18-000037-2', NULL, 99, '34345345', '345345345', '2017-10-18', 7898, NULL, 'highestCost', '2017-10-18T12:46:35.832459+03:00', '[ТЕСТУВАННЯ] Название лота', 'thfthfthfth', NULL, 5332, 'general', 'open', 'dgfOtherAssets', 'dgf.byustudio.in.ua', '546.00', 'UAH', 1, '27.30', 'UAH', '2017-10-18T12:12:05.397921+03:00', '27.30', 'UAH', 1, '2017-10-18T12:12:04.791404+03:00', '2017-10-25T23:56:34.285714+03:00', '2017-10-18T12:12:04.791404+03:00', '2017-10-25T23:56:34.285714+03:00', '2017-10-26T00:55:01+03:00', NULL, NULL, NULL, NULL, 'active.tendering', 1508320017, 1508320017),
('2356475de875437e98d8213458e141b8', 'UA-EA-2017-10-18-000037-3', NULL, 100, 'F37819879-40307', '2239/2', '2017-10-16', 7899, NULL, 'highestCost', '2017-10-18T12:44:42.842803+03:00', '[ТЕСТУВАННЯ] Байоро гаїр весілчанин парастас.', 'Кантурь позатягати ураз II покотити шклярка тоголітній самоук роз\'ярятися попомуштрувати сужена мандрика вадко розштовхати облудність.', NULL, 5288, 'special', 'open', 'dgfInsider', 'test.quintagroup.com', '409194732.77', 'UAH', 1, '500000.00', 'UAH', '2017-10-18T12:44:42.842803+03:00', '0.00', 'UAH', 1, '2017-10-18T11:40:44.198089+03:00', '2017-10-18T12:02:39.040850+03:00', '2017-10-18T11:40:44.198089+03:00', '2017-10-18T12:44:32+03:00', '2017-10-18T12:34:32+03:00', '2017-10-18T12:44:42.811979+03:00', 'https://auction-sandbox.ea.openprocurement.org/insider-auctions/2356475de875437e98d8213458e141b8', NULL, NULL, 'unsuccessful', 1508320018, 1508320018),
('4523a5bdeaa04325842541b8f7fc0333', 'UA-EA-2017-10-18-000023-2', NULL, 101, 'F33845849-83159', '2237/9', '2017-10-16', 7900, NULL, 'highestCost', '2017-10-18T12:45:23.914452+03:00', '[ТЕСТУВАННЯ] Шолупайка прахтика буґа висповідатися.', 'Вилічка аркан тудою очевидьки утинок здиміти варт.', NULL, 5277, 'other', 'open', 'dgfInsider', 'test.quintagroup.com', '708716946.77', 'UAH', 1, '500000.00', 'UAH', '2017-10-18T12:45:23.914452+03:00', '0.00', 'UAH', 1, '2017-10-18T11:17:30.883781+03:00', '2017-10-18T11:39:28.772407+03:00', '2017-10-18T11:17:30.883781+03:00', '2017-10-18T12:08:33+03:00', '2017-10-18T11:58:33+03:00', '2017-10-18T12:24:24.069327+03:00', 'https://auction-sandbox.ea.openprocurement.org/insider-auctions/4523a5bdeaa04325842541b8f7fc0333', '2017-10-18T12:24:24.103626+03:00', '2017-10-18T12:45:23.910940+03:00', 'unsuccessful', 1508320018, 1508320018),
('91b1b6255cc34cc6a96632a2db6ed78d', 'UA-EA-2017-10-18-000039-2', NULL, 102, 'sefsefsfe', '23324234', '2017-10-18', 7901, NULL, 'highestCost', '2017-10-18T12:46:23.947509+03:00', '[ТЕСТУВАННЯ] Загальна назва лоту1111', 'fefsefsefsefseefs', NULL, 5332, 'general', 'open', 'dgfFinancialAssets', 'dgf.byustudio.in.ua', '456.00', 'UAH', 1, '22.80', 'UAH', '2017-10-18T12:46:23.947509+03:00', '22.80', 'UAH', 1, '2017-10-18T12:46:23.419874+03:00', '2017-10-25T23:56:34.285714+03:00', '2017-10-18T12:46:23.419874+03:00', '2017-10-25T23:56:34.285714+03:00', NULL, NULL, NULL, NULL, NULL, 'active.tendering', 1508320019, 1508320019);

-- --------------------------------------------------------

--
-- Структура таблицы `api_awards`
--

CREATE TABLE `api_awards` (
  `id` varchar(255) COLLATE utf8_unicode_ci DEFAULT NULL,
  `unique_id` int(11) NOT NULL,
  `bid_id` varchar(255) COLLATE utf8_unicode_ci DEFAULT NULL,
  `auction_id` varchar(255) COLLATE utf8_unicode_ci NOT NULL,
  `title` varchar(255) COLLATE utf8_unicode_ci DEFAULT NULL,
  `description` text COLLATE utf8_unicode_ci,
  `status` varchar(25) COLLATE utf8_unicode_ci NOT NULL,
  `date` varchar(35) COLLATE utf8_unicode_ci NOT NULL,
  `value_amount` decimal(15,2) NOT NULL,
  `value_currency` varchar(3) COLLATE utf8_unicode_ci NOT NULL DEFAULT 'UAH',
  `value_valueAddedTaxIncluded` tinyint(1) NOT NULL,
  `complaintPeriod_startDate` varchar(35) COLLATE utf8_unicode_ci NOT NULL,
  `complaintPeriod_endDate` varchar(35) COLLATE utf8_unicode_ci NOT NULL,
  `lotID` varchar(255) COLLATE utf8_unicode_ci NOT NULL,
  `created_at` int(11) NOT NULL,
  `updated_at` int(11) NOT NULL
) ENGINE=InnoDB DEFAULT CHARSET=utf8 COLLATE=utf8_unicode_ci;

--
-- Дамп данных таблицы `api_awards`
--

INSERT INTO `api_awards` (`id`, `unique_id`, `bid_id`, `auction_id`, `title`, `description`, `status`, `date`, `value_amount`, `value_currency`, `value_valueAddedTaxIncluded`, `complaintPeriod_startDate`, `complaintPeriod_endDate`, `lotID`, `created_at`, `updated_at`) VALUES
('a8a100ee745c43aa95eb950c569f99f7', 1, 'f2549ba5e4814ced892896292525a18b', 'e11e7531fe244142ba5a23da67be02d5', NULL, NULL, 'unsuccessful', '2017-10-18T07:00:42.488815+03:00', '718338959.49', 'UAH', 1, '2017-10-18T06:53:21.043241+03:00', '2017-10-18T07:00:42.444261+03:00', '', 1508319962, 1508319962),
('3b7bd305f5c042d8b4ad547c73ee55ce', 2, '23aeb1163bab4080a732688c91f01429', 'e11e7531fe244142ba5a23da67be02d5', NULL, NULL, 'cancelled', '2017-10-18T06:55:10.353328+03:00', '718338958.49', 'UAH', 1, '2017-10-18T06:53:21.043241+03:00', '2017-10-18T06:55:10.331881+03:00', '', 1508319962, 1508319962),
('edb42f465e41486885431e4af9d156f1', 3, '7c493066f33c4bcab1c4c2ec2acfeaf9', '394b054892344fbf86919eb7bb428547', NULL, NULL, 'unsuccessful', '2017-10-18T09:39:03.145314+03:00', '286541148.26', 'UAH', 1, '2017-10-18T09:30:49.871360+03:00', '2017-10-18T09:39:03.133759+03:00', '', 1508319964, 1508319964),
('63641402f8fc42ee9bf54bd7c2a1ae9a', 4, '78d3227749304c9ba9f9905e2420768d', 'f0681fc7ce1d42c3aa0539e534ef7315', NULL, NULL, 'unsuccessful', '2017-10-18T09:48:18.506145+03:00', '550777118.99', 'UAH', 1, '2017-10-18T09:40:35.625052+03:00', '2017-10-18T09:48:18.503022+03:00', '', 1508319964, 1508319964),
('8ec210c3fe7f40f398240cba154a03c3', 5, '6ee74a1e8aee405fa5726864530262aa', '46541b0f2ae5448cbd087d91bffa8f7c', NULL, NULL, 'unsuccessful', '2017-10-18T10:14:03.696836+03:00', '725377950.81', 'UAH', 1, '2017-10-18T10:05:13.808771+03:00', '2017-10-18T10:14:03.693519+03:00', '', 1508319966, 1508319966),
('33ad505c49fb4e17a00a23b619661632', 6, 'b91a3651da504cb0a27b691ffb302517', '7d462c13cda3410a9ffc6ee871852df4', NULL, NULL, 'unsuccessful', '2017-10-18T10:20:31.456715+03:00', '526944286.63', 'UAH', 1, '2017-10-18T10:13:55.182480+03:00', '2017-10-18T10:20:31.444234+03:00', '', 1508319967, 1508319967),
('b55bf239d1fa487e9873750063327da4', 7, '11030455ea9348068583da2d0cce8227', '7d462c13cda3410a9ffc6ee871852df4', NULL, NULL, 'cancelled', '2017-10-18T10:19:35.684514+03:00', '526944285.63', 'UAH', 1, '2017-10-18T10:13:55.182480+03:00', '2017-10-18T10:19:35.667008+03:00', '', 1508319967, 1508319967),
('927fe9843a174d3aa192c9f2d1c3ee6b', 8, '8454f99c203b4989943d672537fca3a4', 'f912bd13fe864ccaabaeaaedb27ec285', NULL, NULL, 'unsuccessful', '2017-10-18T10:26:13.731074+03:00', '309185097.82', 'UAH', 1, '2017-10-18T10:20:18.815691+03:00', '2017-10-18T10:26:13.714479+03:00', '', 1508319967, 1508319967),
('ff1e249e60f64359be5f442ecb56e2ca', 9, 'bae25550e8834c19b82945f665c70953', 'f912bd13fe864ccaabaeaaedb27ec285', NULL, NULL, 'cancelled', '2017-10-18T10:23:48.637101+03:00', '309185096.82', 'UAH', 1, '2017-10-18T10:20:18.815691+03:00', '2017-10-18T10:23:48.622827+03:00', '', 1508319967, 1508319967),
('36b1ace2bbc84525a100abf8057a7813', 10, '66edef231935469a82bd74ce2974a47f', '405fbd945a564aff954086e8b883ec54', NULL, NULL, 'unsuccessful', '2017-10-18T10:27:02.597021+03:00', '863050729.63', 'UAH', 1, '2017-10-18T10:22:24.413646+03:00', '2017-10-18T10:27:02.593484+03:00', '', 1508319968, 1508319968),
('ccf171904fe146cd9ed1e3d014e73511', 11, '52ae869c5fe24cdbbdb765fde541de53', '405fbd945a564aff954086e8b883ec54', NULL, NULL, 'cancelled', '2017-10-18T10:24:04.568661+03:00', '863050728.63', 'UAH', 1, '2017-10-18T10:22:24.413646+03:00', '2017-10-18T10:24:04.555364+03:00', '', 1508319968, 1508319968),
('cb7f7fb0e37d4123942481339cad1304', 12, '6baca346ef524c2a8b843dda606a8965', '7d3eee76b9954030a187c631c59a8355', NULL, NULL, 'unsuccessful', '2017-10-18T10:28:33.954631+03:00', '927259696.41', 'UAH', 1, '2017-10-18T10:22:31.806775+03:00', '2017-10-18T10:28:33.951124+03:00', '', 1508319969, 1508319969),
('5be7220695eb491c9225de9b99f5c5f4', 13, '9a0202ad489144309b62162cbd9a7354', '7d3eee76b9954030a187c631c59a8355', NULL, NULL, 'cancelled', '2017-10-18T10:24:33.986741+03:00', '927259695.41', 'UAH', 1, '2017-10-18T10:22:31.806775+03:00', '2017-10-18T10:24:33.973122+03:00', '', 1508319969, 1508319969),
('ff8dc7f6754b4a9b84c3855fd0b17087', 14, '5d59c7507749478b8b90015589c54f1f', 'e608a9d554244a7fb5a17f9d1de11b8d', NULL, NULL, 'unsuccessful', '2017-10-18T10:22:27.752045+03:00', '496981024.76', 'UAH', 1, '2017-10-18T10:17:05.195713+03:00', '2017-10-18T10:22:27.745668+03:00', '', 1508319970, 1508319970),
('d76b168dd6f84a309ed86d6de4f03081', 15, 'd53f422ea6654d1a9847dfab8f2c93b9', 'e608a9d554244a7fb5a17f9d1de11b8d', NULL, NULL, 'unsuccessful', '2017-10-18T10:30:54.109766+03:00', '452098828.39', 'UAH', 1, '2017-10-18T10:17:05.195713+03:00', '2017-10-18T10:30:54.096196+03:00', '', 1508319970, 1508319970),
('e0a1c5b46c54416daae9034077e2e0b9', 16, '4956c2f9865e435a969033fbfad9d83b', '1dc9831281444078a54d2e881e4a2f8b', NULL, NULL, 'unsuccessful', '2017-10-18T10:23:11.959298+03:00', '893699999.31', 'UAH', 1, '2017-10-18T10:17:34.612950+03:00', '2017-10-18T10:23:11.941787+03:00', '', 1508319970, 1508319970),
('da63fd7a035548c7ab5c469adc998508', 17, '1b23932ebecf47538a7a4bd7307b0cbc', '1dc9831281444078a54d2e881e4a2f8b', NULL, NULL, 'unsuccessful', '2017-10-18T10:32:06.128170+03:00', '893699998.31', 'UAH', 1, '2017-10-18T10:17:34.612950+03:00', '2017-10-18T10:32:06.124405+03:00', '', 1508319970, 1508319970),
('2ad590d9642445b2a17d97c74ac465ed', 18, '64aa6354bb9b42de97e48f2941559701', 'be3d9cc7beda4f06aa83fa4931047129', NULL, NULL, 'unsuccessful', '2017-10-18T10:32:21.427952+03:00', '718395362.87', 'UAH', 1, '2017-10-18T10:10:09.456154+03:00', '2017-10-18T10:32:21.416290+03:00', '', 1508319971, 1508319971),
('4d607ddf80534c6b817678542dcde212', 19, 'bddfac5b58f34d82ad3b6c3da3df12e3', 'be3d9cc7beda4f06aa83fa4931047129', NULL, NULL, 'cancelled', '2017-10-18T10:12:24.867388+03:00', '718395361.87', 'UAH', 1, '2017-10-18T10:10:09.456154+03:00', '2017-10-18T10:12:24.853925+03:00', '', 1508319971, 1508319971),
('371c749e65054e00a1cc899f14cea598', 20, 'bf91f4da61694bc4b2778879d27bbe61', 'fe75415814594d3f9190b6d5343d1922', NULL, NULL, 'unsuccessful', '2017-10-18T10:36:52.906218+03:00', '950675791.52', 'UAH', 1, '2017-10-18T10:14:57.812979+03:00', '2017-10-18T10:36:52.894469+03:00', '', 1508319971, 1508319971),
('a5ad212fd1da441ba362c084433bf556', 21, 'c008cc3a38c84df5bb5d2db6e296d7fb', 'fe75415814594d3f9190b6d5343d1922', NULL, NULL, 'cancelled', '2017-10-18T10:16:59.202506+03:00', '950675790.52', 'UAH', 1, '2017-10-18T10:14:57.812979+03:00', '2017-10-18T10:16:59.184857+03:00', '', 1508319971, 1508319971),
('23bdfe2c01db4a2597e629ca30da5139', 22, '97fd8abc307941378864416743147378', '26f9440cbe8b464c95af32ac7b890bab', NULL, NULL, 'unsuccessful', '2017-10-18T10:37:37.349625+03:00', '463839865.69', 'UAH', 1, '2017-10-18T10:32:57.639161+03:00', '2017-10-18T10:37:37.338199+03:00', '', 1508319972, 1508319972),
('ab83223a2cae47ceb2ebfeaa8da5c83d', 23, '6c25e387b9f64b8fbce6eb55aa5cfce6', '5243bf98b77849dba3be01813c610e3d', NULL, NULL, 'unsuccessful', '2017-10-18T10:41:13.702217+03:00', '719024336.53', 'UAH', 1, '2017-10-18T10:32:50.808288+03:00', '2017-10-18T10:41:13.697980+03:00', '', 1508319973, 1508319973),
('103dbc7bd5b34d1ba15d90d036258d4a', 24, '4679f42b33e541f690830174bb03d65b', '5243bf98b77849dba3be01813c610e3d', NULL, NULL, 'cancelled', '2017-10-18T10:34:43.262746+03:00', '719024335.53', 'UAH', 1, '2017-10-18T10:32:50.808288+03:00', '2017-10-18T10:34:43.248635+03:00', '', 1508319973, 1508319973),
('319644033225470886367b1272137c9b', 25, '7c28c78687f44a7d98656170b21643f2', '84c4aee035da48a8a72d9f45b54be3f6', NULL, NULL, 'unsuccessful', '2017-10-18T10:41:57.911584+03:00', '907746302.44', 'UAH', 1, '2017-10-18T10:34:43.862190+03:00', '2017-10-18T10:41:57.899937+03:00', '', 1508319973, 1508319973),
('3b3bbfe23b6249e9ba7ef6c2d7d46947', 26, 'a92bc4b423164132afb03971cc9cc3c2', '84c4aee035da48a8a72d9f45b54be3f6', NULL, NULL, 'cancelled', '2017-10-18T10:40:35.461913+03:00', '907746301.44', 'UAH', 1, '2017-10-18T10:34:43.862190+03:00', '2017-10-18T10:40:35.447973+03:00', '', 1508319973, 1508319973),
('a1d2e4eafcfd4c6fb2eee2a514381ba8', 27, '6fb97926d1754d7b8af8549a99c7df30', '0722492652774739888e8b0156db6500', NULL, NULL, 'unsuccessful', '2017-10-18T10:43:46.098960+03:00', '380114365.95', 'UAH', 1, '2017-10-18T10:37:25.246389+03:00', '2017-10-18T10:43:46.095496+03:00', '', 1508319975, 1508319975),
('b9810c41717c4981a81448fc057e8286', 28, '13499b27edea4095b60368528441f900', '0722492652774739888e8b0156db6500', NULL, NULL, 'cancelled', '2017-10-18T10:40:20.655368+03:00', '380114364.95', 'UAH', 1, '2017-10-18T10:37:25.246389+03:00', '2017-10-18T10:40:20.647275+03:00', '', 1508319975, 1508319975),
('c50c65535ef64670b2810b43e05ae5ed', 29, '82d6d28826564804bea928ef453595db', '839e3b97fe3b426db8ddfd050cac9348', NULL, NULL, 'unsuccessful', '2017-10-18T10:48:33.060684+03:00', '915413557.47', 'UAH', 1, '2017-10-18T10:41:31.996447+03:00', '2017-10-18T10:48:33.057209+03:00', '', 1508319976, 1508319976),
('d6af4642423d411e936c4671817250ad', 30, '40528e8b4a7a4c78a54317d1e57a5731', '839e3b97fe3b426db8ddfd050cac9348', NULL, NULL, 'cancelled', '2017-10-18T10:47:17.065996+03:00', '915413556.47', 'UAH', 1, '2017-10-18T10:41:31.996447+03:00', '2017-10-18T10:47:17.052387+03:00', '', 1508319976, 1508319976),
('55e2c3ab34c94cd8bfb766cd33e1e17b', 31, 'a1edfda18c944d4490e79a3d858bbb49', '4007df91e54e478cb47d6322dca05026', NULL, NULL, 'unsuccessful', '2017-10-18T10:50:41.040835+03:00', '125825160.69', 'UAH', 1, '2017-10-18T10:42:47.741272+03:00', '2017-10-18T10:50:41.037713+03:00', '', 1508319977, 1508319977),
('e6b2e8d54d0046d1b2c291734e08c5e8', 32, 'e3297fda1f3d417eb9ed679463b07975', 'c5e3ea5335154cb188f83280239c8325', NULL, NULL, 'unsuccessful', '2017-10-18T10:51:28.208049+03:00', '694178794.72', 'UAH', 1, '2017-10-18T10:31:15.164083+03:00', '2017-10-18T10:51:28.204557+03:00', '', 1508319978, 1508319978),
('b8234edf940d46d5941052e58755d05f', 33, '57f0b021e9a940a68019187a02436390', 'c5e3ea5335154cb188f83280239c8325', NULL, NULL, 'cancelled', '2017-10-18T10:45:05.054844+03:00', '694178793.72', 'UAH', 1, '2017-10-18T10:31:15.164083+03:00', '2017-10-18T10:45:05.049643+03:00', '', 1508319978, 1508319978),
('47dee511e1d549e6a3af7ae847260fe6', 34, '83609e3c1dce43b3853fad8961119855', '51e2aea977234bb59b1fc516a2613387', NULL, NULL, 'unsuccessful', '2017-10-18T10:54:07.873623+03:00', '904639020.20', 'UAH', 1, '2017-10-18T10:48:32.787312+03:00', '2017-10-18T10:54:07.862010+03:00', '', 1508319979, 1508319979),
('db8373a37c90451cb952b5b9166792eb', 35, '12277f02487a4a9ba82fd158d3e500eb', '53658401e2b84b3cabd02ea321fce4f3', NULL, NULL, 'unsuccessful', '2017-10-18T10:56:26.620080+03:00', '906330288.96', 'UAH', 1, '2017-10-18T10:34:56.236978+03:00', '2017-10-18T10:56:26.616516+03:00', '', 1508319979, 1508319979),
('d91ef9648b084df1842630d8d88a9b8b', 36, '142f1a79ccd049a6a3d159ed1949edc4', '53658401e2b84b3cabd02ea321fce4f3', NULL, NULL, 'cancelled', '2017-10-18T10:36:43.061020+03:00', '906330287.96', 'UAH', 1, '2017-10-18T10:34:56.236978+03:00', '2017-10-18T10:36:43.055748+03:00', '', 1508319979, 1508319979),
('286d58d9b57f4ed5929395f513da7965', 37, 'ac85f12021414224a3be2070298c33e6', '1ced3b4e206e460581ef5e460bd84076', NULL, NULL, 'unsuccessful', '2017-10-18T10:56:29.732488+03:00', '232715382.50', 'UAH', 1, '2017-10-18T10:47:21.629053+03:00', '2017-10-18T10:56:29.721043+03:00', '', 1508319980, 1508319980),
('3c4461c353584e8d9e052147fd35a14b', 38, '8c7027dbdd3341f1bdd126131be71b65', '2819d687a78342358ff5e6db4bd0b06b', NULL, NULL, 'unsuccessful', '2017-10-18T10:41:29.967353+03:00', '692464741.81', 'UAH', 1, '2017-10-18T10:21:33.900479+03:00', '2017-10-18T10:41:29.954585+03:00', '', 1508319981, 1508319981),
('855f71e692fe4fc9af1f882a8754e6cf', 39, '37f979d10bdc4edba2511bc302eeb217', '2819d687a78342358ff5e6db4bd0b06b', NULL, NULL, 'unsuccessful', '2017-10-18T11:03:11.086330+03:00', '692464740.81', 'UAH', 1, '2017-10-18T10:21:33.900479+03:00', '2017-10-18T11:03:11.082278+03:00', '', 1508319981, 1508319981),
('4692c5b1a266444290b6c2dd881b3458', 40, '1f5b1adc761e4584bff879fb4c55c40b', '29f62ea4af6648f2b6000a3a0de0dc82', NULL, NULL, 'unsuccessful', '2017-10-18T11:16:02.791170+03:00', '502034543.63', 'UAH', 1, '2017-10-18T11:08:29.279644+03:00', '2017-10-18T11:16:02.783692+03:00', '', 1508319983, 1508319983),
('2745734dd87c40f2bbaabc0b5d113067', 41, 'a773d1b955c945c2afdf540b8f615460', '29f62ea4af6648f2b6000a3a0de0dc82', NULL, NULL, 'unsuccessful', '2017-10-18T11:23:37.032027+03:00', '455461444.32', 'UAH', 1, '2017-10-18T11:08:29.279644+03:00', '2017-10-18T11:23:37.017886+03:00', '', 1508319983, 1508319983),
('4c5b9230a48645ef9aa6d47570bb1a9d', 42, '6bca97a09847405083d179d8040dab0b', '3841bbd696cd4fe49116a9f8072d9625', NULL, NULL, 'unsuccessful', '2017-10-18T11:23:39.787281+03:00', '956207112.46', 'UAH', 1, '2017-10-18T11:18:37.986990+03:00', '2017-10-18T11:23:39.783489+03:00', '', 1508319984, 1508319984),
('8adbce36f3384e59bb1408f1915f39f9', 43, 'ef8aa7967fb14c0583c5bc7fbc842dac', '123f9bfe0e594d97a5a320e151f4c6cc', NULL, NULL, 'unsuccessful', '2017-10-18T11:24:38.817275+03:00', '135770008.78', 'UAH', 1, '2017-10-18T11:17:45.884656+03:00', '2017-10-18T11:24:38.800529+03:00', '', 1508319984, 1508319984),
('dcb53fffe165487da73988be25fa21fe', 44, '306dc18ca45741b28306eadaeedc19ea', '52036491d88244748f297d002e9a8285', NULL, NULL, 'unsuccessful', '2017-10-18T11:35:09.809039+03:00', '419806493.15', 'UAH', 1, '2017-10-18T11:26:05.321596+03:00', '2017-10-18T11:35:09.805794+03:00', '', 1508319986, 1508319986),
('3c60026ab36b45228326da8cac30fbef', 45, '2d933e2a09744933a627ed9262f4588a', '524ce65880ca467b9906f85b5a5f7da7', NULL, NULL, 'unsuccessful', '2017-10-18T11:53:08.471118+03:00', '215537642.41', 'UAH', 1, '2017-10-18T11:32:55.996680+03:00', '2017-10-18T11:53:08.459749+03:00', '', 1508319989, 1508319989),
('28e9ec0ecf684099827567b8c4901aa3', 46, 'd2d7dd9fd3d6457cb2e4b4c4987ac226', '7891d36bb8bc4455944b854b9491293b', NULL, NULL, 'unsuccessful', '2017-10-18T12:04:12.924888+03:00', '798089811.42', 'UAH', 1, '2017-10-18T11:55:18.690944+03:00', '2017-10-18T12:04:12.921587+03:00', '', 1508319990, 1508319990),
('a279d68a8cd24eb394446c275007fae0', 47, '1d441114d06d415589b454ebd02a5d7a', '39089aceefb34538befbdb4a76a306fb', NULL, NULL, 'unsuccessful', '2017-10-18T12:06:55.798802+03:00', '425741960.17', 'UAH', 1, '2017-10-18T11:45:34.672079+03:00', '2017-10-18T12:06:55.771774+03:00', '', 1508319991, 1508319991),
('af10c10967554e3fac2d6163a57e447c', 48, '45aafb1f459c468591d51d022610b25c', '0929620904cb4827ba78cef0410496a1', NULL, NULL, 'unsuccessful', '2017-10-18T12:09:26.550705+03:00', '901112720.50', 'UAH', 1, '2017-10-18T11:46:37.626812+03:00', '2017-10-18T12:09:26.539447+03:00', '', 1508319992, 1508319992),
('654ab2b2e074421fa9b73c2f6da7be5d', 49, '36082729e1e64d2cb99e5b4aef49a4ce', '1c10ee08595e4e899b1fd8b3911ebcc2', NULL, NULL, 'pending.verification', '2017-10-18T12:08:28.914040+03:00', '860587841.54', 'UAH', 1, '2017-10-18T12:08:28.914040+03:00', '', '', 1508319993, 1508319993),
('b46b26bd9af64fabaf69eec44fd07b2f', 50, '7ff5081189474a17935138fc390cbf97', '1c10ee08595e4e899b1fd8b3911ebcc2', NULL, NULL, 'cancelled', '2017-10-18T12:13:14.945755+03:00', '860587840.54', 'UAH', 1, '2017-10-18T12:08:28.914040+03:00', '2017-10-18T12:13:14.939552+03:00', '', 1508319993, 1508319993),
('587caa06d37546cabd7257a1fa06ef45', 51, '3e45904228d5406fb6d0050667658883', 'd59201ccb2584ad4b481a0be9df45cfc', NULL, NULL, 'pending.verification', '2017-10-18T12:15:32.275201+03:00', '24056.00', 'UAH', 0, '2017-10-18T12:15:32.275201+03:00', '', '', 1508319993, 1508319993),
('48001d2b2e404c1491c5e09d522202cb', 52, '24588de16acf41799203fa1093def29d', 'd59201ccb2584ad4b481a0be9df45cfc', NULL, NULL, 'pending.waiting', '2017-10-18T12:15:32.275201+03:00', '2103.00', 'UAH', 0, '2017-10-18T12:15:32.275201+03:00', '', '', 1508319993, 1508319993),
('aff2242b76994914ba55980acff28fe6', 53, 'ea485d674e2a4b2db27cd36691528152', '8c444777532940d289bd96be0bd338d4', NULL, NULL, 'active', '2017-10-18T12:15:47.046641+03:00', '50000.00', 'UAH', 0, '2017-10-18T12:11:32.876055+03:00', '2017-10-18T12:15:47.030407+03:00', '', 1508319996, 1508319996),
('640e95651b4948678ec53cb774cb7528', 54, 'ab1d37b5ed0b4acc9f4a440866206bbb', '8c444777532940d289bd96be0bd338d4', NULL, NULL, 'pending.waiting', '2017-10-18T12:11:32.876055+03:00', '10000.00', 'UAH', 0, '2017-10-18T12:11:32.876055+03:00', '', '', 1508319996, 1508319996),
('d21f273f757b4eadb1f713b3d4c80bff', 55, '88a6811c751f4f6c8f0afec7ffb4638e', 'd5face44510942ac8ca45f6c7a4df422', NULL, NULL, 'pending.payment', '2017-10-18T12:23:34.258103+03:00', '46000.00', 'UAH', 0, '2017-10-18T11:57:26.734479+03:00', '', '', 1508320002, 1508320002),
('9dad862c091d4448b62614e1655c2d8e', 56, '244f5d26bf2649668374efafd5e30afc', 'd5face44510942ac8ca45f6c7a4df422', NULL, NULL, 'pending.waiting', '2017-10-18T11:57:26.734479+03:00', '45099.63', 'UAH', 0, '2017-10-18T11:57:26.734479+03:00', '', '', 1508320002, 1508320002),
('0e44a4e87ee045a9ba292f23733954a9', 57, '8df32eb3ec1b40329faaf568f7e142ce', '29640ff669354c5d802fe3073eed247a', NULL, NULL, 'unsuccessful', '2017-10-18T12:25:11.287341+03:00', '171866946.65', 'UAH', 1, '2017-10-18T12:17:29.885835+03:00', '2017-10-18T12:25:11.283873+03:00', '', 1508320003, 1508320003),
('4bae4fe9bede4320a952ad0e20ff3e61', 58, 'b32c3724fdc940259745a81494069ae8', '29640ff669354c5d802fe3073eed247a', NULL, NULL, 'cancelled', '2017-10-18T12:18:54.704361+03:00', '171866945.65', 'UAH', 1, '2017-10-18T12:17:29.885835+03:00', '2017-10-18T12:18:54.695155+03:00', '', 1508320003, 1508320003),
('462fadf3e12641138dc558013f1dc222', 59, '0c47d81f837d43ac8eb6aaec1b710df5', '0b31ca8532634aad9de5fdad69266ac4', NULL, NULL, 'unsuccessful', '2017-10-18T12:26:32.832102+03:00', '811643012.71', 'UAH', 1, '2017-10-18T12:21:51.690333+03:00', '2017-10-18T12:26:32.816784+03:00', '', 1508320003, 1508320003),
('694fc098b2834464b047b126ae3fb9c4', 60, '7e0024142ac5471097106611e9533e1d', '8c6510da0a2d455ea39a91bc90c9dd20', NULL, NULL, 'unsuccessful', '2017-10-18T12:30:31.391364+03:00', '90005569.54', 'UAH', 1, '2017-10-18T12:24:41.032178+03:00', '2017-10-18T12:30:31.388101+03:00', '', 1508320007, 1508320007),
('9014831e8d2d4f31932927f570887ae8', 61, 'e2471148d1354dc9ba2440342705004c', '125751b3c56e44b19f984c107d4ef152', NULL, NULL, 'pending.verification', '2017-10-18T12:30:02.660397+03:00', '407205363.22', 'UAH', 1, '2017-10-18T12:30:02.660397+03:00', '', '', 1508320009, 1508320009),
('e34c5eabd18e474097ff806dbb01eb59', 62, '405e2e29ce92470bb2244984ecf8dfd4', '125751b3c56e44b19f984c107d4ef152', NULL, NULL, 'cancelled', '2017-10-18T12:32:03.113370+03:00', '407205362.22', 'UAH', 1, '2017-10-18T12:30:02.660397+03:00', '2017-10-18T12:32:03.099960+03:00', '', 1508320009, 1508320009),
('5c8dc4bf9dce4622b0d0601040276db7', 63, 'de52d42b007f4dc0b735525356c744b2', '10355cd4d47c4c2e8d10b446205e761d', NULL, NULL, 'pending.verification', '2017-10-18T12:32:45.646970+03:00', '547309057.83', 'UAH', 1, '2017-10-18T12:32:45.646970+03:00', '', '', 1508320010, 1508320010),
('666ac049b700403aafd4c08862f4c917', 64, '1886a92908654ba69c01390ecdd17ace', '10355cd4d47c4c2e8d10b446205e761d', NULL, NULL, 'pending.waiting', '2017-10-18T12:32:45.646970+03:00', '547309056.83', 'UAH', 1, '2017-10-18T12:32:45.646970+03:00', '', '', 1508320010, 1508320010),
('875cd70bf7f84f33ae3e83d02a18f256', 65, 'ce88d148aa8b46b1b5cc1eac20c63b02', '5106dd5902e64c5db3cb051803c87587', NULL, NULL, 'unsuccessful', '2017-10-18T12:36:10.900470+03:00', '770336927.10', 'UAH', 1, '2017-10-18T12:27:54.969480+03:00', '2017-10-18T12:36:10.888720+03:00', '', 1508320012, 1508320012),
('5ed5e0797a564404bcc1228eebdbe385', 66, 'f465282ac07f4892b7760ad739112f85', '5106dd5902e64c5db3cb051803c87587', NULL, NULL, 'cancelled', '2017-10-18T12:30:14.947022+03:00', '770336926.10', 'UAH', 1, '2017-10-18T12:27:54.969480+03:00', '2017-10-18T12:30:14.941484+03:00', '', 1508320012, 1508320012),
('8a4ed9b1310c43c4bc064ea569cf38d1', 67, '6c6e820798374fa7bd134c56254d6863', '6bfbbae86c924c2297b04127b9d1c2e9', NULL, NULL, 'unsuccessful', '2017-10-18T12:37:05.520334+03:00', '377247329.57', 'UAH', 1, '2017-10-18T12:30:44.697467+03:00', '2017-10-18T12:37:05.509153+03:00', '', 1508320013, 1508320013),
('451163bb3b8e44249311979df0e9b411', 68, 'ec5aa2a98fa0427d8b2d85350529e7f7', 'd19c76ac83014b6995293f1934c30c5a', NULL, NULL, 'unsuccessful', '2017-10-18T12:40:22.279663+03:00', '462317459.78', 'UAH', 1, '2017-10-18T12:32:40.568063+03:00', '2017-10-18T12:40:22.268364+03:00', '', 1508320015, 1508320015),
('bd357c065a16405f978331063f5322e3', 69, 'eb34406eadf248049ac7ddc75b4b54a6', '2df1d98be77e4852a86b6a3a8bf197cc', NULL, NULL, 'unsuccessful', '2017-10-18T12:43:06.869857+03:00', '581588598.24', 'UAH', 1, '2017-10-18T12:35:14.868961+03:00', '2017-10-18T12:43:06.858634+03:00', '', 1508320017, 1508320017),
('900da97969b94dcbb902ae19c81559f8', 70, '29346b89a6ac4c75ad7f71376c9996a7', '4523a5bdeaa04325842541b8f7fc0333', NULL, NULL, 'unsuccessful', '2017-10-18T12:45:23.914452+03:00', '708716948.77', 'UAH', 1, '2017-10-18T12:24:24.103626+03:00', '2017-10-18T12:45:23.910906+03:00', '', 1508320019, 1508320019),
('be17ea465ea84b6298e8ffca337a677c', 71, '57f0fe5d97e74289ad174a355fe13ad7', '4523a5bdeaa04325842541b8f7fc0333', NULL, NULL, 'cancelled', '2017-10-18T12:29:03.758461+03:00', '708716947.77', 'UAH', 1, '2017-10-18T12:24:24.103626+03:00', '2017-10-18T12:29:03.752567+03:00', '', 1508320019, 1508320019);

-- --------------------------------------------------------

--
-- Структура таблицы `api_award_organizations`
--

CREATE TABLE `api_award_organizations` (
  `id` int(11) NOT NULL,
  `award_id` varchar(255) COLLATE utf8_unicode_ci NOT NULL,
  `organization_id` varchar(25) COLLATE utf8_unicode_ci NOT NULL
) ENGINE=InnoDB DEFAULT CHARSET=utf8 COLLATE=utf8_unicode_ci;

--
-- Дамп данных таблицы `api_award_organizations`
--

INSERT INTO `api_award_organizations` (`id`, `award_id`, `organization_id`) VALUES
(1, 'a8a100ee745c43aa95eb950c569f99f7', '02147115'),
(2, '3b7bd305f5c042d8b4ad547c73ee55ce', '01994008'),
(3, 'edb42f465e41486885431e4af9d156f1', '38728444'),
(4, '63641402f8fc42ee9bf54bd7c2a1ae9a', '21657170'),
(5, '8ec210c3fe7f40f398240cba154a03c3', '37445442'),
(6, '33ad505c49fb4e17a00a23b619661632', '21657170'),
(7, 'b55bf239d1fa487e9873750063327da4', '03360905'),
(8, '927fe9843a174d3aa192c9f2d1c3ee6b', '02070884'),
(9, 'ff1e249e60f64359be5f442ecb56e2ca', '01994008'),
(10, '36b1ace2bbc84525a100abf8057a7813', '34359702'),
(11, 'ccf171904fe146cd9ed1e3d014e73511', '20055078'),
(12, 'cb7f7fb0e37d4123942481339cad1304', '21657170'),
(13, '5be7220695eb491c9225de9b99f5c5f4', '99669060'),
(14, 'ff8dc7f6754b4a9b84c3855fd0b17087', '22964365'),
(15, 'd76b168dd6f84a309ed86d6de4f03081', '03767831'),
(16, 'e0a1c5b46c54416daae9034077e2e0b9', '38728444'),
(17, 'da63fd7a035548c7ab5c469adc998508', '34359702'),
(18, '2ad590d9642445b2a17d97c74ac465ed', '88888888'),
(19, '4d607ddf80534c6b817678542dcde212', '16466597'),
(20, '371c749e65054e00a1cc899f14cea598', '02070884'),
(21, 'a5ad212fd1da441ba362c084433bf556', '1234567677'),
(22, '23bdfe2c01db4a2597e629ca30da5139', '34359702'),
(23, 'ab83223a2cae47ceb2ebfeaa8da5c83d', '02544394'),
(24, '103dbc7bd5b34d1ba15d90d036258d4a', '99669060'),
(25, '319644033225470886367b1272137c9b', '37485490'),
(26, '3b3bbfe23b6249e9ba7ef6c2d7d46947', '02147115'),
(27, 'a1d2e4eafcfd4c6fb2eee2a514381ba8', '38728444'),
(28, 'b9810c41717c4981a81448fc057e8286', '23516367'),
(29, 'c50c65535ef64670b2810b43e05ae5ed', '37405111'),
(30, 'd6af4642423d411e936c4671817250ad', '38728444'),
(31, '55e2c3ab34c94cd8bfb766cd33e1e17b', '37405111'),
(32, 'e6b2e8d54d0046d1b2c291734e08c5e8', '37485490'),
(33, 'b8234edf940d46d5941052e58755d05f', '03767831'),
(34, '47dee511e1d549e6a3af7ae847260fe6', '01994008'),
(35, 'db8373a37c90451cb952b5b9166792eb', '01994008'),
(36, 'd91ef9648b084df1842630d8d88a9b8b', '23456789'),
(37, '286d58d9b57f4ed5929395f513da7965', '31725604'),
(38, '3c4461c353584e8d9e052147fd35a14b', '37445442'),
(39, '855f71e692fe4fc9af1f882a8754e6cf', '37405111'),
(40, '4692c5b1a266444290b6c2dd881b3458', '22964365'),
(41, '2745734dd87c40f2bbaabc0b5d113067', '03360905'),
(42, '4c5b9230a48645ef9aa6d47570bb1a9d', '2222222230'),
(43, '8adbce36f3384e59bb1408f1915f39f9', '23516367'),
(44, 'dcb53fffe165487da73988be25fa21fe', '38728444'),
(45, '3c60026ab36b45228326da8cac30fbef', '03767831'),
(46, '28e9ec0ecf684099827567b8c4901aa3', '02544394'),
(47, 'a279d68a8cd24eb394446c275007fae0', '02226079'),
(48, 'af10c10967554e3fac2d6163a57e447c', '1234567677'),
(49, '654ab2b2e074421fa9b73c2f6da7be5d', '37470086'),
(50, 'b46b26bd9af64fabaf69eec44fd07b2f', '234432423'),
(51, '587caa06d37546cabd7257a1fa06ef45', '253698574'),
(52, '48001d2b2e404c1491c5e09d522202cb', '52859636'),
(53, 'aff2242b76994914ba55980acff28fe6', '33109845'),
(54, '640e95651b4948678ec53cb774cb7528', '12345'),
(55, 'd21f273f757b4eadb1f713b3d4c80bff', '52859636'),
(56, '9dad862c091d4448b62614e1655c2d8e', '253698574'),
(57, '0e44a4e87ee045a9ba292f23733954a9', '2147483647'),
(58, '4bae4fe9bede4320a952ad0e20ff3e61', '04593340'),
(59, '462fadf3e12641138dc558013f1dc222', '37470086'),
(60, '694fc098b2834464b047b126ae3fb9c4', '02544394'),
(61, '9014831e8d2d4f31932927f570887ae8', '88888888'),
(62, 'e34c5eabd18e474097ff806dbb01eb59', '38728444'),
(63, '5c8dc4bf9dce4622b0d0601040276db7', '31725604'),
(64, '666ac049b700403aafd4c08862f4c917', '37405111'),
(65, '875cd70bf7f84f33ae3e83d02a18f256', '16466597'),
(66, '5ed5e0797a564404bcc1228eebdbe385', '99011002'),
(67, '8a4ed9b1310c43c4bc064ea569cf38d1', '38947811'),
(68, '451163bb3b8e44249311979df0e9b411', '2154123421'),
(69, 'bd357c065a16405f978331063f5322e3', '02544394'),
(70, '900da97969b94dcbb902ae19c81559f8', '38728444'),
(71, 'be17ea465ea84b6298e8ffca337a677c', '23456789');

-- --------------------------------------------------------

--
-- Структура таблицы `api_bids`
--

CREATE TABLE `api_bids` (
  `unique_id` int(11) NOT NULL,
  `id` varchar(255) COLLATE utf8_unicode_ci DEFAULT NULL,
  `access_token` varchar(255) COLLATE utf8_unicode_ci DEFAULT NULL,
  `date` varchar(35) COLLATE utf8_unicode_ci DEFAULT NULL,
  `status` varchar(25) COLLATE utf8_unicode_ci NOT NULL DEFAULT 'draft',
  `accepted` int(1) NOT NULL,
  `reason` text COLLATE utf8_unicode_ci,
  `value_amount` decimal(15,2) NOT NULL,
  `value_currency` varchar(3) COLLATE utf8_unicode_ci NOT NULL DEFAULT 'UAH',
  `value_valueAddedTaxIncluded` tinyint(1) NOT NULL,
  `participationUrl` text COLLATE utf8_unicode_ci NOT NULL,
  `user_id` int(11) NOT NULL,
  `organization_id` int(11) DEFAULT NULL,
  `lot_id` int(11) NOT NULL,
  `auction_id` int(11) DEFAULT NULL,
  `file_id` int(11) DEFAULT NULL,
  `created_at` int(11) DEFAULT NULL,
  `updated_at` int(11) NOT NULL
) ENGINE=InnoDB DEFAULT CHARSET=utf8 COLLATE=utf8_unicode_ci;

--
-- Дамп данных таблицы `api_bids`
--

INSERT INTO `api_bids` (`unique_id`, `id`, `access_token`, `date`, `status`, `accepted`, `reason`, `value_amount`, `value_currency`, `value_valueAddedTaxIncluded`, `participationUrl`, `user_id`, `organization_id`, `lot_id`, `auction_id`, `file_id`, `created_at`, `updated_at`) VALUES
(1, 'f2549ba5e4814ced892896292525a18b', NULL, '2017-10-18T06:48:39.978761+03:00', 'active', 0, NULL, '718338959.49', 'UAH', 1, 'https://auction-sandbox.ea.openprocurement.org/insider-auctions/e11e7531fe244142ba5a23da67be02d5/login?bidder_id=f2549ba5e4814ced892896292525a18b&signature=qC6K8yGAHGlO93a0PYepRkClaBNLUizgEBm0OZTwSTvppulVrI2EL9IdHiJrDQ1NSEJI6AVRjvP8he5GrMUPDQ%3D%3D', 0, 5293, 0, 1, NULL, 1508319962, 1508319962),
(2, '23aeb1163bab4080a732688c91f01429', NULL, '2017-10-18T06:38:22.763665+03:00', 'active', 0, NULL, '718338958.49', 'UAH', 1, 'https://auction-sandbox.ea.openprocurement.org/insider-auctions/e11e7531fe244142ba5a23da67be02d5/login?bidder_id=23aeb1163bab4080a732688c91f01429&signature=m4p7CWdeKMCkQTx5wv%2BSIoZ1Rgq%2B/3vRAOyhLOPjyl%2BYtAb6BaqRJmTllWI68fjtamvwFWMMPpK9BOdrFGxuCQ%3D%3D', 0, 5288, 0, 1, NULL, 1508319962, 1508319962),
(3, 'ea88b5cda52f43cb9be7740471afb70c', NULL, '2017-10-18T08:49:47.737600+03:00', 'active', 0, NULL, '236578855.45', 'UAH', 1, '', 0, 5277, 0, 2, NULL, 1508319963, 1508319963),
(4, '7c493066f33c4bcab1c4c2ec2acfeaf9', NULL, '2017-10-18T09:12:47.504021+03:00', 'active', 0, NULL, '286541148.26', 'UAH', 1, 'https://auction-sandbox.ea.openprocurement.org/insider-auctions/394b054892344fbf86919eb7bb428547/login?bidder_id=7c493066f33c4bcab1c4c2ec2acfeaf9&signature=QzjsYX%2BNYY6N9ZiJtgSY78UVtRQzs/YE5PbS1X/fm1OnMxmgXLp4SRvOcO%2BkUF7vMYf32fqqxc09B3Q2pIKpDA%3D%3D', 0, 5268, 0, 3, NULL, 1508319964, 1508319964),
(5, 'd2afbafa24b74491b708fe29b2ea8b8d', NULL, '2017-10-18T09:11:30.829676+03:00', 'invalid', 0, NULL, '0.00', 'UAH', 0, 'https://auction-sandbox.ea.openprocurement.org/insider-auctions/394b054892344fbf86919eb7bb428547/login?bidder_id=d2afbafa24b74491b708fe29b2ea8b8d&signature=RTyugVbZ0uswniW2fU5rbmjizPoDcJ7cgTrfiwUchLnnFmtXD9eARkIJt9gySGu8NVBh7Ws5Kl5QTZeObvcLDg%3D%3D', 0, 5264, 0, 3, NULL, 1508319964, 1508319964),
(6, '78d3227749304c9ba9f9905e2420768d', NULL, '2017-10-18T09:23:36.165732+03:00', 'active', 0, NULL, '550777118.99', 'UAH', 1, 'https://auction-sandbox.ea.openprocurement.org/insider-auctions/f0681fc7ce1d42c3aa0539e534ef7315/login?bidder_id=78d3227749304c9ba9f9905e2420768d&signature=VeCrsgpKnwEmUX5Np816wZ/eRH62yXqN2psgIjChGJ9qs6E08iJ9GOYpdA6ASE2sU2Tq5hg3knVOO6uc/DBjDA%3D%3D', 0, 5279, 0, 4, NULL, 1508319964, 1508319964),
(7, '52db95a7bd7b4602ad5e62fd0733b3d0', NULL, '2017-10-18T09:23:55.810516+03:00', 'invalid', 0, NULL, '0.00', 'UAH', 0, 'https://auction-sandbox.ea.openprocurement.org/insider-auctions/f0681fc7ce1d42c3aa0539e534ef7315/login?bidder_id=52db95a7bd7b4602ad5e62fd0733b3d0&signature=ZEmCRwd0kxazvUb2j/JTX97P4Juj0134oVIJn3lq%2BZrC464Tg35z9jTHEdszAPz/KzhC%2B7RJtoS78KBEK4FeBg%3D%3D', 0, 5284, 0, 4, NULL, 1508319964, 1508319964),
(8, '0c49e6af804e42c58c94b15b5461bff5', NULL, '2017-10-17T12:17:00.667052+03:00', 'invalid', 0, NULL, '0.00', 'UAH', 0, 'https://auction-sandbox.ea.openprocurement.org/insider-auctions/4a49ce0c591348fb93913fbae7fc7f84/login?bidder_id=0c49e6af804e42c58c94b15b5461bff5&signature=B6MQr8csvbf6BEATnWGpysgOz9VjFGnDZHueaJDHm1KDxwvRJD27kFrNQo/1E8LdcCAm5sd/WpVzKhlvuxYzAQ%3D%3D', 0, 5348, 0, 5, NULL, 1508319965, 1508319965),
(9, 'd5a1ac0d85a0404281a1500eec475930', NULL, '2017-10-18T09:12:59.689538+03:00', 'invalid', 0, NULL, '0.00', 'UAH', 0, 'https://auction-sandbox.ea.openprocurement.org/insider-auctions/0ac4bb79c5c84a5f92b81bb23fc15141/login?bidder_id=d5a1ac0d85a0404281a1500eec475930&signature=/Np5q/sioSgb/amVe4QVba7%2BztMyxitK/7kv1zxOPIHDzXFnA5KGLvtsZkGZGCNbmdXjhTmrUDcH95Qw0gKFCA%3D%3D', 0, 456, 0, 6, NULL, 1508319966, 1508319966),
(10, '0fd354f3921a463db2dc54c17ee25b71', NULL, '2017-10-18T10:00:45.819807+03:00', 'invalid', 0, NULL, '0.00', 'UAH', 0, 'https://auction-sandbox.ea.openprocurement.org/insider-auctions/0ac4bb79c5c84a5f92b81bb23fc15141/login?bidder_id=0fd354f3921a463db2dc54c17ee25b71&signature=mTyd8G94yrOCqPZ4WOvvpYJ3cBD63GYy2sBGvjV2BB1jeYudFaE9kKT2Rgpby1thj5WbJzhhKQwfnDOXBNwZCw%3D%3D', 0, 5277, 0, 6, NULL, 1508319966, 1508319966),
(11, '6ee74a1e8aee405fa5726864530262aa', NULL, '2017-10-18T09:45:22.128448+03:00', 'active', 0, NULL, '725377950.81', 'UAH', 1, 'https://auction-sandbox.ea.openprocurement.org/insider-auctions/46541b0f2ae5448cbd087d91bffa8f7c/login?bidder_id=6ee74a1e8aee405fa5726864530262aa&signature=HG%2BMh5Q7dfH2H2h/XE8nJ6q%2Bjs27OmfI346olMkBn5lg13NZRDM7ar58BTohWTuPgpGYQmTed4QwwY3rgv5WCQ%3D%3D', 0, 5280, 0, 7, NULL, 1508319966, 1508319966),
(12, 'b91a3651da504cb0a27b691ffb302517', NULL, '2017-10-18T10:09:12.636698+03:00', 'active', 0, NULL, '526944286.63', 'UAH', 1, 'https://auction-sandbox.ea.openprocurement.org/insider-auctions/7d462c13cda3410a9ffc6ee871852df4/login?bidder_id=b91a3651da504cb0a27b691ffb302517&signature=zny9QBCiOFgWQ/vCzygkihTYO9PQexRV4Q8B0fGXaAUZP1e5OlhxSqYkelE11uFxhm/sRW0u3Gn/Qiurlh2cCA%3D%3D', 0, 5279, 0, 8, NULL, 1508319967, 1508319967),
(13, '11030455ea9348068583da2d0cce8227', NULL, '2017-10-18T09:58:52.869800+03:00', 'active', 0, NULL, '526944285.63', 'UAH', 1, 'https://auction-sandbox.ea.openprocurement.org/insider-auctions/7d462c13cda3410a9ffc6ee871852df4/login?bidder_id=11030455ea9348068583da2d0cce8227&signature=3OjKtYlCLWsHtz9KNJ6l%2Buw70BE7ncSd755cISWLjxyc39rwMOxLNlA99bLYMlGfCu9VGPHVd/Y19SfJKLQyAg%3D%3D', 0, 5265, 0, 8, NULL, 1508319967, 1508319967),
(14, '8454f99c203b4989943d672537fca3a4', NULL, '2017-10-18T10:15:34.885527+03:00', 'active', 0, NULL, '309185097.82', 'UAH', 1, 'https://auction-sandbox.ea.openprocurement.org/insider-auctions/f912bd13fe864ccaabaeaaedb27ec285/login?bidder_id=8454f99c203b4989943d672537fca3a4&signature=Zy3kTSdsB%2BWKEgwFPME7dgFAPkjERy4tOeRoeJAIJt96Y9aFDZIFYG3N4zbCdmnWkZ26/5097lZDyPrS1f6IAA%3D%3D', 0, 5320, 0, 9, NULL, 1508319967, 1508319967),
(15, 'bae25550e8834c19b82945f665c70953', NULL, '2017-10-18T10:05:14.205233+03:00', 'active', 0, NULL, '309185096.82', 'UAH', 1, 'https://auction-sandbox.ea.openprocurement.org/insider-auctions/f912bd13fe864ccaabaeaaedb27ec285/login?bidder_id=bae25550e8834c19b82945f665c70953&signature=lEYwh8zGHC6rXNcH8T8TsTd8ePnQ3mCrlLAPXROdVOUZg4D5Jy1RY969ySRvx1c1/ve1TBid5Gq27QKl9T%2BUAw%3D%3D', 0, 5288, 0, 9, NULL, 1508319967, 1508319967),
(16, '66edef231935469a82bd74ce2974a47f', NULL, '2017-10-18T10:17:39.273896+03:00', 'active', 0, NULL, '863050729.63', 'UAH', 1, 'https://auction-sandbox.ea.openprocurement.org/insider-auctions/405fbd945a564aff954086e8b883ec54/login?bidder_id=66edef231935469a82bd74ce2974a47f&signature=Gw120WiVQyTEhmtTHYogi2Dwui1cES7mquK6Lf29S9qY7Ghko%2BBBfvOc4ChwUYm/jCGYy6Z3xhUflo0GjIY1DA%3D%3D', 0, 5263, 0, 10, NULL, 1508319968, 1508319968),
(17, '52ae869c5fe24cdbbdb765fde541de53', NULL, '2017-10-18T10:07:19.280366+03:00', 'active', 0, NULL, '863050728.63', 'UAH', 1, 'https://auction-sandbox.ea.openprocurement.org/insider-auctions/405fbd945a564aff954086e8b883ec54/login?bidder_id=52ae869c5fe24cdbbdb765fde541de53&signature=IlVNNvIc8EMc7N90StahuFgfPQ3XvYV/5WJBHWPXmqqQtHczhmOTnf5E9j5OT9MHHiw3rtnz4jKRUTtr%2BDVVCQ%3D%3D', 0, 5282, 0, 10, NULL, 1508319968, 1508319968),
(18, '6baca346ef524c2a8b843dda606a8965', NULL, '2017-10-18T10:17:46.784135+03:00', 'active', 0, NULL, '927259696.41', 'UAH', 1, 'https://auction-sandbox.ea.openprocurement.org/insider-auctions/7d3eee76b9954030a187c631c59a8355/login?bidder_id=6baca346ef524c2a8b843dda606a8965&signature=Vabh8zW58HvzJkcW2/Fxhs7bdTiuwlFplQ/5IKQeb9ZDA7taRl4Gao576boCe75OJIHlc5DUBfqEEGHKiO2pDQ%3D%3D', 0, 5279, 0, 11, NULL, 1508319969, 1508319969),
(19, '9a0202ad489144309b62162cbd9a7354', NULL, '2017-10-18T10:07:50.762351+03:00', 'active', 0, NULL, '927259695.41', 'UAH', 1, 'https://auction-sandbox.ea.openprocurement.org/insider-auctions/7d3eee76b9954030a187c631c59a8355/login?bidder_id=9a0202ad489144309b62162cbd9a7354&signature=oBQCW1j0swkjyXK6IzGDvhNyz5gMs4gm3xqteIgl8rHOGQbj3hDK7r4YzV8dLD0cclmmndil4QjMaGzscsRIAA%3D%3D', 0, 5317, 0, 11, NULL, 1508319969, 1508319969),
(20, '5d59c7507749478b8b90015589c54f1f', NULL, '2017-10-18T09:11:58.974727+03:00', 'active', 0, NULL, '496981024.76', 'UAH', 1, 'https://auction-sandbox.ea.openprocurement.org/auctions/e608a9d554244a7fb5a17f9d1de11b8d/login?bidder_id=5d59c7507749478b8b90015589c54f1f&hash=9a91ae3654bb14e34dccbbed4b75819615bc492c', 0, 5270, 0, 12, NULL, 1508319970, 1508319970),
(21, 'd53f422ea6654d1a9847dfab8f2c93b9', NULL, '2017-10-18T09:11:59.889174+03:00', 'active', 0, NULL, '452098828.39', 'UAH', 1, 'https://auction-sandbox.ea.openprocurement.org/auctions/e608a9d554244a7fb5a17f9d1de11b8d/login?bidder_id=d53f422ea6654d1a9847dfab8f2c93b9&hash=a8af75575d7b9cf75eddd04d3a61b2a18a7737ec', 0, 5296, 0, 12, NULL, 1508319970, 1508319970),
(22, '1b23932ebecf47538a7a4bd7307b0cbc', NULL, '2017-10-18T09:52:46.034091+03:00', 'active', 0, NULL, '893699998.31', 'UAH', 1, 'https://auction-sandbox.ea.openprocurement.org/insider-auctions/1dc9831281444078a54d2e881e4a2f8b/login?bidder_id=1b23932ebecf47538a7a4bd7307b0cbc&signature=q0GeSBCM8PiY4bVXqkqY68Ci4wbSvo0qdfpbjG9sO2Ee%2BvXiIBcEvQ4soEKhii7kH508Y4oBuTqrt6GwTAxIDQ%3D%3D', 0, 5263, 0, 13, NULL, 1508319970, 1508319970),
(23, '4956c2f9865e435a969033fbfad9d83b', NULL, '2017-10-18T10:02:31.934950+03:00', 'active', 0, NULL, '893699999.31', 'UAH', 1, 'https://auction-sandbox.ea.openprocurement.org/insider-auctions/1dc9831281444078a54d2e881e4a2f8b/login?bidder_id=4956c2f9865e435a969033fbfad9d83b&signature=HuOHN4IpbBJF6gl33OdB/KuvMtjcPa%2B7azGxtHpqWvhUW/uk2EBz1qxs72afOwpwzYqWC7XkfFoPC967P%2BHEBA%3D%3D', 0, 5268, 0, 13, NULL, 1508319970, 1508319970),
(24, '64aa6354bb9b42de97e48f2941559701', NULL, '2017-10-18T10:05:26.281743+03:00', 'active', 0, NULL, '718395362.87', 'UAH', 1, 'https://auction-sandbox.ea.openprocurement.org/insider-auctions/be3d9cc7beda4f06aa83fa4931047129/login?bidder_id=64aa6354bb9b42de97e48f2941559701&signature=HusnFM%2BAJPqFQJ8g8YwXOh8sS7x0gWs/OGal%2BuA2odlff%2B7V%2BFUTQ29Uh2xQhgmZCvO8/da7QRf0Y1zSik83Cg%3D%3D', 0, 5419, 0, 14, NULL, 1508319971, 1508319971),
(25, 'bddfac5b58f34d82ad3b6c3da3df12e3', NULL, '2017-10-18T09:55:04.654572+03:00', 'active', 0, NULL, '718395361.87', 'UAH', 1, 'https://auction-sandbox.ea.openprocurement.org/insider-auctions/be3d9cc7beda4f06aa83fa4931047129/login?bidder_id=bddfac5b58f34d82ad3b6c3da3df12e3&signature=mnycXnBQ5P2Sx3QL/7Fbde/xhbCzEG0RMv3gGsCWZVSfwPNANPFgRKmen6s4onY/8CHYSLxZ6eJrfCzaFKIrBg%3D%3D', 0, 5276, 0, 14, NULL, 1508319971, 1508319971),
(26, 'bf91f4da61694bc4b2778879d27bbe61', NULL, '2017-10-18T10:10:14.142067+03:00', 'active', 0, NULL, '950675791.52', 'UAH', 1, 'https://auction-sandbox.ea.openprocurement.org/insider-auctions/fe75415814594d3f9190b6d5343d1922/login?bidder_id=bf91f4da61694bc4b2778879d27bbe61&signature=T1t/gaTbZ/bYBAbXjJAG8bVdfflcFyqx%2BF//m4fceEoPWt0ZeYYhz0M0Op3sn9n5lwiNJbyBMu4VjZXox7WmBw%3D%3D', 0, 5320, 0, 15, NULL, 1508319972, 1508319972),
(27, 'c008cc3a38c84df5bb5d2db6e296d7fb', NULL, '2017-10-18T10:02:44.956822+03:00', 'active', 0, NULL, '950675790.52', 'UAH', 1, 'https://auction-sandbox.ea.openprocurement.org/insider-auctions/fe75415814594d3f9190b6d5343d1922/login?bidder_id=c008cc3a38c84df5bb5d2db6e296d7fb&signature=cgZQluqNKzt/6fXo964C4KTFLjUpNikzs/6OKH6ncqs37tr%2B1WZW2glyXfseAIG7L%2BnwN8UpaiDYpFa5oTkdBQ%3D%3D', 0, 456, 0, 15, NULL, 1508319972, 1508319972),
(28, '97fd8abc307941378864416743147378', NULL, '2017-10-18T10:13:43.606414+03:00', 'active', 0, NULL, '463839865.69', 'UAH', 1, 'https://auction-sandbox.ea.openprocurement.org/insider-auctions/26f9440cbe8b464c95af32ac7b890bab/login?bidder_id=97fd8abc307941378864416743147378&signature=w0jFjHPJe8vVSQ9ScIPur%2BEgtfNRNZeXnxFqxInQ5kiZ%2BWaxfsAs1/7cY2d2IoV4NSewc7pGo/F48bLCr9fEDg%3D%3D', 0, 5263, 0, 16, NULL, 1508319972, 1508319972),
(29, 'a7f696bb3d4e4458b30abb5e6ed3a79a', NULL, '2017-10-18T10:13:46.220189+03:00', 'invalid', 0, NULL, '0.00', 'UAH', 0, 'https://auction-sandbox.ea.openprocurement.org/insider-auctions/26f9440cbe8b464c95af32ac7b890bab/login?bidder_id=a7f696bb3d4e4458b30abb5e6ed3a79a&signature=RDaGzSZjSc/PNha1G1LKCnRH3%2BcBA55ptNOhU7eDK7e4zvaoIaXb8zupNEZc9AAuflXAwMjgLSR7R2fNjSZRBg%3D%3D', 0, 5277, 0, 16, NULL, 1508319972, 1508319972),
(30, '6c25e387b9f64b8fbce6eb55aa5cfce6', NULL, '2017-10-18T10:28:06.217317+03:00', 'active', 0, NULL, '719024336.53', 'UAH', 1, 'https://auction-sandbox.ea.openprocurement.org/insider-auctions/5243bf98b77849dba3be01813c610e3d/login?bidder_id=6c25e387b9f64b8fbce6eb55aa5cfce6&signature=CGT8ixIqJFJy22gWYj8Y5wBF2FyeV23fF/8huoiVxb3UjbUfRCmvmL7ZyYrsdKuBHLQ2IW0tmW/sIsLfbTl9DA%3D%3D', 0, 5269, 0, 17, NULL, 1508319973, 1508319973),
(31, '4679f42b33e541f690830174bb03d65b', NULL, '2017-10-18T10:17:46.746628+03:00', 'active', 0, NULL, '719024335.53', 'UAH', 1, 'https://auction-sandbox.ea.openprocurement.org/insider-auctions/5243bf98b77849dba3be01813c610e3d/login?bidder_id=4679f42b33e541f690830174bb03d65b&signature=RZPaiUkpeZm6TS5RrAgnycUgbeDVttKErRCvp%2BX3u8cm32SpvYGDuHcujAK01M5/t9Ug10PYSMww3WqTOWgiDg%3D%3D', 0, 5317, 0, 17, NULL, 1508319973, 1508319973),
(32, '7c28c78687f44a7d98656170b21643f2', NULL, '2017-10-18T10:30:01.296873+03:00', 'active', 0, NULL, '907746302.44', 'UAH', 1, 'https://auction-sandbox.ea.openprocurement.org/insider-auctions/84c4aee035da48a8a72d9f45b54be3f6/login?bidder_id=7c28c78687f44a7d98656170b21643f2&signature=%2BLQX1aay1RwWpQdysY6KCxpJGCOdniocwhzo3eiJfZ3kWYWJeB/2gGSRtdogp5ARsdZJgkte9fwnTPua7zV/AA%3D%3D', 0, 5284, 0, 18, NULL, 1508319973, 1508319973),
(33, 'a92bc4b423164132afb03971cc9cc3c2', NULL, '2017-10-18T10:19:39.046026+03:00', 'active', 0, NULL, '907746301.44', 'UAH', 1, 'https://auction-sandbox.ea.openprocurement.org/insider-auctions/84c4aee035da48a8a72d9f45b54be3f6/login?bidder_id=a92bc4b423164132afb03971cc9cc3c2&signature=yNK1odEuFB8FJoF7ZKocdWYvG5GoCqrg8N4hiRSxfHRKSaTTYhNHpzBMJx2exU2hNeIf%2BOrbscEepPVIvejFDA%3D%3D', 0, 5293, 0, 18, NULL, 1508319973, 1508319973),
(34, 'b148b2ddb2eb4b94b0d28a9edc18987f', NULL, '2017-10-18T09:30:48.108555+03:00', 'invalid', 0, NULL, '0.00', 'UAH', 0, 'https://auction-sandbox.ea.openprocurement.org/insider-auctions/4d207afad6b34ed3900912a7f80f68a5/login?bidder_id=b148b2ddb2eb4b94b0d28a9edc18987f&signature=5quR//F5QoZaqmHpVhlStTDclyys6aODDTHssCUR0FmE8ZMg%2Bc0Z40PNN3vLDdrJNu0rCKdEeenkjJe2LySgBg%3D%3D', 0, 5531, 0, 20, NULL, 1508319975, 1508319975),
(35, 'fec2ddb01fed4df28a35f4d1a44472b7', NULL, '2017-10-18T10:34:53.468922+03:00', 'invalid', 0, NULL, '0.00', 'UAH', 0, 'https://auction-sandbox.ea.openprocurement.org/insider-auctions/4d207afad6b34ed3900912a7f80f68a5/login?bidder_id=fec2ddb01fed4df28a35f4d1a44472b7&signature=t6aQQhr/MABDKS%2BPzkPnBKrwEpOhuztP0NYU54%2BVdHHXRFUoKUsWo59tvtx7JvWm2v8RVaA8FvoDDasivofIDQ%3D%3D', 0, 5277, 0, 20, NULL, 1508319975, 1508319975),
(36, '6fb97926d1754d7b8af8549a99c7df30', NULL, '2017-10-18T10:32:40.141860+03:00', 'active', 0, NULL, '380114365.95', 'UAH', 1, 'https://auction-sandbox.ea.openprocurement.org/insider-auctions/0722492652774739888e8b0156db6500/login?bidder_id=6fb97926d1754d7b8af8549a99c7df30&signature=IHJYxp8wFX71a9DRd2gfy9WQGCf%2BQYoj%2BuJtH1PZZAgOO5iRpmBxYdHY4MfdnXfd72ciMm4UnmdMY8%2B62QiLCA%3D%3D', 0, 5268, 0, 21, NULL, 1508319975, 1508319975),
(37, '13499b27edea4095b60368528441f900', NULL, '2017-10-18T10:22:20.317832+03:00', 'active', 0, NULL, '380114364.95', 'UAH', 1, 'https://auction-sandbox.ea.openprocurement.org/insider-auctions/0722492652774739888e8b0156db6500/login?bidder_id=13499b27edea4095b60368528441f900&signature=DV4ai2rpSMKdj4Cgm1aMS4TqKJJSechCbSrGckHfJy/8R9jlnRS3%2BviGk1UhHJH3EePcUmRDQn8JBsOdAPj0CQ%3D%3D', 0, 5281, 0, 21, NULL, 1508319975, 1508319975),
(38, '42ce6b9f430d47498e0ed0f955c886c8', NULL, '2017-10-18T09:25:53.060166+03:00', 'invalid', 0, NULL, '0.00', 'UAH', 0, 'https://auction-sandbox.ea.openprocurement.org/insider-auctions/e7e77ed102f24001b54553f5ec9354a7/login?bidder_id=42ce6b9f430d47498e0ed0f955c886c8&signature=jqlkWol6IonNIfAn50Pot6mYkBS87cf3cRQknkpVMca%2BqJqEMYCDPVEeSEEuk7Pf%2B%2BCDLMJunCxBPsfnsLZYDw%3D%3D', 0, 5308, 0, 22, NULL, 1508319976, 1508319976),
(39, '82d6d28826564804bea928ef453595db', NULL, '2017-10-18T10:36:50.276419+03:00', 'active', 0, NULL, '915413557.47', 'UAH', 1, 'https://auction-sandbox.ea.openprocurement.org/insider-auctions/839e3b97fe3b426db8ddfd050cac9348/login?bidder_id=82d6d28826564804bea928ef453595db&signature=57WCZZhH2cNms6FiS9mBc5L0wFoX5WlDWmdpjKK3vpNIOJn4vtwwTRxgB9iAtxck9Cw9W13K4GDzGspKYU%2BPDA%3D%3D', 0, 5277, 0, 23, NULL, 1508319976, 1508319976),
(40, '40528e8b4a7a4c78a54317d1e57a5731', NULL, '2017-10-18T10:26:26.907216+03:00', 'active', 0, NULL, '915413556.47', 'UAH', 1, 'https://auction-sandbox.ea.openprocurement.org/insider-auctions/839e3b97fe3b426db8ddfd050cac9348/login?bidder_id=40528e8b4a7a4c78a54317d1e57a5731&signature=pr4MJBgXvo1o5vAFUXuTda1C%2Bhj7BAimh9Gc8e9HBcw67/bS/HWGZNv0ko6MLw3zsMWaA5ZdhCqS%2BsRDGubIAw%3D%3D', 0, 5268, 0, 23, NULL, 1508319976, 1508319976),
(41, '5076fb6e475244feb4d056cc4f2dad7e', NULL, '2017-10-18T09:26:07.227077+03:00', 'invalid', 0, NULL, '0.00', 'UAH', 0, 'https://auction-sandbox.ea.openprocurement.org/insider-auctions/d3bf58519c494495917ef4a00ccc9125/login?bidder_id=5076fb6e475244feb4d056cc4f2dad7e&signature=zTd6yOEhdiZKi5vwc5KxghLz680Kc8V29H5DkoPPYOIyqqRfNfzf68ydidn1ve/5efGJSkpVJhEd2fN9czOPCA%3D%3D', 0, 5276, 0, 24, NULL, 1508319977, 1508319977),
(42, 'a1edfda18c944d4490e79a3d858bbb49', NULL, '2017-10-18T10:26:19.273381+03:00', 'active', 0, NULL, '125825160.69', 'UAH', 1, 'https://auction-sandbox.ea.openprocurement.org/insider-auctions/4007df91e54e478cb47d6322dca05026/login?bidder_id=a1edfda18c944d4490e79a3d858bbb49&signature=LxLfoavzmtER8yrIE1TFhBrnB9KvZavQ9BthUM9jcNHrTyL2rLTXk6IxLutj5zQbVrwZotFd0AMikQBa9zUhBg%3D%3D', 0, 5277, 0, 25, NULL, 1508319977, 1508319977),
(43, '46cb2cc9e9e2456ebd2152d21a2ecdda', NULL, '2017-10-18T10:23:12.276104+03:00', 'invalid', 0, NULL, '0.00', 'UAH', 0, 'https://auction-sandbox.ea.openprocurement.org/insider-auctions/4007df91e54e478cb47d6322dca05026/login?bidder_id=46cb2cc9e9e2456ebd2152d21a2ecdda&signature=reDwjfAa1oQIWQgZW8L2b00CBMJvH1GLW7JMxO8JnrQuDgVajkkNdI3sr%2BMwgD1upRVGUlFo6IgU4Jzl48h7DQ%3D%3D', 0, 5431, 0, 25, NULL, 1508319977, 1508319977),
(44, 'e3297fda1f3d417eb9ed679463b07975', NULL, '2017-10-18T10:26:31.634168+03:00', 'active', 0, NULL, '694178794.72', 'UAH', 1, 'https://auction-sandbox.ea.openprocurement.org/insider-auctions/c5e3ea5335154cb188f83280239c8325/login?bidder_id=e3297fda1f3d417eb9ed679463b07975&signature=gnMtdhxPZW0T9NMhbWj2cY4FeSTBahcr324dX7oc2OS6IlUzBVjsgx/ZlSV0eUBfvbq7/27WvYuoE2HApH%2BrBg%3D%3D', 0, 5284, 0, 26, NULL, 1508319978, 1508319978),
(45, '57f0b021e9a940a68019187a02436390', NULL, '2017-10-18T10:16:11.553652+03:00', 'active', 0, NULL, '694178793.72', 'UAH', 1, 'https://auction-sandbox.ea.openprocurement.org/insider-auctions/c5e3ea5335154cb188f83280239c8325/login?bidder_id=57f0b021e9a940a68019187a02436390&signature=jy6o0fSNCK4uC67XA4Mk%2BoHMczpyTLcn%2BbRHxjfiNa3NMQFM4OFgH2xabXzAetPs1Fdwz8VVha06AzOcvg89CQ%3D%3D', 0, 5296, 0, 26, NULL, 1508319978, 1508319978),
(46, '83609e3c1dce43b3853fad8961119855', NULL, '2017-10-18T10:31:19.496490+03:00', 'active', 0, NULL, '904639020.20', 'UAH', 1, 'https://auction-sandbox.ea.openprocurement.org/insider-auctions/51e2aea977234bb59b1fc516a2613387/login?bidder_id=83609e3c1dce43b3853fad8961119855&signature=P21GQQOXuB02AIFxbu%2BYQyA6qAD2iIsWzRf6%2BIu3KJHpjSZf79z0ySOC6Nw%2Be9k4Pl9aZoT8IYv0bfYrg2KXAQ%3D%3D', 0, 5288, 0, 27, NULL, 1508319979, 1508319979),
(47, 'f1f4c4386896466d8054c94a83af4cde', NULL, '2017-10-18T10:30:37.497310+03:00', 'invalid', 0, NULL, '0.00', 'UAH', 0, 'https://auction-sandbox.ea.openprocurement.org/insider-auctions/51e2aea977234bb59b1fc516a2613387/login?bidder_id=f1f4c4386896466d8054c94a83af4cde&signature=d0dvBtlVA13KICWNLqHk767T4nUNZdoxosUt4zYE/jr6SUgisdrZR5ujroDSX7UyLlDgkuaAE3xscEPSupcODQ%3D%3D', 0, 5265, 0, 27, NULL, 1508319979, 1508319979),
(48, '12277f02487a4a9ba82fd158d3e500eb', NULL, '2017-10-18T10:30:11.740548+03:00', 'active', 0, NULL, '906330288.96', 'UAH', 1, 'https://auction-sandbox.ea.openprocurement.org/insider-auctions/53658401e2b84b3cabd02ea321fce4f3/login?bidder_id=12277f02487a4a9ba82fd158d3e500eb&signature=VeGpncj6ZQdS2ka%2BlnuTsc4ZILHmyhyLbGzn3GESYAc8eoGcdmXH2P/X50rYhBI8rdmQKouLycXC4qRnqAxiAw%3D%3D', 0, 5288, 0, 28, NULL, 1508319979, 1508319979),
(49, '142f1a79ccd049a6a3d159ed1949edc4', NULL, '2017-10-18T10:25:47.500454+03:00', 'active', 0, NULL, '906330287.96', 'UAH', 1, 'https://auction-sandbox.ea.openprocurement.org/insider-auctions/53658401e2b84b3cabd02ea321fce4f3/login?bidder_id=142f1a79ccd049a6a3d159ed1949edc4&signature=smuDVa%2B69SwYbsMsN98yAr/Xvkl38qvtk0J4%2BwnKjr0RhQWg8CV0Oq1RzSnx/oUweozw8O0xBXlm6xLDEQG6Cw%3D%3D', 0, 5643, 0, 28, NULL, 1508319979, 1508319979),
(50, 'ac85f12021414224a3be2070298c33e6', NULL, '2017-10-18T10:27:30.180585+03:00', 'active', 0, NULL, '232715382.50', 'UAH', 1, 'https://auction-sandbox.ea.openprocurement.org/insider-auctions/1ced3b4e206e460581ef5e460bd84076/login?bidder_id=ac85f12021414224a3be2070298c33e6&signature=7dMoFuG1vuNWUP6xpvL78oxqm25ZsbBNTJ/btVpl%2B73g/BrTcKxOPSdBtES9b4FnxXFq0Zf5efwrUAaBv9iCCg%3D%3D', 0, 5321, 0, 29, NULL, 1508319980, 1508319980),
(51, '6ab9950221104c99875f5f230e9cf751', NULL, '2017-10-18T10:27:43.143672+03:00', 'invalid', 0, NULL, '0.00', 'UAH', 0, 'https://auction-sandbox.ea.openprocurement.org/insider-auctions/1ced3b4e206e460581ef5e460bd84076/login?bidder_id=6ab9950221104c99875f5f230e9cf751&signature=dkpu9/I7aEojK7bBFOxY2SjnUplR5NPfm%2BUpLeXFi0zGg3XLtpKcFt6kdTTGtEX0gc0%2BkEa3OkaKtrNJda6bAw%3D%3D', 0, 5312, 0, 29, NULL, 1508319980, 1508319980),
(52, 'b079e6a1d7ee44ae850ba3943b2cd1cd', NULL, '2017-10-18T10:05:02.112925+03:00', 'invalid', 0, NULL, '0.00', 'UAH', 0, 'https://auction-sandbox.ea.openprocurement.org/insider-auctions/0b5b44872bc14efab79cd04709ab260a/login?bidder_id=b079e6a1d7ee44ae850ba3943b2cd1cd&signature=GjMlz03UMqUMxwMq3%2BN8XVsOIAdpKpP7P7Hdez54T70xYWv0Y1W2BLY9Uifzo3SBjjHwfbpjRFcsaP%2B8JJnHAA%3D%3D', 0, 5270, 0, 30, NULL, 1508319981, 1508319981),
(53, '8c7027dbdd3341f1bdd126131be71b65', NULL, '2017-10-18T10:16:50.048998+03:00', 'active', 0, NULL, '692464741.81', 'UAH', 1, 'https://auction-sandbox.ea.openprocurement.org/insider-auctions/2819d687a78342358ff5e6db4bd0b06b/login?bidder_id=8c7027dbdd3341f1bdd126131be71b65&signature=zkMe%2BzxPBRO8sivKLfHt64MXEWusLbXd6/rvaFA14t5ySMhvjdK8e6RMrFFp/NuPnaeVhFaCJ13Zftc6WLqfBA%3D%3D', 0, 5280, 0, 31, NULL, 1508319981, 1508319981),
(54, '37f979d10bdc4edba2511bc302eeb217', NULL, '2017-10-18T10:06:30.806685+03:00', 'active', 0, NULL, '692464740.81', 'UAH', 1, 'https://auction-sandbox.ea.openprocurement.org/insider-auctions/2819d687a78342358ff5e6db4bd0b06b/login?bidder_id=37f979d10bdc4edba2511bc302eeb217&signature=bRauRE97sJf4NPB1Vly6iOrLpVD50CP7zfB8t6drt80RqxcgnSlZBodYLS0CrJmpibFtX2xGGe54cKKVNgplCw%3D%3D', 0, 5277, 0, 31, NULL, 1508319981, 1508319981),
(55, '1f5b1adc761e4584bff879fb4c55c40b', NULL, '2017-10-18T09:54:43.930002+03:00', 'active', 0, NULL, '502034543.63', 'UAH', 1, 'https://auction-sandbox.ea.openprocurement.org/auctions/29f62ea4af6648f2b6000a3a0de0dc82/login?bidder_id=1f5b1adc761e4584bff879fb4c55c40b&hash=22bd58888040b16c5b589e82705389a7f3d6c7b5', 0, 5270, 0, 34, NULL, 1508319983, 1508319983),
(56, 'a773d1b955c945c2afdf540b8f615460', NULL, '2017-10-18T09:54:45.108756+03:00', 'active', 0, NULL, '455461444.32', 'UAH', 1, 'https://auction-sandbox.ea.openprocurement.org/auctions/29f62ea4af6648f2b6000a3a0de0dc82/login?bidder_id=a773d1b955c945c2afdf540b8f615460&hash=1128bd26e6f65ca658ff8cffe3e3f1bb0f40ad34', 0, 5265, 0, 34, NULL, 1508319983, 1508319983),
(57, '6bca97a09847405083d179d8040dab0b', NULL, '2017-10-18T11:00:17.508989+03:00', 'active', 0, NULL, '956207112.46', 'UAH', 1, 'https://auction-sandbox.ea.openprocurement.org/insider-auctions/3841bbd696cd4fe49116a9f8072d9625/login?bidder_id=6bca97a09847405083d179d8040dab0b&signature=N/QFbGX6DjbzIBxCR0S7/BePD8C5K3Vuui1JOpg3zF5hzDImIa4H4vIkGP7dK4fCltOaQlQZwkM/CDw9gJXjCw%3D%3D', 0, 5442, 0, 35, NULL, 1508319984, 1508319984),
(58, '60e5f802f59c413e9e60ff92851826d5', NULL, '2017-10-18T10:59:44.874989+03:00', 'invalid', 0, NULL, '0.00', 'UAH', 0, 'https://auction-sandbox.ea.openprocurement.org/insider-auctions/3841bbd696cd4fe49116a9f8072d9625/login?bidder_id=60e5f802f59c413e9e60ff92851826d5&signature=i6Vcd1Msj3JuC2Qp52Bqm8oTVKgjIDl%2BpJG/K8P%2B0PzHKCpx8qBmF5%2BqYNz4FnlUpmwFz6LMtTJMKN9oCZtqCA%3D%3D', 0, 5276, 0, 35, NULL, 1508319984, 1508319984),
(59, 'ef8aa7967fb14c0583c5bc7fbc842dac', NULL, '2017-10-18T11:01:08.423872+03:00', 'active', 0, NULL, '135770008.78', 'UAH', 1, 'https://auction-sandbox.ea.openprocurement.org/insider-auctions/123f9bfe0e594d97a5a320e151f4c6cc/login?bidder_id=ef8aa7967fb14c0583c5bc7fbc842dac&signature=piuZjoUHT1U3SkyddevrmkydSVAuHUKa%2BjQLOmU0N/WBXx7Olpwta4ELNImjAtcQQBiB2evW/3a6rB9yYwHcCQ%3D%3D', 0, 5281, 0, 36, NULL, 1508319984, 1508319984),
(60, 'e62eca38ad6e4856884ff59f3883b621', NULL, '2017-10-18T11:00:39.909159+03:00', 'invalid', 0, NULL, '0.00', 'UAH', 0, 'https://auction-sandbox.ea.openprocurement.org/insider-auctions/123f9bfe0e594d97a5a320e151f4c6cc/login?bidder_id=e62eca38ad6e4856884ff59f3883b621&signature=P6Getnl8%2BjxgXgxw//Q7mqz9q5Qss7bCIkBtjPs53csYs9uKH6%2BE47OjYIT8ptI0fk/UTy1BL12A%2B1VVEzciDw%3D%3D', 0, 5281, 0, 36, NULL, 1508319984, 1508319984),
(61, '32abc2f5a5f8448f9a0b089d2ae581af', NULL, '2017-10-18T10:11:10.632927+03:00', 'invalid', 0, NULL, '0.00', 'UAH', 0, 'https://auction-sandbox.ea.openprocurement.org/insider-auctions/64b0ffc5852041b8afee971bdb95ebf9/login?bidder_id=32abc2f5a5f8448f9a0b089d2ae581af&signature=ODSlBZ%2BHIjp6WEKWiUWyb6u0A1REbWw/blHeQ50hGC8GOtCuYJQEaCommHKB/xn13TBzhc3BXEP9gvChol7zDw%3D%3D', 0, 5285, 0, 37, NULL, 1508319985, 1508319985),
(62, 'f259c34f835b42948d2e9b24f1e31a1d', NULL, '2017-10-18T10:12:57.344549+03:00', 'invalid', 0, NULL, '0.00', 'UAH', 0, 'https://auction-sandbox.ea.openprocurement.org/insider-auctions/8ac5c7580c7d41998a466ef02e1ef988/login?bidder_id=f259c34f835b42948d2e9b24f1e31a1d&signature=8h1QrBU5EYyYmPdSznmCsokbHZvDzLlVgYZO9JM7oHzOlgWksZamCBeYyQgM7sqOmO3NHMUlkIbj3XHnwdeXDg%3D%3D', 0, 5276, 0, 39, NULL, 1508319986, 1508319986),
(63, '306dc18ca45741b28306eadaeedc19ea', NULL, '2017-10-18T11:09:57.059809+03:00', 'active', 0, NULL, '419806493.15', 'UAH', 1, 'https://auction-sandbox.ea.openprocurement.org/insider-auctions/52036491d88244748f297d002e9a8285/login?bidder_id=306dc18ca45741b28306eadaeedc19ea&signature=Iz7yZf4l1Ka9I1g1BFDMdOJ5w6KbrEHXIuw7d19Ag0FAkVa99%2Beel9%2B02MKQTt0zYZXOwf%2BAh0gGtENY0w0pDA%3D%3D', 0, 5268, 0, 40, NULL, 1508319986, 1508319986),
(64, 'fa833e665ee347458348600f535fa042', NULL, '2017-10-18T11:06:57.554429+03:00', 'invalid', 0, NULL, '0.00', 'UAH', 0, 'https://auction-sandbox.ea.openprocurement.org/insider-auctions/52036491d88244748f297d002e9a8285/login?bidder_id=fa833e665ee347458348600f535fa042&signature=IQpg0hJ6kjIMr552Me5vb0deAGiumlIn0ZL%2BIsWPZV7IKn12wyV9f01l1Wvl1bu7GH/kMxmEidr885TgrAy9DA%3D%3D', 0, 5442, 0, 40, NULL, 1508319987, 1508319987),
(65, 'e3972d4af82943a3a0104e1500a71707', NULL, '2017-10-18T10:10:37.258385+03:00', 'invalid', 0, NULL, '0.00', 'UAH', 0, 'https://auction-sandbox.ea.openprocurement.org/insider-auctions/9075a471d9174237ab227f737efddb06/login?bidder_id=e3972d4af82943a3a0104e1500a71707&signature=Ocau0NjbgriCLHB1SasZ%2Bcgjcv67P5Va72rDzMrKLgJkcrcbf4WUrCthdJEgYY2CuyfwK509fqexMY0E6DxtCA%3D%3D', 0, 5285, 0, 41, NULL, 1508319987, 1508319987),
(66, 'b9a8c29aa6f6443a8991aa6feb34c2e7', NULL, '2017-10-18T10:36:29.357268+03:00', 'invalid', 0, NULL, '0.00', 'UAH', 0, 'https://auction-sandbox.ea.openprocurement.org/insider-auctions/89d2f3dc3ae64f098906167536777dc1/login?bidder_id=b9a8c29aa6f6443a8991aa6feb34c2e7&signature=7NgGm7gOQfpokOWtKcnaxEFg9coFTELjejwGAxM7vIBMLtE/Xc/NxKy6QyDfBQVrTK7iC/5n2ePVS8pvUalHCA%3D%3D', 0, 5296, 0, 43, NULL, 1508319988, 1508319988),
(67, '98a77fd00dcf43b6ac2b26b09135282a', NULL, '2017-10-18T11:34:17.747994+03:00', 'invalid', 0, NULL, '0.00', 'UAH', 0, 'https://auction-sandbox.ea.openprocurement.org/insider-auctions/89d2f3dc3ae64f098906167536777dc1/login?bidder_id=98a77fd00dcf43b6ac2b26b09135282a&signature=7oe0PH/FfCTqf23B%2BcBRIvlaEVrpd1dKeChkHsIwnGeM6VmSJ2EtSCq/PR54f77VB1egLV%2B45JfaASLJQXyGDw%3D%3D', 0, 5292, 0, 43, NULL, 1508319988, 1508319988),
(68, '2d933e2a09744933a627ed9262f4588a', NULL, '2017-10-18T11:16:52.639102+03:00', 'active', 0, NULL, '215537642.41', 'UAH', 1, 'https://auction-sandbox.ea.openprocurement.org/insider-auctions/524ce65880ca467b9906f85b5a5f7da7/login?bidder_id=2d933e2a09744933a627ed9262f4588a&signature=RW16eR/YFREMa774K0qq38CSkzJm%2Be54f1xPNstIwmkS5%2B/BcY0WzjMCOvvgmk08DsJUR67Il1gM2OG5om5tAw%3D%3D', 0, 5296, 0, 44, NULL, 1508319989, 1508319989),
(69, 'c57caf2c67e74619876378faa79b8211', NULL, '2017-10-18T11:16:19.515078+03:00', 'invalid', 0, NULL, '0.00', 'UAH', 0, 'https://auction-sandbox.ea.openprocurement.org/insider-auctions/524ce65880ca467b9906f85b5a5f7da7/login?bidder_id=c57caf2c67e74619876378faa79b8211&signature=CkaqVTpo4JZahk0CGDusuWlGimBEw8ZqcNC31NinEU2vxGBViUwrEAuyW3YVldp1e4qTv5PoKATuKeEtrzNsCg%3D%3D', 0, 5282, 0, 44, NULL, 1508319989, 1508319989),
(70, 'd2d7dd9fd3d6457cb2e4b4c4987ac226', NULL, '2017-10-18T11:35:28.970593+03:00', 'active', 0, NULL, '798089811.42', 'UAH', 1, 'https://auction-sandbox.ea.openprocurement.org/insider-auctions/7891d36bb8bc4455944b854b9491293b/login?bidder_id=d2d7dd9fd3d6457cb2e4b4c4987ac226&signature=deQLFePPggBRzBRGhKwsILDwuzgqg1cDt0DYkniHvVYPbFDpYDB99pJ17VEkga0W8N7nuconxQVe8a2isp5NCg%3D%3D', 0, 5283, 0, 46, NULL, 1508319990, 1508319990),
(71, 'b49ccd2304d84f46b8f6b53c4d6b1d48', NULL, '2017-10-18T11:35:41.172215+03:00', 'invalid', 0, NULL, '0.00', 'UAH', 0, 'https://auction-sandbox.ea.openprocurement.org/insider-auctions/7891d36bb8bc4455944b854b9491293b/login?bidder_id=b49ccd2304d84f46b8f6b53c4d6b1d48&signature=KbrHZI6yklEJQvrCSQWp4IF8opbiAkvPqsjzH1xJoogzHponnRLN1OviSh/SgODv%2BhgAY6ztegPtZQCUUzXNAg%3D%3D', 0, 5312, 0, 46, NULL, 1508319990, 1508319990),
(72, '1d441114d06d415589b454ebd02a5d7a', NULL, '2017-10-18T11:29:53.138940+03:00', 'active', 0, NULL, '425741960.17', 'UAH', 1, 'https://auction-sandbox.ea.openprocurement.org/insider-auctions/39089aceefb34538befbdb4a76a306fb/login?bidder_id=1d441114d06d415589b454ebd02a5d7a&signature=j3O2mhTsI2Yj9cL6UBzTMlW6UyvmeBv%2BvbSBwZGSQ/TrhoGAcnQ5m2YkO8bM4OS7iwFg5H5Hf1wDLK/fP7ieBg%3D%3D', 0, 5264, 0, 48, NULL, 1508319991, 1508319991),
(73, 'bc0425c0dc9441868621371270eaa715', NULL, '2017-10-18T11:11:46.931994+03:00', 'invalid', 0, NULL, '0.00', 'UAH', 0, 'https://auction-sandbox.ea.openprocurement.org/insider-auctions/5f503ba1b2cd4b9f86e77e10c31df02e/login?bidder_id=bc0425c0dc9441868621371270eaa715&signature=OxAiBynSkMfzJhrrbt2utsEnoR3UUOeZuq%2BxFhlZsevK/ThAQj%2BAVrBfQGOWYDraAERZuuiTXAC%2BMyaDCZaWAA%3D%3D', 0, 5269, 0, 49, NULL, 1508319991, 1508319991),
(74, '45aafb1f459c468591d51d022610b25c', NULL, '2017-10-18T11:30:23.281053+03:00', 'active', 0, NULL, '901112720.50', 'UAH', 1, 'https://auction-sandbox.ea.openprocurement.org/insider-auctions/0929620904cb4827ba78cef0410496a1/login?bidder_id=45aafb1f459c468591d51d022610b25c&signature=AZz3Crgfy/H%2BHJQiPXk2D7J4GVumndfriSqDpoEZNyZJbiPA7X/jmOgGPH6uGsyzBWJhmFJsjgKaSeHNB1WcAQ%3D%3D', 0, 456, 0, 50, NULL, 1508319992, 1508319992),
(75, 'c3851cb92c6441af9e71f418b21f59b6', NULL, '2017-10-18T11:28:19.416229+03:00', 'invalid', 0, NULL, '0.00', 'UAH', 0, 'https://auction-sandbox.ea.openprocurement.org/insider-auctions/0929620904cb4827ba78cef0410496a1/login?bidder_id=c3851cb92c6441af9e71f418b21f59b6&signature=ndS4LnfDFUD/8IJSb/50UHxaz0hhAMggIcHSv6doElw3BnQ7LuLE421s6QnC/yYBHTDJ9P/D1fTYswwnY0VUDw%3D%3D', 0, 5268, 0, 50, NULL, 1508319992, 1508319992),
(76, '36082729e1e64d2cb99e5b4aef49a4ce', NULL, '2017-10-18T12:03:44.048993+03:00', 'active', 0, NULL, '860587841.54', 'UAH', 1, 'https://auction-sandbox.ea.openprocurement.org/insider-auctions/1c10ee08595e4e899b1fd8b3911ebcc2/login?bidder_id=36082729e1e64d2cb99e5b4aef49a4ce&signature=l1SjymjkruC7YkfSnkLA%2BuLsYRJLGGy12y5BEzHH1QPzkDr98/Rfvj4D/AD0h15KLefXeQ0X9GbkkWNau4ZGDg%3D%3D', 0, 5267, 0, 51, NULL, 1508319993, 1508319993),
(77, '7ff5081189474a17935138fc390cbf97', NULL, '2017-10-18T11:58:22.786984+03:00', 'active', 0, NULL, '860587840.54', 'UAH', 1, 'https://auction-sandbox.ea.openprocurement.org/insider-auctions/1c10ee08595e4e899b1fd8b3911ebcc2/login?bidder_id=7ff5081189474a17935138fc390cbf97&signature=plAOUAHeW4XldBEpBIYVztzAqIxMi2wb6w3oMI0pxmR0A7oDkUqs8NAFeUUdL9VWDSx3JAlPuNENDdFV/Jo7BA%3D%3D', 0, 5615, 0, 51, NULL, 1508319993, 1508319993),
(78, '24588de16acf41799203fa1093def29d', NULL, '2017-10-18T12:03:21.301010+03:00', 'active', 0, NULL, '2103.00', 'UAH', 0, 'https://auction-sandbox.ea.openprocurement.org/insider-auctions/d59201ccb2584ad4b481a0be9df45cfc/login?bidder_id=24588de16acf41799203fa1093def29d&signature=qDjQAalY2JuNfduz8ayWloFBt5/0KgW8wRZwbjZ7pz980sf7BAkAcTKGgLC0IYQeFABi2L1P2sIxHR51YZapDg%3D%3D', 0, 5646, 0, 52, NULL, 1508319993, 1508319993),
(79, '3e45904228d5406fb6d0050667658883', NULL, '2017-10-18T12:13:37.054655+03:00', 'active', 0, NULL, '24056.00', 'UAH', 0, 'https://auction-sandbox.ea.openprocurement.org/insider-auctions/d59201ccb2584ad4b481a0be9df45cfc/login?bidder_id=3e45904228d5406fb6d0050667658883&signature=4PZo5aSZ9TjkUPcvdb3qPPfc%2B7zlggzOKB7kH0eViYbgrA7VjfhMSS6XJBKb1i%2BhJ3gX1dNc1R1uFd57ZmElCg%3D%3D', 0, 5416, 0, 52, NULL, 1508319993, 1508319993),
(80, '2a73bdc29b764888bc2a5396000bf221', NULL, '2017-10-18T11:07:42.820132+03:00', 'invalid', 0, NULL, '0.00', 'UAH', 0, 'https://auction-sandbox.ea.openprocurement.org/insider-auctions/8d660dc2ef694ad29c4d47e4a8f22f16/login?bidder_id=2a73bdc29b764888bc2a5396000bf221&signature=WrYl9iwy7r6kMlEjUn1PeEXRm4loCnfb6A2QchLJtsLeSWS/dJgPQatp4v47JzhV01eoMiWKl9U2T0hdQUjXAg%3D%3D', 0, 5337, 0, 53, NULL, 1508319994, 1508319994),
(81, '634b947597a540acbf029b25cc3544db', NULL, '2017-10-18T12:11:39.130444+03:00', 'invalid', 0, NULL, '0.00', 'UAH', 0, 'https://auction-sandbox.ea.openprocurement.org/insider-auctions/8d660dc2ef694ad29c4d47e4a8f22f16/login?bidder_id=634b947597a540acbf029b25cc3544db&signature=0eXqZ6LEF77N9Z9vhGdqyJKk0qHiubwvR1noutnuWNFupjdHdH%2BLiu0deuo4eSjjHxnWnkyLPw4yunpxeFS/Dg%3D%3D', 0, 5268, 0, 53, NULL, 1508319994, 1508319994),
(82, 'ab1d37b5ed0b4acc9f4a440866206bbb', NULL, '2017-10-18T11:56:25.049359+03:00', 'active', 0, NULL, '10000.00', 'UAH', 0, 'https://auction-sandbox.ea.openprocurement.org/insider-auctions/8c444777532940d289bd96be0bd338d4/login?bidder_id=ab1d37b5ed0b4acc9f4a440866206bbb&signature=QoeFocCk9MtlpAxsun9laIAif37HCUWXaJ4KCDmf%2BZrLVhXoOkDYDeO9o9qZdBPVz9uoDNtcesJQMOf4C4q8CA%3D%3D', 0, 5423, 0, 57, NULL, 1508319996, 1508319996),
(83, 'ea485d674e2a4b2db27cd36691528152', NULL, '2017-10-18T12:06:46.528796+03:00', 'active', 0, NULL, '50000.00', 'UAH', 0, 'https://auction-sandbox.ea.openprocurement.org/insider-auctions/8c444777532940d289bd96be0bd338d4/login?bidder_id=ea485d674e2a4b2db27cd36691528152&signature=oVRloRXDuSuyH1kW7XxoSBZ3TNSa1SC/jolMFSOLR5D3P%2BQw83GxG4DZmWZ402fybqDqVn/RKQ4I3PTwyBhsAg%3D%3D', 0, 5374, 0, 57, NULL, 1508319996, 1508319996),
(84, 'ab7b99f617b442f4876afee4fef889f2', NULL, '2017-10-18T11:10:14.682355+03:00', 'invalid', 0, NULL, '0.00', 'UAH', 0, 'https://auction-sandbox.ea.openprocurement.org/insider-auctions/59b7e991249e40fb84dda1f813d3f93c/login?bidder_id=ab7b99f617b442f4876afee4fef889f2&signature=KxtLcijKBqmNF4TN9i5VKqrZtnjiHDj4qTb676GqUwpaOaJZ0QxO2cTbQOdF5uPLse1E6L5yeUfWIafZIKwDDg%3D%3D', 0, 5337, 0, 65, NULL, 1508320000, 1508320000),
(85, '89b335ee6f0d4190aff5d9dcd622a29d', NULL, '2017-10-18T12:12:27.907249+03:00', 'invalid', 0, NULL, '0.00', 'UAH', 0, 'https://auction-sandbox.ea.openprocurement.org/insider-auctions/59b7e991249e40fb84dda1f813d3f93c/login?bidder_id=89b335ee6f0d4190aff5d9dcd622a29d&signature=/Xb6ZmnwXthYTl2ppO5oH1zFH1rsK8/ZCa/WeKjD6FuA6GASKFShZSygRmfEk%2B9x4Gd41p/1Ueh58TrxiYZOCw%3D%3D', 0, 5292, 0, 65, NULL, 1508320000, 1508320000),
(86, '299d0165c1ce483baee1be6e3f8b6743', NULL, '2017-10-18T11:12:09.041740+03:00', 'invalid', 0, NULL, '0.00', 'UAH', 0, 'https://auction-sandbox.ea.openprocurement.org/insider-auctions/87ac5a3ddbcd46bca96fc7973d4487ed/login?bidder_id=299d0165c1ce483baee1be6e3f8b6743&signature=X0x/rujjacoY4DKlrtIqfhiRaJG1G8shgsZGXMiuRWa1jRJD2/jNFYlaPnYlcTW2%2By2RZjfQg3/sgUek2BsOBQ%3D%3D', 0, 5320, 0, 68, NULL, 1508320001, 1508320001),
(87, '88a6811c751f4f6c8f0afec7ffb4638e', NULL, '2017-10-18T11:52:55.373837+03:00', 'active', 0, NULL, '46000.00', 'UAH', 0, 'https://auction-sandbox.ea.openprocurement.org/insider-auctions/d5face44510942ac8ca45f6c7a4df422/login?bidder_id=88a6811c751f4f6c8f0afec7ffb4638e&signature=AqlhZVy/oqy3AvCPcGxXsu82iv5DschEY0wwkwemzXwjEdqno0dx1mOhCPgZqB4bLa0sxKAnJr0enCnoODTVCQ%3D%3D', 0, 5646, 0, 69, NULL, 1508320002, 1508320002),
(88, '244f5d26bf2649668374efafd5e30afc', NULL, '2017-10-18T11:43:04.932384+03:00', 'active', 0, NULL, '45099.63', 'UAH', 0, 'https://auction-sandbox.ea.openprocurement.org/insider-auctions/d5face44510942ac8ca45f6c7a4df422/login?bidder_id=244f5d26bf2649668374efafd5e30afc&signature=fRrdMuuXRPm%2Bluwp%2B9u23P7Yo3K0Vq0F3Ak2skaKSBC9d89SFp9x0yQ0qu1CovGV5F8Nh6ebGoggZEaFTiLgDw%3D%3D', 0, 5416, 0, 69, NULL, 1508320002, 1508320002),
(89, '384ef32bc357426ba4e74827d1f3ee2e', NULL, '2017-10-18T11:43:09.068055+03:00', 'active', 0, NULL, '3000.00', 'UAH', 0, 'https://auction-sandbox.ea.openprocurement.org/insider-auctions/d5face44510942ac8ca45f6c7a4df422/login?bidder_id=384ef32bc357426ba4e74827d1f3ee2e&signature=JP0dhRpPZTDvfv03ZiZHZESOZ4FISh3NF7exUc4gkrxIfoiVEn/dar9tzb4SQl5riiHEiC9%2BFvST1gV9Wu/8AQ%3D%3D', 0, 5635, 0, 69, NULL, 1508320002, 1508320002),
(90, '8df32eb3ec1b40329faaf568f7e142ce', NULL, '2017-10-18T12:12:45.089506+03:00', 'active', 0, NULL, '171866946.65', 'UAH', 1, 'https://auction-sandbox.ea.openprocurement.org/insider-auctions/29640ff669354c5d802fe3073eed247a/login?bidder_id=8df32eb3ec1b40329faaf568f7e142ce&signature=x%2BgLkQlin0EDMx/j//12T5el6G3jfTrJq46NQkHsO/S4lAPmXGVKHoSEzhcMkH33Mbxgbm4p2AEGxs3oYm6RCw%3D%3D', 0, 5308, 0, 70, NULL, 1508320003, 1508320003),
(91, 'b32c3724fdc940259745a81494069ae8', NULL, '2017-10-18T12:02:25.379303+03:00', 'active', 0, NULL, '171866945.65', 'UAH', 1, 'https://auction-sandbox.ea.openprocurement.org/insider-auctions/29640ff669354c5d802fe3073eed247a/login?bidder_id=b32c3724fdc940259745a81494069ae8&signature=%2B1053GWz2z9c%2Beh3hA4cgoFF5f8xaRqoYDFzos%2BuJyxdAD/pqbqqK3JwVEnm1nPSGmH1XcUUsk1KNfGo40WBBw%3D%3D', 0, 5295, 0, 70, NULL, 1508320003, 1508320003),
(92, '0c47d81f837d43ac8eb6aaec1b710df5', NULL, '2017-10-18T12:05:23.208728+03:00', 'active', 0, NULL, '811643012.71', 'UAH', 1, 'https://auction-sandbox.ea.openprocurement.org/insider-auctions/0b31ca8532634aad9de5fdad69266ac4/login?bidder_id=0c47d81f837d43ac8eb6aaec1b710df5&signature=XfyLkTRNItoyqGAcmBaHvPH52vLJJVARmomhTVwBwJ55zEfvnh7xvovN3l3UbZJPlC%2B7NwZ1jgUFHdl11N38Cg%3D%3D', 0, 5267, 0, 71, NULL, 1508320003, 1508320003),
(93, '132ae1124f424b5c929011f6d8803bc8', NULL, '2017-10-18T12:03:20.075598+03:00', 'invalid', 0, NULL, '0.00', 'UAH', 0, 'https://auction-sandbox.ea.openprocurement.org/insider-auctions/0b31ca8532634aad9de5fdad69266ac4/login?bidder_id=132ae1124f424b5c929011f6d8803bc8&signature=FtJlEZINYTnB4HvxMTrUGAvUHl3uHEGqFHkwEzt9n%2BF/Y/PcKkk0YhUp3UGhHP1z7hIGTPsJl8oBn0wT%2BmTKAA%3D%3D', 0, 5277, 0, 71, NULL, 1508320003, 1508320003),
(94, '7e0024142ac5471097106611e9533e1d', NULL, '2017-10-18T12:06:21.218665+03:00', 'active', 0, NULL, '90005569.54', 'UAH', 1, 'https://auction-sandbox.ea.openprocurement.org/insider-auctions/8c6510da0a2d455ea39a91bc90c9dd20/login?bidder_id=7e0024142ac5471097106611e9533e1d&signature=G2Qn9ZZqhwWtS/ffZ8Yvvv0glXmsHtf3hWQakjpYM6rQuXqmnY06rh8bFZkTyBsquGCZ8W71y9dSVQiHgj0nAg%3D%3D', 0, 5269, 0, 79, NULL, 1508320007, 1508320007),
(95, '4a001d62c563462bab10bb3144e1b74b', NULL, '2017-10-18T12:06:24.567380+03:00', 'invalid', 0, NULL, '0.00', 'UAH', 0, 'https://auction-sandbox.ea.openprocurement.org/insider-auctions/8c6510da0a2d455ea39a91bc90c9dd20/login?bidder_id=4a001d62c563462bab10bb3144e1b74b&signature=gD1qOkaf7OmAN975RVNKbpfjqQDKtGmZBFi9FkEHXnS%2Bo9gmdDBFWORV/QtnZMFp19lX3meDv8ZnR7%2BUxUb8Bw%3D%3D', 0, 5285, 0, 79, NULL, 1508320007, 1508320007),
(96, '943ed00c761a497e8088a7719ae8efea', NULL, '2017-10-18T11:08:50.657824+03:00', 'invalid', 0, NULL, '0.00', 'UAH', 0, 'https://auction-sandbox.ea.openprocurement.org/insider-auctions/32798ed2727a43e68d6b0fa80001cd43/login?bidder_id=943ed00c761a497e8088a7719ae8efea&signature=wW/o5NH0WGUAabvPY8gvS26JOHSFmeXp3M8Itd6n5qcxh92LAv8rPyIk48ILKMr%2BSxdDUyKM1KpoSRgUN9ywAQ%3D%3D', 0, 5531, 0, 80, NULL, 1508320008, 1508320008),
(97, 'ca9e299dc13c4d229951a3e03da32a29', NULL, '2017-10-18T12:21:42.560438+03:00', 'invalid', 0, NULL, '0.00', 'UAH', 0, 'https://auction-sandbox.ea.openprocurement.org/insider-auctions/32798ed2727a43e68d6b0fa80001cd43/login?bidder_id=ca9e299dc13c4d229951a3e03da32a29&signature=msnBX7dF8HmLpNUjSW5f4usvp4mMoQ7SNXv1Mnoteq0pE8ts2PP%2Bjk/WWFCF0lRv9qv8Q0ZjZeJGdudfPsotDQ%3D%3D', 0, 5270, 0, 80, NULL, 1508320008, 1508320008),
(98, 'e2471148d1354dc9ba2440342705004c', NULL, '2017-10-18T12:25:22.605678+03:00', 'active', 0, NULL, '407205363.22', 'UAH', 1, 'https://auction-sandbox.ea.openprocurement.org/insider-auctions/125751b3c56e44b19f984c107d4ef152/login?bidder_id=e2471148d1354dc9ba2440342705004c&signature=N2DjgTLEhWErnqthxGiBdgicz6sFpzYU2amUa8bOjklxN1W9I6wuaudRM3xLoRoSCTL6z6j2s%2Bo3QJYH1if7BA%3D%3D', 0, 5419, 0, 83, NULL, 1508320009, 1508320009),
(99, '405e2e29ce92470bb2244984ecf8dfd4', NULL, '2017-10-18T12:15:09.767378+03:00', 'active', 0, NULL, '407205362.22', 'UAH', 1, 'https://auction-sandbox.ea.openprocurement.org/insider-auctions/125751b3c56e44b19f984c107d4ef152/login?bidder_id=405e2e29ce92470bb2244984ecf8dfd4&signature=LF6Mx4S4wbOR/JGJi881EUDuhXqmx1%2B9ngyg6jPA61Jh511PHqlF2avio7kTHVcJ9ButBMNU9UucGSnf/CuaCQ%3D%3D', 0, 5268, 0, 83, NULL, 1508320009, 1508320009),
(100, 'de52d42b007f4dc0b735525356c744b2', NULL, '2017-10-18T12:28:03.756009+03:00', 'active', 0, NULL, '547309057.83', 'UAH', 1, 'https://auction-sandbox.ea.openprocurement.org/insider-auctions/10355cd4d47c4c2e8d10b446205e761d/login?bidder_id=de52d42b007f4dc0b735525356c744b2&signature=xdJPWqBUEVmAqa/Yf30x85zqBMudo3r65jed3x8ZnZCLPZ5wWPNlVlst1G/s2ZhWagRLMj5PeVxizDS3BKQRDw%3D%3D', 0, 5321, 0, 85, NULL, 1508320010, 1508320010),
(101, '1886a92908654ba69c01390ecdd17ace', NULL, '2017-10-18T12:17:55.819149+03:00', 'active', 0, NULL, '547309056.83', 'UAH', 1, 'https://auction-sandbox.ea.openprocurement.org/insider-auctions/10355cd4d47c4c2e8d10b446205e761d/login?bidder_id=1886a92908654ba69c01390ecdd17ace&signature=WrGhPmAypIUEzZPlARvhj3s/n2yTspT3%2B6b7jFu7/F1p2BbVWj3NBFZocxRI6rs1v4mBBY0J4Za/YlPex%2BpfDQ%3D%3D', 0, 5277, 0, 85, NULL, 1508320010, 1508320010),
(102, '55d7384e58714813948894ca30caef2a', NULL, '2017-10-18T11:13:00.606259+03:00', 'invalid', 0, NULL, '0.00', 'UAH', 0, 'https://auction-sandbox.ea.openprocurement.org/insider-auctions/aae76e39ff884fffa0ee1df3e0fa9b0d/login?bidder_id=55d7384e58714813948894ca30caef2a&signature=aaiJ93M4MEGDOl5bM2FB4KLrkVfhoHCc%2BghXsM2BV2eO3t3i6FmYmqBjsV%2BGw912yJJs%2B3VviDZJBS283IMkDg%3D%3D', 0, 5403, 0, 87, NULL, 1508320011, 1508320011),
(103, 'ce88d148aa8b46b1b5cc1eac20c63b02', NULL, '2017-10-18T12:23:12.615128+03:00', 'active', 0, NULL, '770336927.10', 'UAH', 1, 'https://auction-sandbox.ea.openprocurement.org/insider-auctions/5106dd5902e64c5db3cb051803c87587/login?bidder_id=ce88d148aa8b46b1b5cc1eac20c63b02&signature=y2rtTg2TIaJ44UzHW2UDDP8qohHF/ABscNOx9se47Jpx4rKPXQeGBtBIFfaG9LV6f58gojUcDvTJDwiMBp2QDg%3D%3D', 0, 5276, 0, 89, NULL, 1508320012, 1508320012),
(104, 'f465282ac07f4892b7760ad739112f85', NULL, '2017-10-18T12:13:15.476831+03:00', 'active', 0, NULL, '770336926.10', 'UAH', 1, 'https://auction-sandbox.ea.openprocurement.org/insider-auctions/5106dd5902e64c5db3cb051803c87587/login?bidder_id=f465282ac07f4892b7760ad739112f85&signature=6T/56gBCh5%2BO8ToxNXs%2B%2B1t5hjEHK3Sd2GyKdgwCqSAdkKxFx2ESyTJ2wa88eWPw2tSgghO04NWqZLQuY2hfDQ%3D%3D', 0, 5431, 0, 89, NULL, 1508320012, 1508320012),
(105, '6c6e820798374fa7bd134c56254d6863', NULL, '2017-10-18T12:17:31.708242+03:00', 'active', 0, NULL, '377247329.57', 'UAH', 1, 'https://auction-sandbox.ea.openprocurement.org/insider-auctions/6bfbbae86c924c2297b04127b9d1c2e9/login?bidder_id=6c6e820798374fa7bd134c56254d6863&signature=VLYyqWXfeb9VeyxdKr5YWa4r5asbla32vax36a8XcO%2BUKhCEDTZIQBxwiG4v0pEY6BLuzPGNvbGtYucx8BnzCw%3D%3D', 0, 5266, 0, 91, NULL, 1508320013, 1508320013),
(106, '5b03a5fec4ab4afe85a2300133ac4d8e', NULL, '2017-10-18T12:13:00.999083+03:00', 'invalid', 0, NULL, '0.00', 'UAH', 0, 'https://auction-sandbox.ea.openprocurement.org/insider-auctions/6bfbbae86c924c2297b04127b9d1c2e9/login?bidder_id=5b03a5fec4ab4afe85a2300133ac4d8e&signature=FBRyuR9EbUV8i45JXVl78QnasIbyImMo4b0J3N%2BKbcuQZvrOVwaDt0jPy1NUcRwvaejf8uox%2BlzwBpSQ7adsBw%3D%3D', 0, 5348, 0, 91, NULL, 1508320013, 1508320013),
(107, 'ba2e5e1ec6af46e5a0befad63399523e', NULL, '2017-10-18T11:48:47.940500+03:00', 'invalid', 0, NULL, '0.00', 'UAH', 0, 'https://auction-sandbox.ea.openprocurement.org/insider-auctions/80488ec196164027bb6401aea2f0db75/login?bidder_id=ba2e5e1ec6af46e5a0befad63399523e&signature=l%2B34fLMCInYOvbaCKQ8eO/XlaPaUW8PVYOPxtwqtv65Nc1IehptIAXyKen8xdY/vvdKdz6FKcvGot0JpL7ReDQ%3D%3D', 0, 456, 0, 93, NULL, 1508320014, 1508320014),
(108, 'ec5aa2a98fa0427d8b2d85350529e7f7', NULL, '2017-10-18T12:14:56.700573+03:00', 'active', 0, NULL, '462317459.78', 'UAH', 1, 'https://auction-sandbox.ea.openprocurement.org/insider-auctions/d19c76ac83014b6995293f1934c30c5a/login?bidder_id=ec5aa2a98fa0427d8b2d85350529e7f7&signature=bho4VtxH%2B8xqhs2HDMpG8j8RjRHo4//JjrKAKMwSA1P3Xml6Wj8EH5J1HNgjdwTHY9lHn5WkR/xfczFcxRIZBA%3D%3D', 0, 5565, 0, 95, NULL, 1508320015, 1508320015),
(109, '25419c42281f48609a0f9e456dad8f25', NULL, '2017-10-18T12:14:29.964510+03:00', 'invalid', 0, NULL, '0.00', 'UAH', 0, 'https://auction-sandbox.ea.openprocurement.org/insider-auctions/d19c76ac83014b6995293f1934c30c5a/login?bidder_id=25419c42281f48609a0f9e456dad8f25&signature=yf05cpiAG8y/eMNatY%2BBpONlGFXxJsQefEG8HkaCdK4gQ7buG90kA47Gq75yyIlZZKwmVj4oce3c1p6onLp7BQ%3D%3D', 0, 5269, 0, 95, NULL, 1508320015, 1508320015),
(110, 'eb34406eadf248049ac7ddc75b4b54a6', NULL, '2017-10-18T12:18:54.474885+03:00', 'active', 0, NULL, '581588598.24', 'UAH', 1, 'https://auction-sandbox.ea.openprocurement.org/insider-auctions/2df1d98be77e4852a86b6a3a8bf197cc/login?bidder_id=eb34406eadf248049ac7ddc75b4b54a6&signature=jhfz3nKjYqf6TumT4ubFcWmMHicKWVF1cbC5Ulh9FlqMxvTv5uWTRDUZwT9b1gFExJAgNdTkFUgJdAMXh749AQ%3D%3D', 0, 5283, 0, 98, NULL, 1508320017, 1508320017),
(111, 'a8d9e2635ca24c408437af68782ee213', NULL, '2017-10-18T12:18:25.550916+03:00', 'invalid', 0, NULL, '0.00', 'UAH', 0, 'https://auction-sandbox.ea.openprocurement.org/insider-auctions/2df1d98be77e4852a86b6a3a8bf197cc/login?bidder_id=a8d9e2635ca24c408437af68782ee213&signature=9J/WNJJRJqSlJV0iMIAWppXOp8jUR9SJEQjNt57lOsSpoibQxXcWYOgmin6O2Q1cbpxT5PNKRkmc5aRfbIdcAQ%3D%3D', 0, 5269, 0, 98, NULL, 1508320017, 1508320017),
(112, '2317283b6bc846f38eb64eedc8d1b1ea', NULL, '2017-10-18T11:44:27.898172+03:00', 'invalid', 0, NULL, '0.00', 'UAH', 0, 'https://auction-sandbox.ea.openprocurement.org/insider-auctions/2356475de875437e98d8213458e141b8/login?bidder_id=2317283b6bc846f38eb64eedc8d1b1ea&signature=oekEOIWSp5w12Ow%2B7fImDtXiukfmIR/dz9S2bb/HHTBaRTjkRW9JTHqO1hCjSt404czhE6kn1qucp6P1GWG2Bw%3D%3D', 0, 5276, 0, 100, NULL, 1508320018, 1508320018),
(113, '29346b89a6ac4c75ad7f71376c9996a7', NULL, '2017-10-18T12:19:47.718396+03:00', 'active', 0, NULL, '708716948.77', 'UAH', 1, 'https://auction-sandbox.ea.openprocurement.org/insider-auctions/4523a5bdeaa04325842541b8f7fc0333/login?bidder_id=29346b89a6ac4c75ad7f71376c9996a7&signature=xk4UMCE4oJoOJhswTeEolUyHgMgKc79CwZeLS66E/g6wvVdful5Kx9zTtBKr6hpsDWVEkkx1NiU%2Bi5j%2BSrTQBw%3D%3D', 0, 5268, 0, 101, NULL, 1508320019, 1508320019),
(114, '57f0fe5d97e74289ad174a355fe13ad7', NULL, '2017-10-18T12:15:37.011732+03:00', 'active', 0, NULL, '708716947.77', 'UAH', 1, 'https://auction-sandbox.ea.openprocurement.org/insider-auctions/4523a5bdeaa04325842541b8f7fc0333/login?bidder_id=57f0fe5d97e74289ad174a355fe13ad7&signature=U3lG%2BYvyWcjRLqygV6nIedI5umGUxi7gI6vyOttAahtG6M1BOn7j%2BBFpHtTpH5CETauSqxY4QLGRiJdwvgezCw%3D%3D', 0, 5643, 0, 101, NULL, 1508320019, 1508320019);

-- --------------------------------------------------------

--
-- Структура таблицы `api_cancellations`
--

CREATE TABLE `api_cancellations` (
  `unique_id` int(11) NOT NULL,
  `id` varchar(255) COLLATE utf8_unicode_ci DEFAULT NULL,
  `reason` text COLLATE utf8_unicode_ci,
  `description` text COLLATE utf8_unicode_ci,
  `status` varchar(25) COLLATE utf8_unicode_ci NOT NULL,
  `date` varchar(35) COLLATE utf8_unicode_ci NOT NULL,
  `cancellationOf` varchar(25) COLLATE utf8_unicode_ci NOT NULL,
  `relatedItem` int(11) DEFAULT NULL,
  `created_at` int(11) NOT NULL,
  `updated_at` int(11) NOT NULL
) ENGINE=InnoDB DEFAULT CHARSET=utf8 COLLATE=utf8_unicode_ci;

-- --------------------------------------------------------

--
-- Структура таблицы `api_classifications`
--

CREATE TABLE `api_classifications` (
  `unique_id` int(11) NOT NULL,
  `id` varchar(25) COLLATE utf8_unicode_ci DEFAULT NULL,
  `scheme` varchar(255) COLLATE utf8_unicode_ci NOT NULL,
  `description` text COLLATE utf8_unicode_ci,
  `uri` int(11) DEFAULT NULL
) ENGINE=InnoDB DEFAULT CHARSET=utf8 COLLATE=utf8_unicode_ci;

--
-- Дамп данных таблицы `api_classifications`
--

INSERT INTO `api_classifications` (`unique_id`, `id`, `scheme`, `description`, `uri`) VALUES
(1, '07220000-7', 'CAV', 'Кредити Фізичних осіб заставні', NULL),
(2, '06020000-8', 'CAV', 'Землі житлової забудови (землі, які використовуються для розміщення житлової забудови (житлові будинки, гуртожитки, господарські будівлі та інше); землі, які використовуються для розміщення гаражного будівництва)', NULL),
(3, '34110000-1', 'CAV', 'Легкові автомобілі', NULL),
(4, '07000000-9', 'CAV', 'Права вимоги за кредитними договорами', NULL),
(5, '04111100-0', 'CAV', 'Квартира', NULL),
(6, '04000000-8', 'CAV', 'Нерухоме майно', NULL),
(7, '07110000-3', 'CAV', 'Кредити Юридичних осіб беззаставні', NULL),
(8, '30190000-7', 'CAV', 'Офісне устаткування та приладдя різне', NULL),
(9, '07123000-7', 'CAV', 'Застава - Земельні ділянки', NULL),
(10, '07127000-5', 'CAV', 'Застава - Інше', NULL),
(11, '05000000-5', 'CAV', 'Цілісний майновий комплекс або майновий комплекс - комплекс активів підприємства', NULL),
(12, '04210000-3', 'CAV', 'Промислова нерухомість', NULL),
(13, '04200000-0', 'CAV', 'Комерційна нерухомість', NULL),
(14, '04232000-3', 'CAV', 'адміністративна будівля, приміщення в адміністративній будівлі', NULL),
(15, '39000000-2', 'CAV', 'Меблі (у тому числі офісні меблі), меблево-декоративні вироби, побутова техніка (крім освітлювального обладнання) та засоби для чищення', NULL),
(16, '07200000-1', 'CAV', 'Кредити Фізичних осіб', NULL),
(17, '06010000-5', 'CAV', 'Землі сільськогосподарського призначення', NULL),
(18, '07120000-6', 'CAV', 'Кредити Юридичних осіб заставні', NULL),
(19, '06000000-2', 'CAV', 'Земельні ділянки', NULL),
(20, '04100000-9', 'CAV', 'Житлова  нерухомість', NULL),
(21, '39130000-2', 'CAV', 'Офісні меблі', NULL),
(22, '39717200-3', 'CAV', 'Кондиціонери', NULL),
(23, '39100000-3', 'CAV', 'Меблі', NULL),
(24, '30123200-9', 'CAV', 'Банкомати', NULL),
(25, '39300000-5', 'CAV', 'Обладнання різне', NULL),
(26, '30000000-9', 'CAV', 'Офісна та комп’ютерна техніка, устаткування та приладдя, крім меблів та пакетів програмного забезпечення', NULL),
(27, '32413100-2', 'CAV', 'Маршрутизатори', NULL),
(28, '16000000-5', 'CAV', 'Сільськогосподарська техніка', NULL),
(29, '04213000-4', 'CAV', 'гараж, станція технічного обслуговування, мийка транспортних засобів, автостоянка, автозаправна станція тощо та їх частини', NULL),
(30, '07100000-0', 'CAV', 'Кредити Юридичних осіб', NULL),
(31, '04233000-0', 'CAV', 'адміністративні приміщення в житлових будинках', NULL),
(32, '07221000-4', 'CAV', 'Застава - Нерухоме майно', NULL),
(33, '07227000-6', 'CAV', 'Застава - Інше', NULL),
(34, '07223000-8', 'CAV', 'Застава - Земельні ділянки', NULL),
(35, '04222000-0', 'CAV', 'магазин (гастроном, універмаг, мінімаркет), аптека, перукарня, хімчистка, пральня, лікарняно-оздоровчий заклад, фізкультурно-оздоровчий заклад тощо', NULL),
(36, '04230000-9', 'CAV', 'Адміністративно-офісна нерухомість', NULL),
(37, '32000000-3', 'CAV', 'Радіо-, телевізійна, комунікаційна, телекомунікаційна та супутня апаратура й обладнання', NULL),
(38, '07210000-4', 'CAV', 'Кредити Фізичних осіб беззаставні', NULL),
(39, '30237280-5', 'CAV', 'Пристрої електроживлення', NULL),
(40, '30236200-4', 'CAV', 'Обладнання для обробки даних', NULL),
(41, '34000000-7', 'CAV', 'Транспортне обладнання та допоміжне приладдя до нього', NULL),
(42, '34138000-3', 'CAV', 'Автотягачі', NULL),
(43, '34220000-5', 'CAV', 'Причепи, напівпричепи та пересувні контейнери', NULL),
(44, '34200000-9', 'CAV', 'Кузови, причепи та напівпричепи', NULL),
(45, '07122000-0', 'CAV', 'Застава - Цілісний майновий комплекс або майновий комплекс - комплекс активів підприємства', NULL),
(46, '07121000-3', 'CAV', 'Застава - Нерухоме майно', NULL),
(47, '04234000-7', 'CAV', 'адміністративні приміщення в цокольних, підвальних, мансардних частинах будівлі ', NULL),
(48, '30200000-1', 'CAV', 'Комп’ютерне обладнання та приладдя', NULL),
(49, '04220000-6', 'CAV', 'Торгова нерухомість', NULL),
(50, '42500000-1', 'CAV', 'Охолоджувальне та вентиляційне обладнання', NULL),
(51, '30100000-0', 'CAV', 'Офісні техніка, устаткування та приладдя, крім комп’ютерів, принтерів та меблів', NULL),
(52, '32300000-6', 'CAV', 'Радіо- і телевізійні приймачі, апаратура для запису та відтворення аудіо- та відеоматеріалу', NULL),
(53, '34144440-4', 'CAV', 'Снігоприбиральні машини', NULL),
(54, '30192000-1', 'CAV', 'Офісне приладдя', NULL),
(55, '34950000-1', 'CAV', 'Тримальні конструкції', NULL),
(56, '42921320-7', 'CAV', 'Пакувальні машини', NULL),
(57, '04114200-2', 'CAV', 'Будинок в садовому кооперативі', NULL),
(58, '30233000-1', 'CAV', 'Пристрої для зберігання та зчитування даних', NULL),
(59, '39293000-2', 'CAV', 'Штучні вироби', NULL),
(60, '34311120-7', 'CAV', 'Дизельні двигуни', NULL),
(61, '32420000-3', 'CAV', 'Мережеве обладнання', NULL),
(62, '06030000-1', 'CAV', 'Землі громадської забудови (землі, які використовуються для розміщення громадських будівель і споруд (готелів, офісних будівель, торговельних будівель, для публічних виступів, для музеїв та бібліотек, для навчальних та дослідних закладів, для лікарень та оздоровчих закладів), інших об\'єктів загального користування)', NULL),
(63, '30199000-0', 'CAV', 'Паперове канцелярське приладдя та інші паперові вироби', NULL),
(64, '30132300-6', 'CAV', 'Сортувальні машини', NULL),
(65, '04111000-9', 'CAV', 'Квартира в будинку малоповерхового житлового будівництва', NULL),
(66, '30142200-8', 'CAV', 'Касові апарати', NULL),
(67, '30191000-4', 'CAV', 'Офісне устаткування, крім меблів', NULL),
(68, '30141000-9', 'CAV', 'Лічильні машини', NULL),
(69, '30144000-0', 'CAV', 'Лічильні апарати', NULL),
(70, '32550000-3', 'CAV', 'Телефонне обладнання', NULL),
(71, '04115200-9', 'CAV', 'Домоволодіння', NULL),
(72, '30132000-3', 'CAV', 'Сортувальне обладнання', NULL),
(73, '39298500-2', 'CAV', 'Оздоби', NULL),
(74, '32541000-7', 'CAV', 'Комутаційне обладнання', NULL),
(75, '30140000-2', 'CAV', 'Лічильна та обчислювальна техніка', NULL),
(76, '30142000-6', 'CAV', 'Обчислювальна техніка та касові апарати', NULL),
(77, '32235000-9', 'CAV', 'Системи відеоспостереження замкнутого типу', NULL),
(78, '32500000-8', 'CAV', 'Телекомунікаційне обладнання та приладдя', NULL),
(79, '34942200-4', 'CAV', 'Пульти сигналізації, централізації і блокування', NULL),
(80, '32546000-2', 'CAV', 'Цифрове комутаційне обладнання', NULL),
(81, '42961100-1', 'CAV', 'Системи контролю доступу', NULL),
(82, '07126000-8', 'CAV', 'Застава - Транспортне обладнання та допоміжне приладдя до нього', NULL),
(83, '32429000-6', 'CAV', 'Обладнання для телефонних мереж', NULL),
(84, '34900000-6', 'CAV', 'Транспортне обладнання та запасні частини різні', NULL),
(85, '30199340-5', 'CAV', 'Нерозрізні бланки', NULL),
(86, '34121100-2', 'CAV', 'Громадські автобуси', NULL),
(87, '34928200-0', 'CAV', 'Огорожі', NULL),
(88, '32522000-8', 'CAV', 'Телекомунікаційне обладнання', NULL),
(89, '34223000-6', 'CAV', 'Причепи та напівпричепи', NULL),
(90, '39190000-0', 'CAV', 'Шпалери та інші настінні покриття', NULL),
(91, '39131100-0', 'CAV', 'Архівні стелажі', NULL),
(92, '32442000-3', 'CAV', 'Термінальне обладнання', NULL),
(93, '39710000-2', 'CAV', 'Електричні побутові прилади', NULL),
(94, '34115300-9', 'CAV', 'Транспортні засоби, що були у використанні', NULL),
(95, '32551200-2', 'CAV', 'Автоматичні телефонні станції', NULL),
(96, '32441100-7', 'CAV', 'Телеметричні системи відеоспостереження', NULL),
(97, '39151100-6', 'CAV', 'Стелажі', NULL),
(98, '34924000-0', 'CAV', 'Динамічні інформаційні табло', NULL),
(99, '04112000-6', 'CAV', 'квартира в будинку багатоповерхового житлового будівництва', NULL),
(100, '32323500-8', 'CAV', 'Системи відеоспостереження', NULL),
(101, '39714110-4', 'CAV', 'Витяжні вентилятори', NULL),
(102, '42000000-6', 'CAV', 'Промислова техніка', NULL),
(103, '39715200-9', 'CAV', 'Опалювальне обладнання', NULL),
(104, '34114400-3', 'CAV', 'Мікроавтобуси', NULL),
(105, '34324000-4', 'CAV', 'Колеса, частини та приладдя до них', NULL),
(106, '30236000-2', 'CAV', 'Комп’ютерне обладнання різне', NULL),
(107, '07124000-4', 'CAV', 'Застава - Сільськогосподарська техніка', NULL),
(108, '04212000-7', 'CAV', 'будівля складу, ангар тощо та їх частини', NULL),
(109, '30230000-0', 'CAV', 'Комп’ютерне обладнання', NULL),
(110, '32324000-0', 'CAV', 'Телевізори', NULL),
(111, '42923200-4', 'CAV', 'Ваги', NULL),
(112, '42921300-1', 'CAV', 'Пакувальні чи обгортальні машини', NULL),
(113, '32543000-1', 'CAV', 'Телефонні комутатори', NULL),
(114, '34351100-3', 'CAV', 'Автомобільні шини', NULL),
(115, '34111200-0', 'CAV', 'Легкові автомобілі типу «седан»', NULL),
(116, '34990000-3', 'CAV', 'Регулювальне, запобіжне, сигнальне та освітлювальне обладнання', NULL),
(117, '08120000-3', 'CAV', 'Корпоративні права Товариства з обмеженою відповідальністю', NULL),
(118, '30191100-5', 'CAV', 'Архівне устаткування', NULL),
(119, '42600000-2', 'CAV', 'Верстати', NULL),
(120, '34114000-9', 'CAV', 'Транспортні засоби спеціального призначення', NULL),
(121, '42638000-7', 'CAV', 'Металообробні центри', NULL),
(122, '39533000-7', 'CAV', 'Килими', NULL),
(123, '34111000-8', 'CAV', 'Легкові автомобілі типів «універсал» та «седан»', NULL),
(124, '04211000-0', 'CAV', 'промислова заводська, фабрична будівля та їх частини', NULL),
(125, '42414150-7', 'CAV', 'Баштові крани', NULL),
(126, '34142300-7', 'CAV', 'Вантажні автомобілі-самоскиди', NULL),
(127, '34115000-6', 'CAV', 'Інші легкові автомобілі', NULL),
(128, '07226000-9', 'CAV', 'Застава - Транспортне обладнання та допоміжне приладдя до нього', NULL),
(129, '04112100-7', 'CAV', 'Квартира', NULL),
(130, '34223300-9', 'CAV', 'Причепи', NULL),
(131, '06092000-3', 'CAV', 'Землі запасу, резервного фонду та загального користування', NULL),
(132, '04111200-1', 'CAV', 'Таунхаус', NULL),
(133, '30232120-1', 'CAV', 'Матричні принтери', NULL),
(134, '34130000-7', 'CAV', 'Мототранспортні вантажні засоби', NULL),
(135, '32552100-8', 'CAV', 'Телефони', NULL),
(136, '39174000-2', 'CAV', 'Вивіски', NULL),
(137, '32546100-3', 'CAV', 'Цифрові комутатори', NULL),
(138, '30232000-4', 'CAV', 'Устаткування периферійне ', NULL),
(139, '32323300-6', 'CAV', 'Відеообладнання', NULL),
(140, '32540000-0', 'CAV', 'Комутаційні щити', NULL),
(141, '39121100-7', 'CAV', 'Письмові столи', NULL),
(142, '39121000-6', 'CAV', 'Письмові та інші столи', NULL),
(143, '32400000-7', 'CAV', 'Мережі', NULL),
(144, '32410000-0', 'CAV', 'Локальні мережі', NULL),
(145, '39298900-6', 'CAV', 'Декоративні вироби різні', NULL),
(146, '32331300-5', 'CAV', 'Звуковідтворювальна апаратура', NULL),
(147, '07125000-1', 'CAV', 'Застава - Промислова техніка', NULL),
(148, '05070000-6', 'CAV', 'Готельні комплекси', NULL),
(149, '34510000-5', 'CAV', 'Судна', NULL),
(150, '39132000-6', 'CAV', 'Шафи-картотеки', NULL),
(151, '42960000-3', 'CAV', 'Системи керування та контролю, друкарське і графічне обладнання та обладнання для автоматизації офісу й обробки інформації', NULL),
(152, '30123000-7', 'CAV', 'Організаційна техніка', NULL),
(153, '39151000-5', 'CAV', 'Меблі різні', NULL),
(154, '34121000-1', 'CAV', 'Міські та туристичні автобуси', NULL),
(155, '42414400-5', 'CAV', 'Автокрани', NULL),
(156, '42416400-9', 'CAV', 'Ескалатори', NULL),
(157, '04115000-7', 'CAV', 'садибний (індивідуальний) будинок малоповерхового житлового будівництва  ', NULL),
(158, '42113110-5', 'CAV', 'Опорні плити', NULL),
(159, '34410000-4', 'CAV', 'Мотоцикли', NULL),
(160, '04225000-1', 'CAV', 'кіоск, павільйон, намет, інші об’єкти, що належать до малих архітектурних форм', NULL),
(161, '04231000-6', 'CAV', 'бізнес-центр, приміщення в бізнес-центрі', NULL),
(162, '42964000-1', 'CAV', 'Обладнання для автоматизації офісу', NULL),
(163, '34221000-2', 'CAV', 'Пересувні контейнери спеціального призначення', NULL),
(164, '30237475-9', 'CAV', 'Електричні сенсори', NULL),
(165, '30231320-6', 'CAV', 'Монітори з сенсорним екраном', NULL),
(166, '07222000-1', 'CAV', 'Застава - Цілісний майновий комплекс або майновий комплекс - комплекс активів підприємства', NULL),
(167, '39294100-0', 'CAV', 'Інформаційна та рекламна продукція', NULL),
(168, '39111000-3', 'CAV', 'Сидіння', NULL),
(169, '39515400-9', 'CAV', 'Жалюзі', NULL),
(170, '39515430-8', 'CAV', 'Горизонтальні жалюзі', NULL),
(171, '39715300-0', 'CAV', 'Санітарно-технічне обладнання', NULL),
(172, '04113000-3', 'CAV', 'гуртожиток, житловий будинок коридорного, у тому числі галерейного, готельного типу (будинок для малосімейних) та його частини', NULL),
(173, '39531000-3', 'CAV', 'Килимові покриття', NULL),
(174, '34113300-5', 'CAV', 'Позашляхові засоби транспортні', NULL),
(175, '34223310-2', 'CAV', 'Причепи загального призначення', NULL),
(176, '32573000-0', 'CAV', 'Системи зв’язкового керування', NULL),
(177, '34100000-8', 'CAV', 'Мототранспортні засоби', NULL),
(178, '34711100-5', 'CAV', 'Літаки', NULL),
(179, '05060000-3', 'CAV', 'Складські логістичні комплекси', NULL),
(180, '39711310-5', 'CAV', 'Електричні кавоварки', NULL),
(181, '34223340-1', 'CAV', 'Причепи-цистерни', NULL),
(182, '04114000-0', 'CAV', 'садовий (дачний) будинок малоповерхового житлового будівництва', NULL),
(183, '08000000-6', 'CAV', 'Корпоративні права', NULL),
(184, '04115100-8', 'CAV', 'Котедж', NULL),
(185, '34999100-7', 'CAV', 'Генератори сигналів', NULL),
(186, '05010000-8', 'CAV', 'Молокозаводи', NULL),
(187, '39132200-8', 'CAV', 'Багатошухлядні шафи-картотеки', NULL),
(188, '32552310-3', 'CAV', 'Цифрові телефонні станції', NULL),
(189, '34111100-9', 'CAV', 'Легкові автомобілі типу «універсал»', NULL),
(190, '05091000-9', 'CAV', 'Кафе, ресторани', NULL),
(191, '34144750-0', 'CAV', 'Вантажоперевізні транспортні засоби', NULL),
(192, '34137000-6', 'CAV', 'Вантажні транспортні засоби, що були у використанні', NULL),
(193, '30197630-1', 'CAV', 'Папір для друку', NULL),
(194, '32236000-6', 'CAV', 'Радіотелефони', NULL),
(195, '32412000-4', 'CAV', 'Комунікаційні мережі', NULL),
(196, '34933000-6', 'CAV', 'Навігаційне обладнання', NULL),
(197, '42961000-0', 'CAV', 'Системи керування та контролю', NULL),
(198, '34928520-9', 'CAV', 'Ліхтарні стовпи', NULL),
(199, '34928310-4', 'CAV', 'Захисні огорожі', NULL),
(200, '39150000-8', 'CAV', 'Меблі та приспособи різні', NULL),
(201, '39515440-1', 'CAV', 'Вертикальні жалюзі', NULL),
(202, '39717000-1', 'CAV', 'Вентилятори та кондиціонери', NULL),
(203, '34330000-9', 'CAV', 'Запасні частини до вантажних транспортних засобів, фургонів та легкових автомобілів', NULL),
(204, '32570000-9', 'CAV', 'Комунікаційне обладнання', NULL),
(205, '30132100-4', 'CAV', 'Обладнання для сортування кореспонденції', NULL),
(206, '30216130-6', 'CAV', 'Сканери штрих-кодів', NULL),
(207, '30195913-5', 'CAV', 'Стенди для фліпчартів', NULL),
(208, '30192151-4', 'CAV', 'Пломбіратори', NULL),
(209, '32223000-2', 'CAV', 'Апаратура для передавання відеосигналу', NULL),
(210, '39714100-1', 'CAV', 'Вентилятори', NULL),
(211, '39154100-7', 'CAV', 'Виставкові стенди', NULL),
(212, '39515420-5', 'CAV', 'Тканинні жалюзі', NULL),
(213, '39712300-9', 'CAV', 'Сушарки для рук', NULL),
(214, '30141200-1', 'CAV', 'Настільні калькулятори', NULL),
(215, '42921000-8', 'CAV', 'Машини для миття, наповнювання, пакування чи обгортання пляшок або інших посудин', NULL),
(216, '42995000-7', 'CAV', 'Очисні машини різні', NULL),
(217, '07225000-2', 'CAV', 'Застава - Промислова техніка', NULL),
(218, '34923000-3', 'CAV', 'Обладнання для контролю дорожнього руху', NULL),
(219, '32321200-1', 'CAV', 'Аудіовізуальне обладнання', NULL),
(220, '04112200-8', 'CAV', 'Пентхаус', NULL),
(221, '05020000-1', 'CAV', 'АЗС (автоматичні заправні станції)', NULL),
(222, '42222000-8', 'CAV', 'Частини машин для виробництва напоїв', NULL),
(223, '06091000-6', 'CAV', 'Землі промисловості, транспорту, зв\'язку, енергетики, оборони та іншого призначення', NULL),
(224, '42215000-6', 'CAV', 'Машини для промислової обробки чи виробництва продуктів харчування чи напоїв', NULL),
(225, '42991200-1', 'CAV', 'Друкарські машини', NULL),
(226, '32342400-6', 'CAV', 'Акустичні пристрої', NULL),
(227, '08160000-5', 'CAV', 'Корпоративні права інші', NULL),
(228, '06060000-0', 'CAV', 'Землі рекреаційного призначення', NULL),
(229, '06040000-4', 'CAV', 'Землі природно-заповідного фонду та іншого природоохоронного призначення', NULL),
(230, '06070000-3', 'CAV', 'Землі історико-культурного призначення', NULL),
(231, '06050000-7', 'CAV', 'Землі оздоровчого призначення', NULL),
(232, '06080000-6', 'CAV', 'Землі лісогосподарського призначення', NULL),
(233, '39513200-3', 'CAV', 'Земельні ділянки', NULL),
(234, '05030000-4', 'CAV', 'Елеватори, ХПП (хлібо-приймальні підприємства)', NULL),
(235, '08100000-7', 'CAV', 'Корпоративні права (за виключенням тих, що виражені в цінних паперах)', NULL),
(236, '39700000-9', 'CAV', 'Побутова техніка', NULL),
(237, '04111210-4', 'CAV', 'Елінг', NULL),
(238, '34223360-7', 'CAV', 'Заправні причепи', NULL),
(239, '16311100-9', 'CAV', 'Косарки для газонів, парків і спортивних майданчиків', NULL),
(240, '16720000-8', 'CAV', 'Трактори, що були у використанні', NULL),
(241, '16130000-5', 'CAV', 'Сівалки, саджалки та машини для пересаджування', NULL),
(242, '30121410-0', 'CAV', 'Апарати з автоматичним перемиканням режимів телефону/факсу', NULL),
(243, '16120000-2', 'CAV', 'Борони, скарифікатори, культиватори, прополювачі або розпушувачі', NULL),
(244, '16110000-9', 'CAV', '16110000-9', NULL),
(245, '16611100-2', 'CAV', 'Машини для очищення яєць', NULL),
(246, '16331000-4', 'CAV', 'Тюкові преси-підбирачі', NULL),
(247, '34622500-8', 'CAV', 'fsd', NULL),
(248, '39225730-1', 'CAV', 'hjkk', NULL),
(249, '30213400-9', 'CAV', 'fdsfs', NULL),
(250, '39143120-3', 'CAV', 'das', NULL),
(251, '39221230-8', 'CAV', 'dsfds', NULL),
(252, '30234100-9', 'CAV', 'dsasa', NULL),
(253, '32544000-8', 'CAV', 'sdafvsd', NULL),
(254, '42912340-7', 'CAV', 'test', NULL),
(255, '42123400-8', 'CAV', 'test', NULL),
(256, '42123410-1', 'CAV', 'test', NULL),
(257, '42123800-2', 'CAV', 'test', NULL),
(258, '42418940-0', 'CAV', 'test202', NULL),
(259, '42418920-4', 'CAV', 'test203', NULL),
(260, '39143310-2', 'CAV', 'xbnm,', NULL),
(261, '42123200-6', 'CAV', 'daas', NULL),
(262, '39120000-9', 'CAV', 'Столи, серванти, письмові столи та книжкові шафи', NULL),
(263, '42121400-4', 'CAV', 'fdsfds', NULL),
(264, '32342300-5', 'CAV', 'fdsfsd', NULL),
(265, '34327200-7', 'CAV', 'dfds', NULL),
(266, '30111000-0', 'CAV', 'Текстові процесори', NULL),
(267, '30213000-5', 'CAV', 'TEST', NULL),
(268, '30236123-0', 'CAV', 'sdg', NULL),
(269, '42113310-7', 'CAV', 'Test', NULL),
(270, '39226000-2', 'CAV', 'test', NULL),
(271, '42221110-5', 'CAV', 'Test', NULL),
(272, '34432100-5', 'CAV', 'saghfj', NULL),
(273, '32342430-5', 'CAV', 'asdhgfjh', NULL),
(274, '34322200-2', 'CAV', 'dfsgfdh', NULL),
(275, '34515100-1', 'CAV', 'gklj', NULL),
(276, '39224330-0', 'CAV', 'zdef', NULL),
(277, '32344240-0', 'CAV', 'rutjigkhil', NULL),
(278, '32354300-2', 'CAV', 'dgfhjgkhl', NULL),
(279, '34928530-2', 'CAV', 'dsfjgkh', NULL),
(280, '32344220-4', 'CAV', 'ashdgj', NULL),
(281, '34513400-0', 'CAV', 'dhfjhgk', NULL),
(282, '32324400-4', 'CAV', 'sagfd', NULL),
(283, '34411110-5', 'CAV', 'sdfgh', NULL),
(284, '32344210-1', 'CAV', 'asdhg', NULL),
(285, '34422000-1', 'CAV', 'sgfdh', NULL),
(286, '30199330-2', 'CAV', 'asgdfh', NULL),
(287, '32442300-6', 'CAV', 'sagfdh', NULL),
(288, '39221200-9', 'CAV', 'fdsfds', NULL),
(289, '32354200-1', 'CAV', 'fdsdf', NULL),
(290, '32424000-1', 'CAV', 'dsfdsf', NULL),
(291, '39721321-8', 'CAV', 'fdsf', NULL),
(292, '34512950-3', 'CAV', 'dsadsa', NULL),
(293, '42122300-0', 'CAV', 'saf', NULL),
(294, '32342412-3', 'CAV', 'gffdgd', NULL),
(295, '39711320-8', 'CAV', 'wet', NULL),
(296, '42999200-7', 'CAV', 'Промислові підлогонатирачі', NULL),
(297, '34121300-4', 'CAV', 'ada', NULL),
(298, '34320000-6', 'CAV', 'petrol', NULL),
(299, '34312500-2', 'CAV', 'code', NULL),
(300, '42943300-1', 'CAV', 'adsfgh', NULL),
(301, '42418910-1', 'CAV', 'test220', NULL),
(302, '32343200-1', 'CAV', 'test', NULL),
(303, '32552420-7', 'CAV', 'tanks', NULL),
(304, '42418930-7', 'CAV', 'test352', NULL),
(305, '32542000-4', 'CAV', 'fuel', NULL),
(306, '34431000-7', 'CAV', 'sfgdhfjgk', NULL),
(307, '34514900-2', 'CAV', 'test', NULL),
(308, '39312200-4', 'CAV', 'asdf', NULL),
(309, '39298910-9', 'CAV', 'test405', NULL),
(310, '42994230-1', 'CAV', 'fdsf', NULL),
(311, '34352200-1', 'CAV', 'test', NULL),
(312, '42131310-9', 'CAV', 'fdsfs', NULL),
(313, '32342420-2', 'CAV', '235', NULL),
(314, '34324100-5', 'CAV', 'hj', NULL),
(315, '42996700-1', 'CAV', 'hjk', NULL),
(316, '34144520-9', 'CAV', 'jklj', NULL),
(317, '32412110-8', 'CAV', 'sfa', NULL),
(318, '32354800-7', 'CAV', 'socks', NULL),
(319, '32552600-3', 'CAV', 'socks', NULL),
(320, '42123700-1', 'CAV', 'saf', NULL),
(321, '08110000-0', 'CAV', 'Корпоративні права Акціонерного  товариства', NULL),
(322, '39715240-1', 'CAV', 'nuts and bolts', NULL),
(323, '39561130-2', 'CAV', 'cable', NULL),
(324, '30123610-6', 'CAV', '235', NULL),
(325, '32211000-5', 'CAV', 'Виробниче устаткування для телерадіомовлення', NULL),
(326, '30123400-1', 'CAV', 'test', NULL),
(327, '34513100-7', 'CAV', 'socks', NULL),
(328, '30197643-5', 'CAV', 'socks', NULL),
(329, '32332300-2', 'CAV', 'fdsfds', NULL),
(330, '42418900-8', 'CAV', 'test543', NULL),
(331, '30234500-3', 'CAV', 'socks', NULL),
(332, '39111200-5', 'CAV', 'Театральні крісла', NULL),
(333, '30195700-9', 'CAV', 'asdf', NULL),
(334, '30110000-3', 'CAV', 'Текстообробні системи', NULL),
(335, '39561141-2', 'CAV', 'torba', NULL),
(336, '32560000-6', 'CAV', 'wire', NULL),
(337, '30237310-5', 'CAV', 'socks', NULL),
(338, '32251100-8', 'CAV', 'hdsfjhkg', NULL),
(339, '32442400-7', 'CAV', 'fdsfs', NULL),
(340, '42124330-3', 'CAV', 'askj', NULL),
(341, '42123610-3', 'CAV', 'sfsdfs', NULL),
(342, '34928120-5', 'CAV', 'socks', NULL),
(343, '32354700-6', 'CAV', 'socks', NULL),
(344, '39510000-0', 'CAV', 'Вироби домашнього текстилю', NULL),
(345, '42661200-9', 'CAV', 'ddasdas', NULL),
(346, '42996900-3', 'CAV', 'aviation grade petrol', NULL),
(347, '42123100-5', 'CAV', '34534534', NULL),
(348, '39226300-5', 'CAV', 'test25001', NULL),
(349, '39518200-8', 'CAV', 'shoes', NULL),
(350, '39522500-2', 'CAV', 'socks', NULL);

-- --------------------------------------------------------

--
-- Структура таблицы `api_complaints`
--

CREATE TABLE `api_complaints` (
  `unique_id` int(11) NOT NULL,
  `id` varchar(255) COLLATE utf8_unicode_ci DEFAULT NULL,
  `author_id` int(11) NOT NULL,
  `title` varchar(255) COLLATE utf8_unicode_ci NOT NULL,
  `description` text COLLATE utf8_unicode_ci NOT NULL,
  `date` varchar(35) COLLATE utf8_unicode_ci DEFAULT NULL,
  `dateSubmitted` int(11) DEFAULT NULL,
  `dateAnswered` int(11) DEFAULT NULL,
  `dateEscalated` int(11) DEFAULT NULL,
  `dateDecision` int(11) DEFAULT NULL,
  `dateCancelled` int(11) DEFAULT NULL,
  `status` varchar(25) COLLATE utf8_unicode_ci NOT NULL,
  `type` varchar(25) COLLATE utf8_unicode_ci NOT NULL,
  `resolution` text COLLATE utf8_unicode_ci,
  `resolutionType` varchar(25) COLLATE utf8_unicode_ci NOT NULL,
  `satisfied` tinyint(1) NOT NULL,
  `decision` text COLLATE utf8_unicode_ci,
  `cancellationReason` text COLLATE utf8_unicode_ci NOT NULL,
  `relatedLot` varchar(255) COLLATE utf8_unicode_ci NOT NULL,
  `tendererAction` varchar(255) COLLATE utf8_unicode_ci DEFAULT NULL,
  `tendererActionDate` varchar(35) COLLATE utf8_unicode_ci NOT NULL,
  `created_at` int(11) DEFAULT NULL,
  `updated_at` int(11) DEFAULT NULL
) ENGINE=InnoDB DEFAULT CHARSET=utf8 COLLATE=utf8_unicode_ci;

-- --------------------------------------------------------

--
-- Структура таблицы `api_contracts`
--

CREATE TABLE `api_contracts` (
  `unique_id` int(11) NOT NULL,
  `id` varchar(255) COLLATE utf8_unicode_ci DEFAULT NULL,
  `awardID` varchar(255) COLLATE utf8_unicode_ci NOT NULL,
  `contractID` varchar(255) COLLATE utf8_unicode_ci DEFAULT NULL,
  `auction_id` varchar(255) COLLATE utf8_unicode_ci NOT NULL,
  `contractNumber` varchar(255) COLLATE utf8_unicode_ci DEFAULT NULL,
  `title` text COLLATE utf8_unicode_ci,
  `description` text COLLATE utf8_unicode_ci,
  `value_amount` decimal(10,0) DEFAULT NULL,
  `value_currency` varchar(3) COLLATE utf8_unicode_ci DEFAULT NULL,
  `value_valueAddedTaxIncluded` tinyint(1) DEFAULT NULL,
  `status` varchar(25) COLLATE utf8_unicode_ci NOT NULL,
  `period_startDate` varchar(35) COLLATE utf8_unicode_ci DEFAULT NULL,
  `period_endDate` varchar(35) COLLATE utf8_unicode_ci DEFAULT NULL,
  `dateSigned` varchar(35) COLLATE utf8_unicode_ci DEFAULT NULL,
  `date` varchar(35) COLLATE utf8_unicode_ci DEFAULT NULL,
  `created_at` int(11) DEFAULT NULL,
  `updated_at` int(11) DEFAULT NULL
) ENGINE=InnoDB DEFAULT CHARSET=utf8 COLLATE=utf8_unicode_ci;

--
-- Дамп данных таблицы `api_contracts`
--

INSERT INTO `api_contracts` (`unique_id`, `id`, `awardID`, `contractID`, `auction_id`, `contractNumber`, `title`, `description`, `value_amount`, `value_currency`, `value_valueAddedTaxIncluded`, `status`, `period_startDate`, `period_endDate`, `dateSigned`, `date`, `created_at`, `updated_at`) VALUES
(1, '052331a94a914e4c81868f60f445b6f3', 'aff2242b76994914ba55980acff28fe6', 'UA-EA-2017-10-18-000015-2-21', '8c444777532940d289bd96be0bd338d4', '123/44', NULL, NULL, '50000', 'UAH', 0, 'active', NULL, NULL, '2017-10-18T12:15:48+03:00', '2017-10-18T12:17:44.479427+03:00', 1508319996, 1508319996);

-- --------------------------------------------------------

--
-- Структура таблицы `api_documents`
--

CREATE TABLE `api_documents` (
  `unique_id` int(11) NOT NULL,
  `id` varchar(255) COLLATE utf8_unicode_ci DEFAULT NULL,
  `author` varchar(255) COLLATE utf8_unicode_ci DEFAULT NULL,
  `file_id` int(11) DEFAULT NULL,
  `hash` varchar(40) COLLATE utf8_unicode_ci DEFAULT NULL,
  `documentType` varchar(35) COLLATE utf8_unicode_ci NOT NULL,
  `title` varchar(255) COLLATE utf8_unicode_ci NOT NULL,
  `description` text COLLATE utf8_unicode_ci NOT NULL,
  `format` varchar(255) COLLATE utf8_unicode_ci DEFAULT NULL,
  `url` text COLLATE utf8_unicode_ci NOT NULL,
  `datePublished` varchar(35) COLLATE utf8_unicode_ci NOT NULL,
  `dateModified` varchar(255) COLLATE utf8_unicode_ci NOT NULL,
  `language` varchar(25) COLLATE utf8_unicode_ci NOT NULL,
  `documentOf` varchar(25) COLLATE utf8_unicode_ci NOT NULL,
  `relatedItem` varchar(255) COLLATE utf8_unicode_ci DEFAULT NULL,
  `lot_id` int(11) DEFAULT NULL,
  `created_at` int(11) DEFAULT NULL,
  `updated_at` int(11) DEFAULT NULL
) ENGINE=InnoDB DEFAULT CHARSET=utf8 COLLATE=utf8_unicode_ci;

--
-- Дамп данных таблицы `api_documents`
--

INSERT INTO `api_documents` (`unique_id`, `id`, `author`, `file_id`, `hash`, `documentType`, `title`, `description`, `format`, `url`, `datePublished`, `dateModified`, `language`, `documentOf`, `relatedItem`, `lot_id`, `created_at`, `updated_at`) VALUES
(1, 'eb53f6f676fb4920be97cff09a8b2aba', NULL, NULL, NULL, 'x_dgfPlatformLegalDetails', 'Місце та форма прийому заяв на участь в аукціоні та банківські реквізити для зарахування гарантійних внесків', '', NULL, 'http://torgi.fg.gov.ua/prozorrosale', '2017-10-18T05:35:06.231554+03:00', '2017-10-18T05:35:06.231576+03:00', '', 'auction', '1', NULL, 1508319962, 1508319962),
(2, 'c5c9f4c95ed142fbb61c49b97268ad88', NULL, NULL, 'md5:d66b14c91ddce12aa1e2cf80c64297cd', '', 'audit_e11e7531fe244142ba5a23da67be02d5.yaml', '', 'text/plain', 'http://public.docs-sandbox.ea.openprocurement.org/get/dced8cf3fa81493aa926324b5164f830?KeyID=1816418e&Signature=4L1wgVgExykBl%252ByHGIDSiT5d7sBz4jYlUDZ2yO94SRfjXTVlgVZoFKumPLExJcI3%252BR6Hzy0yrGs056owQPD%252BCg%253D%253D', '2017-10-18T06:53:20.610415+03:00', '2017-10-18T06:53:21.487055+03:00', '', 'auction', '1', NULL, 1508319962, 1508319962),
(3, '7dff0f080c15432cb10aabbfb4fd7f40', NULL, NULL, 'md5:cc2c08ec0da4844deec6fe4a7306d4f4', 'financialLicense', 'd-8e9be71elaborevBe5Ec.docx', '', 'text/plain', 'http://public.docs-sandbox.ea.openprocurement.org/get/fade827b3b4d4c079af03844fb2b0be6?KeyID=1816418e&Signature=a1jcrTVTOH0AFykBzwKkgj7RuW0RXM2ss%2FEhnnwuvOJ%252Bf5nb%252BnrN6J5SS1ergfSwjfGaQRzsOJGMswIDjhP3CQ%253D%253D', '2017-10-18T05:35:58.265621+03:00', '2017-10-18T05:35:58.265643+03:00', '', 'bid', '1', NULL, 1508319962, 1508319962),
(4, '771e2408c27440069f1561b748e46927', NULL, NULL, 'md5:ca5986ae72fe57066c362ce76147e4b8', 'financialLicense', 'd-a6cf622evoluptasBQnKwf.docx', '', 'text/plain', 'http://public.docs-sandbox.ea.openprocurement.org/get/5918e8f991c54a64ace8d5e8057cf131?KeyID=1816418e&Signature=nr5%252B3T9tUCsRxJT5Y5g5wfaKjd%252BHMqibfouBQUiGng%252B1ocZKLCIk3oWEPsnikdXFx%2F8h3KUbMNvo%252BCraUW7WBg%253D%253D', '2017-10-18T06:31:55.051423+03:00', '2017-10-18T06:31:55.051460+03:00', '', 'bid', '2', NULL, 1508319962, 1508319962),
(5, '5f7d3be2cbd54ee3bf05f42e4794baa0', NULL, NULL, NULL, 'x_dgfPlatformLegalDetails', 'Місце та форма прийому заяв на участь в аукціоні та банківські реквізити для зарахування гарантійних внесків', '', NULL, 'http://torgi.fg.gov.ua/prozorrosale', '2017-10-18T08:41:45.827983+03:00', '2017-10-18T08:41:45.828006+03:00', '', 'auction', '2', NULL, 1508319963, 1508319963),
(6, 'c1620849d60b4af1834a1f88cf4b9287', NULL, NULL, 'md5:04cada8e3480df28a6cbe2b9778e2074', 'illustration', 'illustration.png', '', 'text/plain', 'http://public.docs-sandbox.ea.openprocurement.org/get/b2740df9544d462aa37662f3ef830036?KeyID=1816418e&Signature=q4ynhBFSh10yawYFcIIybWhOM04Wjz8O5lWMBnpYS1IHPq%2FDfWO95sm4E70fj4NWOS4C0et49kNKo72g04cOCw%253D%253D', '2017-10-18T08:46:35.383002+03:00', '2017-10-18T08:46:35.383025+03:00', '', 'auction', '2', NULL, 1508319963, 1508319963),
(7, 'fbd89c6695a6480eae0dd4ba8a32c2d7', NULL, NULL, NULL, 'virtualDataRoom', 'Sample Virtual Data Room', '', NULL, 'https://dummyimage.com/883x354/5DD97B/5D2171.png', '2017-10-18T08:46:36.907373+03:00', '2017-10-18T08:46:36.907396+03:00', '', 'auction', '2', NULL, 1508319963, 1508319963),
(8, 'a130ee4c334f4b51b57cf21a20462bbd', NULL, NULL, NULL, 'x_dgfPublicAssetCertificate', 'Public Asset Certificate', '', NULL, 'https://dummyimage.com/352x366/9063A3/10EFA9.png', '2017-10-18T08:46:38.547426+03:00', '2017-10-18T08:46:38.547448+03:00', '', 'auction', '2', NULL, 1508319963, 1508319963),
(9, '97f034db325f4e9a9e033cb9ab038c45', NULL, NULL, 'md5:bed41c9af360e60d9e6d243394c66b59', 'x_nda', 'd-19598024minusD70pEJ.pdf', '', 'text/plain', 'http://public.docs-sandbox.ea.openprocurement.org/get/1bb298eed0864575b602a2aa8bfc22c3?KeyID=1816418e&Signature=fDRv41Jdmlo2WiT%252BS9tZcRk9085yOnU9ZY1Vpw53op%2FKQYK3BIT3zmaoJ7n7Ruen2owyGKNLjyf6xI68NJ3cCg%253D%253D', '2017-10-18T08:46:40.620587+03:00', '2017-10-18T08:46:40.620609+03:00', '', 'auction', '2', NULL, 1508319963, 1508319963),
(10, '0fc033e391674b709f67a5cc74a53a36', NULL, NULL, 'md5:d39ab79cfe5f48cc80c83999adb5ff19', 'tenderNotice', 'd-51f13aedinciduntVPf3Rg.pdf', '', 'text/plain', 'http://public.docs-sandbox.ea.openprocurement.org/get/814fb5f00ef94d17880d3fad018e3b38?KeyID=1816418e&Signature=x3K4wecCZosWhAYq0C%252Bvz9bF1jHAeJmuWMtUMlb0%2Far%2F8Ua%252B22njJZjIxAjbAyFVEdNekMkwEQWdQwupToTIBQ%253D%253D', '2017-10-18T08:46:44.423516+03:00', '2017-10-18T08:46:44.423538+03:00', '', 'auction', '2', NULL, 1508319963, 1508319963),
(11, 'f3c9f80564f84d94a264d3593d121b40', NULL, NULL, 'md5:3c2283407572acad686e3c44959eec80', 'x_presentation', 'd-5e670f4fexpedita_IZXuT.doc', '', 'text/plain', 'http://public.docs-sandbox.ea.openprocurement.org/get/e6bb0dd8a0414eb289cb4da7cf1660d3?KeyID=1816418e&Signature=PpFh7VW0ONKeuZm4tRvz7VNNZsC4pTfhpecbXyBQxOYVlS5WdMjipihBz9mzEGcfZhydm2qO%252Bo1U%252BP8lhsXTBg%253D%253D', '2017-10-18T08:46:49.902553+03:00', '2017-10-18T08:46:49.902581+03:00', '', 'auction', '2', NULL, 1508319963, 1508319963),
(12, '6f2d28121a9f4357af5eb60a99c57130', NULL, NULL, 'md5:25b8a6b117eb41903d88c85f69a7b924', 'technicalSpecifications', 'd-fc824b96aliasR3lsXw.docx', '', 'text/plain', 'http://public.docs-sandbox.ea.openprocurement.org/get/0470c8a9e0a2438d817908363670406a?KeyID=1816418e&Signature=7CIh3fWX%252B2v9ib3FYEBszhlcHstY8icef15jwU3zauFZaaW4lBKqPpLcjWV6Dszk7lHSG6b13wysUgD8k4LuBg%253D%253D', '2017-10-18T08:46:55.160816+03:00', '2017-10-18T08:46:55.160841+03:00', '', 'auction', '2', NULL, 1508319963, 1508319963),
(13, '4df8c53a816d481fb618a5e4a8e2d871', NULL, NULL, NULL, 'x_dgfAssetFamiliarization', 'Familiarization with bank asset', '', 'offline/on-site-examination', '', '2017-10-18T08:46:58.668983+03:00', '2017-10-18T08:46:58.669005+03:00', '', 'auction', '2', NULL, 1508319963, 1508319963),
(14, '0faa25fdf3bb4f26b87e3bfabeaad2d8', NULL, NULL, 'md5:6a4fe64c1832d0a5b3f329c10aac9593', 'financialLicense', 'd-21a9b705iurevBFp7X.doc', '', 'text/plain', 'http://public.docs-sandbox.ea.openprocurement.org/get/4eeea30a96214304a21c33fd701c6043?KeyID=1816418e&Signature=TC9N7sdx37o0u4Wjdcfy84ZsBjMp24dMKMUbx48%2FA8530rIRo2%2FUsnrG9CsZRGWGXuhg5EpcGDta%252Bery%2Fi%252BBCA%253D%253D', '2017-10-18T08:49:44.297191+03:00', '2017-10-18T08:49:44.297214+03:00', '', 'bid', '3', NULL, 1508319963, 1508319963),
(15, '04012f3eb72e4803a6a49320064ac7e3', NULL, NULL, NULL, 'x_dgfPlatformLegalDetails', 'Місце та форма прийому заяв на участь в аукціоні та банківські реквізити для зарахування гарантійних внесків', '', NULL, 'http://torgi.fg.gov.ua/prozorrosale', '2017-10-18T08:03:16.144718+03:00', '2017-10-18T08:03:16.144740+03:00', '', 'auction', '3', NULL, 1508319964, 1508319964),
(16, '59786221ba2948139df2fd314a5627f6', NULL, NULL, 'md5:d83d0ce1ed254f2ebc2de3ea392c0a92', '', 'audit_394b054892344fbf86919eb7bb428547.yaml', '', 'text/plain', 'http://public.docs-sandbox.ea.openprocurement.org/get/d0f2a6b092394889937de2f92eb2a622?KeyID=1816418e&Signature=MwSBm9jLiiafQRdpbSp63gOd%2Fh7JJ3Ma25iCFaZGBnaWnShdh6mtr4Z4kCf6outmVOIQRsCkHYmnty5cmZCeDw%253D%253D', '2017-10-18T09:30:49.486262+03:00', '2017-10-18T09:30:50.438053+03:00', '', 'auction', '3', NULL, 1508319964, 1508319964),
(17, '34660a27b6c54dbe8952275b2f4e76bd', NULL, NULL, 'md5:a7980e8a50c807181f3e54ee32fe4b35', 'financialLicense', 'd-c95c0654eligendid5hXJS.docx', '', 'text/plain', 'http://public.docs-sandbox.ea.openprocurement.org/get/be52370d21d745ad8baa4cafced5f18e?KeyID=1816418e&Signature=jXvtXnOnKspQbUTR0OU%2F0ZGeFM4ePc3qkAAqLBXpjbfr35zjhu5%252BeVu%252BXrgm8Ud1z8AtxIaA%2F1TYtZYlxRIJDA%253D%253D', '2017-10-18T08:04:07.866228+03:00', '2017-10-18T08:04:07.866251+03:00', '', 'bid', '4', NULL, 1508319964, 1508319964),
(18, '0b8b056537324d6686e491b6b4287f12', NULL, NULL, 'md5:2a01cd9d228c60a755571013538e6b77', 'financialLicense', 'd-d6782194beataedx_MT8.docx', '', 'text/plain', 'http://public.docs-sandbox.ea.openprocurement.org/get/5bce8a30ced24c1eb7748609661b9d1c?KeyID=1816418e&Signature=rk24v7s4ESF2Ruz9QQVjgqPo76uSKKreCrNSTbzdazMW55h4RoN8ygDG0aJUCuMdgUoQGBctoaRch%252BCB2%2F%2FlDA%253D%253D', '2017-10-18T09:11:54.685237+03:00', '2017-10-18T09:11:54.685259+03:00', '', 'bid', '5', NULL, 1508319964, 1508319964),
(19, 'b15549858c5c47a0abb932af23a63a15', NULL, NULL, NULL, 'x_dgfPlatformLegalDetails', 'Місце та форма прийому заяв на участь в аукціоні та банківські реквізити для зарахування гарантійних внесків', '', NULL, 'http://torgi.fg.gov.ua/prozorrosale', '2017-10-18T08:35:10.172246+03:00', '2017-10-18T08:35:10.172268+03:00', '', 'auction', '4', NULL, 1508319964, 1508319964),
(20, '7b0a545dc2454df987331a7819dd5141', NULL, NULL, 'md5:d67ed6d73dba889d7de7564dddbcb1f8', '', 'audit_f0681fc7ce1d42c3aa0539e534ef7315.yaml', '', 'text/plain', 'http://public.docs-sandbox.ea.openprocurement.org/get/5c37c90515fd46c2aee9f60788b6d1da?KeyID=1816418e&Signature=SoOMbh0ULTCGhlwDAosfof%252BxQtLzMj4ZjWEHCqgM0zrG9QYj9WJJkzAr%252BzDXyvjQjLcGdACzYNvqstN%252BV%2F0MBg%253D%253D', '2017-10-18T09:40:35.311741+03:00', '2017-10-18T09:40:36.158059+03:00', '', 'auction', '4', NULL, 1508319964, 1508319964),
(21, '643007ab5ebe49f785ad296b8c5112d6', NULL, NULL, 'md5:4b2593e58c681c0d4f287c4c9260c461', 'financialLicense', 'd-ba2ba19dquoYMIYrx.doc', '', 'text/plain', 'http://public.docs-sandbox.ea.openprocurement.org/get/6c7250fa220248d8b9c16109ccd99c03?KeyID=1816418e&Signature=Cjun05bt1kza2heO0DF%2FON%2F%2FWTigxCUa6CMKrohYGTgtHWZ2mn1Tgw3gfL9xgULjdB7vatYEbliGCXquB9clDA%253D%253D', '2017-10-18T08:36:02.562660+03:00', '2017-10-18T08:36:02.562686+03:00', '', 'bid', '6', NULL, 1508319964, 1508319964),
(22, '1e3b9b761e724cd4ab9c5dd51cd8b3f6', NULL, NULL, 'md5:4754d559b6a36514e3a1f4f6a16419b7', 'financialLicense', 'd-9d5b7f9fearumrl99dO.doc', '', 'text/plain', 'http://public.docs-sandbox.ea.openprocurement.org/get/c0c7047eafee4cde80d6dc1f1831494a?KeyID=1816418e&Signature=wbm4yuHqMetiv8N6NZFAaVhaszYYSlHsiGQtmBY7sEzd%2FjAxQ%2FCyzAuAll7TO%2F%252B4H0YfD6AuC2Lhyvd71xw%252BCg%253D%253D', '2017-10-18T09:24:41.910965+03:00', '2017-10-18T09:24:41.910988+03:00', '', 'bid', '7', NULL, 1508319964, 1508319964),
(23, '2c312a9764c448278a51993c507b3f0f', NULL, NULL, NULL, 'x_dgfPlatformLegalDetails', 'Місце та форма прийому заяв на участь в аукціоні та банківські реквізити для зарахування гарантійних внесків', '', NULL, 'http://torgi.fg.gov.ua/prozorrosale', '2017-10-16T17:41:22.632446+03:00', '2017-10-16T17:41:22.632472+03:00', '', 'auction', '5', NULL, 1508319965, 1508319965),
(24, 'daca456f576243469ac197b30dc61bb7', NULL, NULL, 'md5:e0bac12654bb1f0c832bb776e94e6d27', '', 'audit_4a49ce0c591348fb93913fbae7fc7f84.yaml', '', 'text/plain', 'http://public.docs-sandbox.ea.openprocurement.org/get/3f0cf69000aa4d79a5ce3890f334f343?KeyID=1816418e&Signature=DrLLacVHQ0G570vmcyv4aswsgGt8yRb7mVnOREen8Ym0%252B0aBLj%2FCgWHykT14h88ioTycEgc3IHm99FfzIwPLCA%253D%253D', '2017-10-18T09:57:31.458499+03:00', '2017-10-18T09:57:31.458522+03:00', '', 'auction', '5', NULL, 1508319965, 1508319965),
(25, '9f4e237d97db40efa21ff4fe0d034962', NULL, NULL, NULL, 'x_dgfPlatformLegalDetails', 'Місце та форма прийому заяв на участь в аукціоні та банківські реквізити для зарахування гарантійних внесків', '', NULL, 'http://torgi.fg.gov.ua/prozorrosale', '2017-10-18T09:05:11.087017+03:00', '2017-10-18T09:05:11.087044+03:00', '', 'auction', '6', NULL, 1508319966, 1508319966),
(26, '60e16a43de574dff8ceefdc6d9590107', NULL, NULL, 'md5:a968a1b10ff82db6dd0b3a7b645f258f', '', 'audit_0ac4bb79c5c84a5f92b81bb23fc15141.yaml', '', 'text/plain', 'http://public.docs-sandbox.ea.openprocurement.org/get/d6a2c151d9454655aa65417ad74d46de?KeyID=1816418e&Signature=uMWCAhF1vSP0WKwS4BOAj5mI67TYV2CTCDjgNvkPX8SfcxjHnL4k2YaWSTgXz5J%2FSgkYBaJycz9WfUnBgS64CA%253D%253D', '2017-10-18T10:10:08.597191+03:00', '2017-10-18T10:10:08.597213+03:00', '', 'auction', '6', NULL, 1508319966, 1508319966),
(27, '6e08878c8a934069b880be9bc88b0622', NULL, NULL, 'md5:d1f3d56931ec3cbd2e29b5ac3af05506', 'financialLicense', 'testFileForUpload', '', 'text/plain', 'http://public.docs-sandbox.ea.openprocurement.org/get/f1ddaa98d9ca4d79a40e701affe5f325?KeyID=1816418e&Signature=tNLtVL7hQf6udL2NBZ%2FrgU%2FRti%2FIiKo9w9mGSiputYwXGgAx9bi6hT2cKp%252BTULvc5%2FJJBZNHGTgEqf1qDAhEBw%253D%253D', '2017-10-18T09:14:03.562458+03:00', '2017-10-18T09:14:03.562480+03:00', '', 'bid', '9', NULL, 1508319966, 1508319966),
(28, 'd012ddae58ce43e5bd115a9dd69c801d', NULL, NULL, 'md5:02e8ca2993511e820927c5dc0b44cd89', 'financialLicense', 'd-c3c05e04numquamOyvqyz.pdf', '', 'text/plain', 'http://public.docs-sandbox.ea.openprocurement.org/get/a10d47b0f9ce40d8ab89909f8f07cf4c?KeyID=1816418e&Signature=rgdJoSbsWtOtzDvXKkITAKba0mK1IAlfWYLpxTRR1o%2FfmN%2FMNXV3Jl7t44FLrBFb52Mie6vFjC69mwuQbBHfDw%253D%253D', '2017-10-18T10:01:05.234420+03:00', '2017-10-18T10:01:05.234457+03:00', '', 'bid', '10', NULL, 1508319966, 1508319966),
(29, '10bc3cb040f545648c6be19e93d17c83', NULL, NULL, NULL, 'x_dgfPlatformLegalDetails', 'Місце та форма прийому заяв на участь в аукціоні та банківські реквізити для зарахування гарантійних внесків', '', NULL, 'http://torgi.fg.gov.ua/prozorrosale', '2017-10-18T09:03:47.739425+03:00', '2017-10-18T09:03:47.739481+03:00', '', 'auction', '7', NULL, 1508319966, 1508319966),
(30, '1581cf47e0a24ab681259851a85def95', NULL, NULL, 'md5:58ab80d894ef1cb1394886f1a95b5fcb', '', 'audit_46541b0f2ae5448cbd087d91bffa8f7c.yaml', '', 'text/plain', 'http://public.docs-sandbox.ea.openprocurement.org/get/57fba99a5c924c49a059afa48fee36fe?KeyID=1816418e&Signature=hZJmOLOvYPn9Nzwi%2FmW9pl78Cq6xK49%252BZzZ%2FSRrU2cXDFrBnmYk1t40rlqaXxuzQEdc90PNeQFi1jwFNQriZCQ%253D%253D', '2017-10-18T10:05:13.461020+03:00', '2017-10-18T10:05:14.165785+03:00', '', 'auction', '7', NULL, 1508319966, 1508319966),
(31, '0a758d6a0057493daecde1cee23cb653', NULL, NULL, 'md5:dbf581ca17aca42f965e256e6fc8cd3b', 'financialLicense', 'd-7ba00ee5itaquecNjE8P.pdf', '', 'text/plain', 'http://public.docs-sandbox.ea.openprocurement.org/get/2891b70742754984ad34b14de8742141?KeyID=1816418e&Signature=JxvrnECvLGqOcJZS3nfm%2FUTDLpqgipmb9kF0nZ6X21BfUGKp33DLTQCCNCZ%252Blzpkr2VGqh3b%2FailN%2FrrhoeQCQ%253D%253D', '2017-10-18T09:05:21.501931+03:00', '2017-10-18T09:05:21.501954+03:00', '', 'bid', '11', NULL, 1508319966, 1508319966),
(32, '9674595f32ce46d1a2225c6a520370fa', NULL, NULL, NULL, 'x_dgfPlatformLegalDetails', 'Місце та форма прийому заяв на участь в аукціоні та банківські реквізити для зарахування гарантійних внесків', '', NULL, 'http://torgi.fg.gov.ua/prozorrosale', '2017-10-18T09:03:58.889794+03:00', '2017-10-18T09:03:58.889816+03:00', '', 'auction', '8', NULL, 1508319967, 1508319967),
(33, '23e684d732b841af81821c72644dc1bc', NULL, NULL, 'md5:7aadadfa5e91921f2e053d5f62680b72', '', 'audit_7d462c13cda3410a9ffc6ee871852df4.yaml', '', 'text/plain', 'http://public.docs-sandbox.ea.openprocurement.org/get/68a34c03ad2c4db2ba0fa3505a85a92a?KeyID=1816418e&Signature=1xPFf0BII4Y9jANLW9FgzdAtymjOBRvWBFh6KIszkx71xvy7DoPpJ345pP%2FnoQq9ftcNHl%2FeEnR2j0kybq7HAw%253D%253D', '2017-10-18T10:13:54.746983+03:00', '2017-10-18T10:13:55.937125+03:00', '', 'auction', '8', NULL, 1508319967, 1508319967),
(34, '309842956465405ab1080cca1bb0bc1c', NULL, NULL, 'md5:e015fcd922687d20a7328a0554302dfd', 'financialLicense', 'd-0c369f5bminusRI8FQb.docx', '', 'text/plain', 'http://public.docs-sandbox.ea.openprocurement.org/get/70350ccbb70047e29d604732c18236d3?KeyID=1816418e&Signature=zP9HJXOkAnKVdeIDj%2F2Q6iNUDpxets2Gk8Wv2wuebjVZXYVYa6VZiQFbyi7FNEB3%2FxqqSWnQfCqNOXX6vlolDA%253D%253D', '2017-10-18T09:07:18.593799+03:00', '2017-10-18T09:07:18.593821+03:00', '', 'bid', '12', NULL, 1508319967, 1508319967),
(35, '3b354209262d42f6b6c5c68921b63770', NULL, NULL, 'md5:a640eca50d5ebb4552a532f30eb16aeb', 'financialLicense', 'd-c25a76f1voluptatibusHmm30c.pdf', '', 'text/plain', 'http://public.docs-sandbox.ea.openprocurement.org/get/c71bd5bac08b49c6b7f15000c2831317?KeyID=1816418e&Signature=GjF%2FOiyu0%2F7tFnxEx2Zvd8qaBE7ffBsuIBLbfmmBIoUWUQBlxw%252BA%2F%252Bgm6cY%252B0dTFFN5xqWDzbLmT2kKLSJ3RBA%253D%253D', '2017-10-18T09:49:27.039340+03:00', '2017-10-18T09:49:27.039365+03:00', '', 'bid', '13', NULL, 1508319967, 1508319967),
(36, '89304052a59d4d7c89bca8f6690fe4d1', NULL, NULL, NULL, 'x_dgfPlatformLegalDetails', 'Місце та форма прийому заяв на участь в аукціоні та банківські реквізити для зарахування гарантійних внесків', '', NULL, 'http://torgi.fg.gov.ua/prozorrosale', '2017-10-18T09:02:57.615567+03:00', '2017-10-18T09:02:57.615589+03:00', '', 'auction', '9', NULL, 1508319967, 1508319967),
(37, '3244bed3abd149608506b20472709d57', NULL, NULL, 'md5:08dddd5dd8d74ff65b4dbf8168fea489', '', 'audit_f912bd13fe864ccaabaeaaedb27ec285.yaml', '', 'text/plain', 'http://public.docs-sandbox.ea.openprocurement.org/get/13dfc58bcfb9454a8b1f36c30cef1fee?KeyID=1816418e&Signature=4FzsBWaOcdhCP6c5B4poAII%252BnDtx0S0f9cyy5CnyWZQJIdgDER1xg4YDPIaNHpaKM1dTFTD%2FbW2v5SCJgRWyCw%253D%253D', '2017-10-18T10:20:18.423038+03:00', '2017-10-18T10:20:19.237229+03:00', '', 'auction', '9', NULL, 1508319967, 1508319967),
(38, '08b68f20b030448dbd70a38383db8da6', NULL, NULL, 'md5:9b1dd2a3e437dc9b744f8f026bca6765', 'financialLicense', 'd-faaa11d6aliquamNXI4_6.pdf', '', 'text/plain', 'http://public.docs-sandbox.ea.openprocurement.org/get/f9f0a092222d42b98f9906897aadcdde?KeyID=1816418e&Signature=uT4QuO8%252BtdM9WYxeKmsg6XDkqx2Izv9m971cTfT5hzWraz2X3a2xxmwG9FkR%252BkP8a5gUYCLhC7x72G3%252BcNDABA%253D%253D', '2017-10-18T09:06:09.400908+03:00', '2017-10-18T09:06:09.400934+03:00', '', 'bid', '14', NULL, 1508319967, 1508319967),
(39, '1758ee26c04c498b9fdf257c85a09a3a', NULL, NULL, 'md5:6464ddb60dc146e5657e41c29e7e7e76', 'financialLicense', 'd-62b4daf0in40oOA0.doc', '', 'text/plain', 'http://public.docs-sandbox.ea.openprocurement.org/get/42bb2d7f6a304dabb5e4868d2856de20?KeyID=1816418e&Signature=0q%2FjPNyiEC1%252BLUxPGMBbA1xY6%252BUqNxs6NQz3tHTArxd4scxPQZ7drpAyq2SLOu9F9Dshez7g0zCUJ4L7GUo5BQ%253D%253D', '2017-10-18T09:55:25.862173+03:00', '2017-10-18T09:55:25.862196+03:00', '', 'bid', '15', NULL, 1508319967, 1508319967),
(40, 'b0a4bb42a4b849f8ab7e227f6637d96e', NULL, NULL, NULL, 'x_dgfPlatformLegalDetails', 'Місце та форма прийому заяв на участь в аукціоні та банківські реквізити для зарахування гарантійних внесків', '', NULL, 'http://torgi.fg.gov.ua/prozorrosale', '2017-10-18T09:03:47.478138+03:00', '2017-10-18T09:03:47.478162+03:00', '', 'auction', '10', NULL, 1508319968, 1508319968),
(41, 'f78e4c1dcaab466baf7e02ffcb49c352', NULL, NULL, 'md5:3ad742dfc05a2fe12a8a20680875efaf', '', 'audit_405fbd945a564aff954086e8b883ec54.yaml', '', 'text/plain', 'http://public.docs-sandbox.ea.openprocurement.org/get/5e4e48cec0854db0a9d1349e67c8bb42?KeyID=1816418e&Signature=7zBqfVQo6707F%2FJqu6wCtpaf%2FS3QbL36F%2FqjrcvHddbP5I6ltenaOTnCiVDne5G%2FDn7sfWHRnVh4aNpDjFbVDA%253D%253D', '2017-10-18T10:22:24.078151+03:00', '2017-10-18T10:22:25.147368+03:00', '', 'auction', '10', NULL, 1508319968, 1508319968),
(42, 'ca93bb0c1f5f4502818161e0a4cd65f9', NULL, NULL, 'md5:d36d43890b1c555a662bdf1e88b5f9e9', 'commercialProposal', 'd-e8ed09efsimiliqueRQO0vf..pdf', '', 'text/plain', 'http://public.docs-sandbox.ea.openprocurement.org/get/cd97e02cd02b42278578729cfc50fefb?KeyID=1816418e&Signature=DIUymHArneqzGMly7V29RUXLfz2gN0kjlf69hscBCcgrsq41UdkklJCwMNOh6BJD42CVOeZcH64V5h3E4IORCQ%253D%253D', '2017-10-18T09:07:25.443400+03:00', '2017-10-18T09:07:25.443421+03:00', '', 'bid', '16', NULL, 1508319968, 1508319968),
(43, '18e15114671140568d8ba6206e1fdbd9', NULL, NULL, 'md5:c8361d5f87a8bf1afca07785fb754fd5', 'financialLicense', 'd-d771241enemoaFcDWC.docx', '', 'text/plain', 'http://public.docs-sandbox.ea.openprocurement.org/get/2ec2636403694c65aa4f64f015979b1a?KeyID=1816418e&Signature=DAYOW4m0a7eCqAnTJaTsMkxtzpDUpIuEv4AGeNKtn3dWsjtgIZ%2FNTOhiSdJ94opoJnW5YTcahMAabdjLA7fXCA%253D%253D', '2017-10-18T09:57:52.403180+03:00', '2017-10-18T09:57:52.403202+03:00', '', 'bid', '17', NULL, 1508319968, 1508319968),
(44, '866ea9e91f854cbeb5585b871e43a85c', NULL, NULL, NULL, 'x_dgfPlatformLegalDetails', 'Місце та форма прийому заяв на участь в аукціоні та банківські реквізити для зарахування гарантійних внесків', '', NULL, 'http://torgi.fg.gov.ua/prozorrosale', '2017-10-18T09:04:00.772780+03:00', '2017-10-18T09:04:00.772802+03:00', '', 'auction', '11', NULL, 1508319969, 1508319969),
(45, '28b06328cc0d48d4a3ff0317eaf0eb2a', NULL, NULL, 'md5:a4d934765628355b5ad635225c6b485b', '', 'audit_7d3eee76b9954030a187c631c59a8355.yaml', '', 'text/plain', 'http://public.docs-sandbox.ea.openprocurement.org/get/4499fea596c14e95815a3acb7b2b75cd?KeyID=1816418e&Signature=Go11fU06rzEkWsX1KlYZJ2r6y8A0v%252BCQDEDO4GJJa8kPY2uLlsHxmZRDSIBkcaWVFPG3edP9X9FYv4ajN64ADQ%253D%253D', '2017-10-18T10:22:31.413966+03:00', '2017-10-18T10:22:33.393089+03:00', '', 'auction', '11', NULL, 1508319969, 1508319969),
(46, '849ccc389154488f8f27e76fa2c63301', NULL, NULL, 'md5:5f3f8b53305a5f91685a74157092c21b', 'financialLicense', 'd-d17f6e51quodOsrXGr.doc', '', 'text/plain', 'http://public.docs-sandbox.ea.openprocurement.org/get/fe5870d474094773bd4cb47473f44b84?KeyID=1816418e&Signature=HQRp8zVjPlsuUtphXflRRLTdHic79nv3UC5fsK4McydLkaNQS9fIW9k7OtmM9aqESQVy0ZOR8wOGhxnxHJm4DA%253D%253D', '2017-10-18T09:05:42.375498+03:00', '2017-10-18T09:05:42.375521+03:00', '', 'bid', '18', NULL, 1508319969, 1508319969),
(47, '88d1cda875ce43d5b61f92c9a91e8dd7', NULL, NULL, 'md5:4c904674ac022e2173c838e51bd32fec', 'commercialProposal', 'd-4895ac0bsapiente1qXy8C..pdf', '', 'text/plain', 'http://public.docs-sandbox.ea.openprocurement.org/get/edbf883d79c443e3a0c9db474a5bcaa8?KeyID=1816418e&Signature=UekZT5YpK3U1jAJlqtSVdY8%252BTTLEnMluGX10DPYI2ci0KzXvhrC8Hz6oAOwYd%252BqnWs457xNU43IjsbXBnGF8AQ%253D%253D', '2017-10-18T10:01:03.786966+03:00', '2017-10-18T10:01:03.786988+03:00', '', 'bid', '19', NULL, 1508319969, 1508319969),
(48, 'e5c76c21cfbd47268413c72dc24c7058', NULL, NULL, NULL, 'x_dgfPlatformLegalDetails', 'Місце та форма прийому заяв на участь в аукціоні та банківські реквізити для зарахування гарантійних внесків', '', NULL, 'http://torgi.fg.gov.ua/prozorrosale', '2017-10-18T08:58:50.609546+03:00', '2017-10-18T08:58:50.609569+03:00', '', 'auction', '12', NULL, 1508319969, 1508319969),
(49, '68f80b008bc3460a8d17216fcf94f0ba', NULL, NULL, 'md5:7bb4921b0d31a71b029c7e58d1040f1b', '', 'd-8b99cff9abtu1xjp.docx', '', 'text/plain', 'http://public.docs-sandbox.ea.openprocurement.org/get/20534d26d5d245858080dd909fa5031a?KeyID=1816418e&Signature=OdpjwAfrrW3yRdLN0lMvnY5XgZxtVt1WilPnYxHOiuVmPlPcRHCbyAbGuhEmFavKi37s%252BjNkB4i6MZr%252BeBFHCw%253D%253D', '2017-10-18T09:07:30.688365+03:00', '2017-10-18T09:07:30.688387+03:00', '', 'auction', '12', NULL, 1508319969, 1508319969),
(50, '14109864c8f343bfb95e87aebf31df1b', NULL, NULL, 'md5:04cada8e3480df28a6cbe2b9778e2074', 'illustration', 'illustration.png', '', 'text/plain', 'http://public.docs-sandbox.ea.openprocurement.org/get/bd4047d75a0f411ea77338bde60c449d?KeyID=1816418e&Signature=f4uVINEndFWj4wyRANLsoBA%252Br0uBXjUDso8n3yBue1DlRtvaBgBAsGrSqSAX%252B8phovsi0nJiyQkb8HFhcnGhAQ%253D%253D', '2017-10-18T09:07:31.752011+03:00', '2017-10-18T09:07:31.752034+03:00', '', 'auction', '12', NULL, 1508319969, 1508319969),
(51, 'a61b899fede743f5ac861a2fad90ae26', NULL, NULL, NULL, 'virtualDataRoom', 'Sample Virtual Data Room', '', NULL, 'https://dummyimage.com/622x989/C526B4/F26013.png', '2017-10-18T09:07:32.799369+03:00', '2017-10-18T09:07:32.799390+03:00', '', 'auction', '12', NULL, 1508319969, 1508319969),
(52, '29d08e7e8fe14a8c9a37340166760540', NULL, NULL, NULL, 'x_dgfPublicAssetCertificate', 'Public Asset Certificate', '', NULL, 'https://dummyimage.com/720x112/A86B3E/F503A2.png', '2017-10-18T09:07:33.366609+03:00', '2017-10-18T09:07:33.366632+03:00', '', 'auction', '12', NULL, 1508319969, 1508319969),
(53, '11ae67bfa3ab45bba45832995a1e1f57', NULL, NULL, 'md5:756d0f56fc7cfbe4d73e6cf6301edf57', 'x_nda', 'd-f36535e2blanditiisNuCz_i.doc', '', 'text/plain', 'http://public.docs-sandbox.ea.openprocurement.org/get/e08abd7a955a4a6f8b9efa4e0f95f221?KeyID=1816418e&Signature=qLi5pHVlOIVl120hCXLq1wbQqw2dDBDkOIBMmCkWP91DwuG0AcZu5VjqzmfJJcBJEMugHef3%252B%252BDVEWed6YzHBQ%253D%253D', '2017-10-18T09:07:34.671870+03:00', '2017-10-18T09:07:34.671892+03:00', '', 'auction', '12', NULL, 1508319969, 1508319969),
(54, '84b3ff09764e4bf199ed3e895086c83b', NULL, NULL, 'md5:36f52a94de293c1fab301a6bbd098d12', 'tenderNotice', 'd-919f0652ducimusP6oqHc.pdf', '', 'text/plain', 'http://public.docs-sandbox.ea.openprocurement.org/get/7b810d30a39549b585972365b0dd82cd?KeyID=1816418e&Signature=l91v3%252BOlaCKwSgc%252BoUdsgDq90qH3J%252BDFy3rJis12D5remz7gyw86DGb3%2FWPpyXrAKbx0XNh%252BXTXE5ihUkaRqCw%253D%253D', '2017-10-18T09:07:36.946302+03:00', '2017-10-18T09:07:36.946324+03:00', '', 'auction', '12', NULL, 1508319969, 1508319969),
(55, 'f4a808d65713414092b1fdbc2e83a739', NULL, NULL, 'md5:749fec471b7aed75c420943e3839e332', 'x_presentation', 'd-b46abce5inmkZJhk.pdf', '', 'text/plain', 'http://public.docs-sandbox.ea.openprocurement.org/get/609aba468c384d51b5671a25cc2d31fa?KeyID=1816418e&Signature=s6byMwx6p%252BrvwYmLxpuDtGrFr6pO%2F%2FhDQQ8NFcCDKBdf4qSRbR%252Bm4adk79ftKKoIWEWd2ffdKlhXJpe%2FJFg3AA%253D%253D', '2017-10-18T09:07:38.814990+03:00', '2017-10-18T09:07:38.815012+03:00', '', 'auction', '12', NULL, 1508319969, 1508319969),
(56, 'cec284d30b624480bc3244dcbb6bc625', NULL, NULL, 'md5:6c54141a9473ceee89a33745c22092e7', 'technicalSpecifications', 'd-f1f8b004modiBjMySk.doc', '', 'text/plain', 'http://public.docs-sandbox.ea.openprocurement.org/get/db648513ac0a49f6a972a2b3c9c8f9c4?KeyID=1816418e&Signature=aWbiok857foyCsCcCj2SwXLf0xnp%2Fjzckm1d47GtB32ywJBnlt4jZWuZnLbgTMDKIW5mlstEfAJpQ6rrvbN8Cw%253D%253D', '2017-10-18T09:07:40.856462+03:00', '2017-10-18T09:07:40.856484+03:00', '', 'auction', '12', NULL, 1508319969, 1508319969),
(57, '2ed654e8a4164afcae7c18fa2c5fbca6', NULL, NULL, NULL, 'x_dgfAssetFamiliarization', 'Familiarization with bank asset', '', 'offline/on-site-examination', '', '2017-10-18T09:07:42.163858+03:00', '2017-10-18T09:07:42.163880+03:00', '', 'auction', '12', NULL, 1508319969, 1508319969),
(58, '2e734ee9e4c64c7c84bb5f300af9d9e4', NULL, NULL, 'md5:09975eff452e54e866caa42e3db7562a', '', 'audit_e608a9d554244a7fb5a17f9d1de11b8d.yaml', '', 'text/plain', 'http://public.docs-sandbox.ea.openprocurement.org/get/5d7560bba90d46e79a3a12c00b652255?KeyID=1816418e&Signature=JzvjDJst7Pe%2FrqP4oPgy%252BmNCtw13CCizR4xaMtuweva13CZFWBcUQVUq%2FdGl8XxuqA6%2FyDliXJCn7hT%252B3OJ5BA%253D%253D', '2017-10-18T10:17:04.700720+03:00', '2017-10-18T10:17:05.939772+03:00', '', 'auction', '12', NULL, 1508319970, 1508319970),
(59, '9654768a4c134ca3b9916e4d2ab5c71a', NULL, NULL, 'md5:b4dfa178a7eebb408c2ed5d1e241f1da', 'financialLicense', 'd-196e7bc6excepturi7NiNWm.pdf', '', 'text/plain', 'http://public.docs-sandbox.ea.openprocurement.org/get/2eb52838c667447284dca492b4a38e60?KeyID=1816418e&Signature=O5SuDlit21rf6cBVP%252BnEewmjuzkQXE2Fm2NoeiOsqpHrQmuxaTAel9t2ROLKNm918%252BXSM6Sytb8%252B4MZO95m9CA%253D%253D', '2017-10-18T09:11:55.644682+03:00', '2017-10-18T09:11:55.644705+03:00', '', 'bid', '20', NULL, 1508319970, 1508319970),
(60, '0dab1a42af7a426c89197bf039c18925', NULL, NULL, 'md5:172df90d91b73258f0f36f3abe579b39', 'financialLicense', 'd-4f6247c3evenietLVUZPj.docx', '', 'text/plain', 'http://public.docs-sandbox.ea.openprocurement.org/get/b9fb979b38f7438f8ecdb0996a3826be?KeyID=1816418e&Signature=QMiXo35X8%252BfzTsybigQtIZMAcW7kodRBHLfKuiya7tZK%252B9%252BWRl26Vh8r%252BP0wk2DJv86GnPtdN%2FcrTR0N23SsAw%253D%253D', '2017-10-18T09:12:02.234347+03:00', '2017-10-18T09:12:02.234370+03:00', '', 'bid', '21', NULL, 1508319970, 1508319970),
(61, 'e14218aa827844a398883c60b47f802f', NULL, NULL, NULL, 'x_dgfPlatformLegalDetails', 'Місце та форма прийому заяв на участь в аукціоні та банківські реквізити для зарахування гарантійних внесків', '', NULL, 'http://torgi.fg.gov.ua/prozorrosale', '2017-10-18T09:04:00.205513+03:00', '2017-10-18T09:04:00.205534+03:00', '', 'auction', '13', NULL, 1508319970, 1508319970),
(62, 'a4ec5fffb583458ea8a78b90b16cf79d', NULL, NULL, 'md5:6eeceeb403a6739a5d14c1d082594736', '', 'audit_1dc9831281444078a54d2e881e4a2f8b.yaml', '', 'text/plain', 'http://public.docs-sandbox.ea.openprocurement.org/get/fcb5dc18b52d444da9a41c7b68839bee?KeyID=1816418e&Signature=GyIdEQyQAfJWPnWDWyjeqCFdVj%252BLTP70%252B4Ehs2sfK5AYhu83H433uo7VpmrV8r%252B33EgCAWNo4XOLY81%2FSAMHAg%253D%253D', '2017-10-18T10:17:34.264765+03:00', '2017-10-18T10:17:35.429292+03:00', '', 'auction', '13', NULL, 1508319970, 1508319970),
(63, '56f0aa8afbeb4d449eb3ac28741b1307', NULL, NULL, 'md5:917e1fe7ea227766d79441e9970aaedb', 'commercialProposal', 'd-8f801d67sitoGB0Td..doc', '', 'text/plain', 'http://public.docs-sandbox.ea.openprocurement.org/get/1144702cc2c344d886165779d7ae2f9f?KeyID=1816418e&Signature=rQlsGw%2FgJXCx0PmeQe3mX07kAe%2F328pRcTPchXYRYut2Tt1P%2F9RVRjH7QkzLBsqjuj3dl1ogylyyHR9QNG%2FQCw%253D%253D', '2017-10-18T09:08:01.339896+03:00', '2017-10-18T09:08:01.339917+03:00', '', 'bid', '22', NULL, 1508319970, 1508319970),
(64, '16c673e450db40f1a8ae1ff02e762ed2', NULL, NULL, 'md5:ba295eff584ef9b7369661a20089bca1', 'financialLicense', 'd-0352f4ddmaximeW2cmlv.pdf', '', 'text/plain', 'http://public.docs-sandbox.ea.openprocurement.org/get/4fdd092c26684a89a94f7344baa39e5b?KeyID=1816418e&Signature=Vp74P6Svy8B2f6iXmtKWF9bMhYCHjYgqVYtwzeBtOePcioJBgeuEKnek45MHioWWAXcMeq0sTin4I4Rxf3qDDw%253D%253D', '2017-10-18T09:53:06.340871+03:00', '2017-10-18T09:53:06.340893+03:00', '', 'bid', '23', NULL, 1508319970, 1508319970),
(65, '5166b0ec9b05441fb3ae1065332fb062', NULL, NULL, NULL, 'x_dgfPlatformLegalDetails', 'Місце та форма прийому заяв на участь в аукціоні та банківські реквізити для зарахування гарантійних внесків', '', NULL, 'http://torgi.fg.gov.ua/prozorrosale', '2017-10-18T08:57:55.839839+03:00', '2017-10-18T08:57:55.839861+03:00', '', 'auction', '14', NULL, 1508319971, 1508319971),
(66, '822d0d7bfd3442e59464418e6b80bcff', NULL, NULL, 'md5:a32dd6e9dbf3d747ef0e4c3baf53d9a2', '', 'audit_be3d9cc7beda4f06aa83fa4931047129.yaml', '', 'text/plain', 'http://public.docs-sandbox.ea.openprocurement.org/get/544fb36ea32b4dbd8eaa238ad6cfdb02?KeyID=1816418e&Signature=EKr%2F6tRvHJ0cxU1EiUzcPAr8I6nX%252Bn1g1kMv3jfN6jQZ0edEY1Tp14IT965WhYXbW2IFVk6DyoNfObMnh2pJAw%253D%253D', '2017-10-18T10:10:09.095377+03:00', '2017-10-18T10:10:09.847845+03:00', '', 'auction', '14', NULL, 1508319971, 1508319971),
(67, '1af94e5d73014037a28dd6e99ef0c49c', NULL, NULL, 'md5:d1f3d56931ec3cbd2e29b5ac3af05506', 'financialLicense', 'testFileForUpload.txt', 'SHA1: 89afc4445014b1bb69455b9c262f73cd1c0ecdde', 'text/plain', 'http://public.docs-sandbox.ea.openprocurement.org/get/b8da5208e68e423e819bd0a4580d546e?KeyID=1816418e&Signature=58fnNQzxpLe9XifilQY6PS%2FxVu2IrsITztX6qq5wnU4SkeEAu1jfd%2FyRzzn%2FAeCwWRp4rpx0Nvtx0w6EB3SLDw%253D%253D', '2017-10-18T09:13:06.106562+03:00', '2017-10-18T09:13:06.106584+03:00', '', 'bid', '24', NULL, 1508319971, 1508319971),
(68, '39c4019a2ea64415943364c2bf05fd83', NULL, NULL, 'md5:868da5935a1f53674b0645a299806107', 'financialLicense', 'd-f37fb257numquamhgWPnB.doc', '', 'text/plain', 'http://public.docs-sandbox.ea.openprocurement.org/get/72fb94e5482e4f86919137068c9565df?KeyID=1816418e&Signature=PU%2F3Io9ZDre57eNE87pJkJHZiGmy0BNSUsb2hEJ0gbebZYgtgbGx8AxHdXs4d4RVCQ59HkyZSKd%2Fh8JlYXT5CA%253D%253D', '2017-10-18T09:45:37.758015+03:00', '2017-10-18T09:45:37.758039+03:00', '', 'bid', '25', NULL, 1508319971, 1508319971),
(69, '2eb0a75ebc1d4396892a8a6292487bf6', NULL, NULL, NULL, 'x_dgfPlatformLegalDetails', 'Місце та форма прийому заяв на участь в аукціоні та банківські реквізити для зарахування гарантійних внесків', '', NULL, 'http://torgi.fg.gov.ua/prozorrosale', '2017-10-18T09:05:06.955824+03:00', '2017-10-18T09:05:06.955848+03:00', '', 'auction', '15', NULL, 1508319971, 1508319971),
(70, 'aea774af6bc94ae8a705f079913b97ff', NULL, NULL, 'md5:896f8a6309d91d9e44cd84548466c12e', '', 'audit_fe75415814594d3f9190b6d5343d1922.yaml', '', 'text/plain', 'http://public.docs-sandbox.ea.openprocurement.org/get/46eb6e8547e14ff7a224e3da6ddef59c?KeyID=1816418e&Signature=xDesBnP8POlNwsfboPScPQXNnxS4BKXnSOcfHKgYz1D5riHRGRKsTiUR5%252BVl5jm5ERaem0CQXxUxqKyuus8zBA%253D%253D', '2017-10-18T10:14:57.503023+03:00', '2017-10-18T10:14:58.860373+03:00', '', 'auction', '15', NULL, 1508319971, 1508319971),
(71, 'efa1749b3d564f9fa143455cb999246c', NULL, NULL, 'md5:61a41cba57ba05bed611188a0bbe4f5f', 'financialLicense', 'd-f0752992rem6ed6Ua.doc', '', 'text/plain', 'http://public.docs-sandbox.ea.openprocurement.org/get/209f4b2e370843c087140ea3bda17d13?KeyID=1816418e&Signature=t76TXt8IoooQN6hVyV%252Boh12Bu0aDN3aVAdUytouafss2qmRaHnCGpnPvbMASK6glV8qMzfRBDjhECA0iq79KCg%253D%253D', '2017-10-18T09:09:04.214990+03:00', '2017-10-18T09:09:04.215012+03:00', '', 'bid', '26', NULL, 1508319972, 1508319972),
(72, '6ddd2331d6144307ae9a3f2a91de3c23', NULL, NULL, 'md5:d1f3d56931ec3cbd2e29b5ac3af05506', 'financialLicense', 'testFileForUpload', '', 'text/plain', 'http://public.docs-sandbox.ea.openprocurement.org/get/5d7798de8e274c51b06c5f1f02bd2492?KeyID=1816418e&Signature=%2F10OtEf0hfnV%2FmmmrYXs00yGtG%252BbIyp36DorVdIUP45%252B6bOGQaNo1xLoUnVfUMrYk1dyJdkS04PV1jcEKLvdDg%253D%253D', '2017-10-18T09:56:04.974021+03:00', '2017-10-18T09:56:04.974042+03:00', '', 'bid', '27', NULL, 1508319972, 1508319972),
(73, '855a6417558042a1af23237cc92a2438', NULL, NULL, NULL, 'x_dgfPlatformLegalDetails', 'Місце та форма прийому заяв на участь в аукціоні та банківські реквізити для зарахування гарантійних внесків', '', NULL, 'http://torgi.fg.gov.ua/prozorrosale', '2017-10-18T09:03:02.812286+03:00', '2017-10-18T09:03:02.812308+03:00', '', 'auction', '16', NULL, 1508319972, 1508319972),
(74, '17bb3ee83d854ec097534b90fa43b2dd', NULL, NULL, 'md5:d80432b47b3efcbc17612daac3c67326', '', 'audit_26f9440cbe8b464c95af32ac7b890bab.yaml', '', 'text/plain', 'http://public.docs-sandbox.ea.openprocurement.org/get/2332e92735f344818246d40c893b1f98?KeyID=1816418e&Signature=PnuQVqBksX4xHSLQzqpH%252BrLtQe9cWWbG6Obme7hGnPxaDMvjvBRs3u9uC8oRW7KWLzC9Ye6W6HpNdNLTAUWqAg%253D%253D', '2017-10-18T10:32:57.277825+03:00', '2017-10-18T10:32:58.941893+03:00', '', 'auction', '16', NULL, 1508319972, 1508319972),
(75, 'e71a919bce704d089b61d62bad7d919a', NULL, NULL, 'md5:b0571a7eec61d02d8475869f4ede05b1', 'commercialProposal', 'd-0ddca8bfperferendisHQU5ZQ..docx', '', 'text/plain', 'http://public.docs-sandbox.ea.openprocurement.org/get/53f9e01024d54e37b3c4d34376dee229?KeyID=1816418e&Signature=UaPXY8vaBNHZnbWF6WZDdeXcNu5Hp8Gh40azSljtBYYTLlyaE2oKpqUEW02wbaDmz5A7i3bIKSEsbdpx94R3Cw%253D%253D', '2017-10-18T09:06:59.714177+03:00', '2017-10-18T09:06:59.714199+03:00', '', 'bid', '28', NULL, 1508319972, 1508319972),
(76, 'a5c0f7ea320146c3aa8a06f5835946f5', NULL, NULL, 'md5:10e8817c02dc35858cece4cd7bf31d33', 'financialLicense', 'd-793a380esolutamlE_5z.doc', '', 'text/plain', 'http://public.docs-sandbox.ea.openprocurement.org/get/b8106d37c6c043798a2165932cf668ea?KeyID=1816418e&Signature=WPbGiGJzBzR54XxLY3%252Bun7i1rewLe8QK6%252Bagi8z42n2Q2zowD1BWgyTB0Lj%2F%252B7NvwU%252BwwBCCkvl7eWFecNPABw%253D%253D', '2017-10-18T10:14:05.099825+03:00', '2017-10-18T10:14:05.099846+03:00', '', 'bid', '29', NULL, 1508319972, 1508319972),
(77, 'fdf93380cf30476c9303dcfcac62082b', NULL, NULL, NULL, 'x_dgfPlatformLegalDetails', 'Місце та форма прийому заяв на участь в аукціоні та банківські реквізити для зарахування гарантійних внесків', '', NULL, 'http://torgi.fg.gov.ua/prozorrosale', '2017-10-18T09:03:01.242684+03:00', '2017-10-18T09:03:01.242707+03:00', '', 'auction', '17', NULL, 1508319973, 1508319973),
(78, 'dcd920d10b2f43328c5a4d8d3f6aedf1', NULL, NULL, 'md5:f4d5f45d25a8ae69ecdcec5d64dcc07d', '', 'audit_5243bf98b77849dba3be01813c610e3d.yaml', '', 'text/plain', 'http://public.docs-sandbox.ea.openprocurement.org/get/1d2903827e664c308b19820f37f86521?KeyID=1816418e&Signature=FdlBSdvQCTBs1p7llQpL7wzqnkdWzGKNWaPLwyG7qX43yMB06sYPIutl4joKA%2Foxenzsh5vppXa7W4zuQ6oUBg%253D%253D', '2017-10-18T10:32:50.478441+03:00', '2017-10-18T10:32:51.222010+03:00', '', 'auction', '17', NULL, 1508319973, 1508319973),
(79, 'f19c91c5253a4844af5e0ae29c6e0a62', NULL, NULL, 'md5:abe74ca84602ad80f6e9bb1372724ac0', 'financialLicense', 'd-a26fac6bassumendakU6RZ7.doc', '', 'text/plain', 'http://public.docs-sandbox.ea.openprocurement.org/get/011717eac1404d8fb39114fe80e6faa6?KeyID=1816418e&Signature=wzJ%252B1BdyPtyySv7lHYCLv4DLPVg%252B6t7vHKjSyKB10zask4HsyhlMSn0Jf8tOT7JhBXgScqHuD3CDHySc82JNBw%253D%253D', '2017-10-18T09:04:38.323638+03:00', '2017-10-18T09:04:38.323660+03:00', '', 'bid', '30', NULL, 1508319973, 1508319973),
(80, 'b6b8aa76654b4277aa1c4f3f1709b565', NULL, NULL, 'md5:0b45b42f0f437122478b661c1689f301', 'commercialProposal', 'd-4e1c915amagnamgWiwQ7..doc', '', 'text/plain', 'http://public.docs-sandbox.ea.openprocurement.org/get/957fe27b2a0a4c0d85edc15264750118?KeyID=1816418e&Signature=fEu8QdYvq%2FKV0GYZXsUApnSP9wzLAhoJ%2F10mtuxqgUJYp4M40T%252BHl00uZzO%2FS7C6quBpOxNAwJ3yJwv2a603Cg%253D%253D', '2017-10-18T10:10:12.114189+03:00', '2017-10-18T10:10:12.114212+03:00', '', 'bid', '31', NULL, 1508319973, 1508319973),
(81, 'e369fb91beb74d12b9f2c937aaed662a', NULL, NULL, NULL, 'x_dgfPlatformLegalDetails', 'Місце та форма прийому заяв на участь в аукціоні та банківські реквізити для зарахування гарантійних внесків', '', NULL, 'http://torgi.fg.gov.ua/prozorrosale', '2017-10-18T09:05:36.168819+03:00', '2017-10-18T09:05:36.168842+03:00', '', 'auction', '18', NULL, 1508319973, 1508319973),
(82, 'bd6e38ea119c417c924b2714228c6c4a', NULL, NULL, 'md5:e10832ed58ad2dc186661a1c484768f2', '', 'audit_84c4aee035da48a8a72d9f45b54be3f6.yaml', '', 'text/plain', 'http://public.docs-sandbox.ea.openprocurement.org/get/3c8670c6639d44519fcdfb227973f3ed?KeyID=1816418e&Signature=UqYpFrwAC7p8jaZObbjpBcX0rZXheNVV1tADD4kXLYCLuykMJ%2FhWXXEthn2Pv4Txb0TU7a7nkdICyIgoA1n%2FCg%253D%253D', '2017-10-18T10:34:43.505355+03:00', '2017-10-18T10:34:44.246964+03:00', '', 'auction', '18', NULL, 1508319973, 1508319973),
(83, '60fb3296da4b4f1198c2d43b5c463e6e', NULL, NULL, 'md5:a0242f134db9ca91738a1a90ab766dad', 'financialLicense', 'd-d1d75f09illumaLJs67.docx', '', 'text/plain', 'http://public.docs-sandbox.ea.openprocurement.org/get/3771b1a6c9c7469cba649b58d286b7a0?KeyID=1816418e&Signature=9rF5xqgz%2FCodoiTeib9bygIACnCWfYrD5KtQGRhK9JMiwwPGMqcf%252ByBZTnr63dM4tiI86aUhMa169vWKHekBBA%253D%253D', '2017-10-18T09:18:04.123484+03:00', '2017-10-18T09:18:04.123506+03:00', '', 'bid', '32', NULL, 1508319973, 1508319973),
(84, '08f70bad5f5048f7bcaf8c5ead2ee1ce', NULL, NULL, 'md5:98230be533fdb3137dda1b5699080ee2', 'financialLicense', 'd-10e9fd3eipsum46nT6g.doc', '', 'text/plain', 'http://public.docs-sandbox.ea.openprocurement.org/get/4a132bd1dd7e4e158d6990cd1ed04e41?KeyID=1816418e&Signature=IGOO1CJ0xA0Ofvwu9z1ki8Tf3hzW2jNDkEuwJCKlzGt4HyriyXv76fkP%252BmckevIrHdyRqU3uZpo9wCAq6FdbAQ%253D%253D', '2017-10-18T10:12:28.555334+03:00', '2017-10-18T10:12:28.555357+03:00', '', 'bid', '33', NULL, 1508319973, 1508319973),
(85, 'c04bdbe6145d46869fa7efc7252aa6ea', NULL, NULL, NULL, 'x_dgfPlatformLegalDetails', 'Місце та форма прийому заяв на участь в аукціоні та банківські реквізити для зарахування гарантійних внесків', '', NULL, 'http://torgi.fg.gov.ua/prozorrosale', '2017-10-17T18:28:44.239728+03:00', '2017-10-17T18:28:44.239751+03:00', '', 'auction', '19', NULL, 1508319974, 1508319974),
(86, '304af9e0ac904fc2a283873d18183b9d', NULL, NULL, NULL, 'x_dgfPlatformLegalDetails', 'Місце та форма прийому заяв на участь в аукціоні та банківські реквізити для зарахування гарантійних внесків', '', NULL, 'http://torgi.fg.gov.ua/prozorrosale', '2017-10-18T09:28:20.594977+03:00', '2017-10-18T09:28:20.594999+03:00', '', 'auction', '20', NULL, 1508319974, 1508319974),
(87, '947fb136a86348818209c256942ccfd3', NULL, NULL, 'md5:3458864060d3b21f9703700411261eb3', '', 'audit_4d207afad6b34ed3900912a7f80f68a5.yaml', '', 'text/plain', 'http://public.docs-sandbox.ea.openprocurement.org/get/3273b704847a42c492368c8d49dbe569?KeyID=1816418e&Signature=WfEkXr2KFzGr1blV2CB8RNAR0abEIPdYTPQMKhihAQkcVR%252BCElbmkmS4tIiU9igf1Hwu%2FsTt44me%252B14uKta%2FDA%253D%253D', '2017-10-18T10:43:32.000423+03:00', '2017-10-18T10:43:32.000444+03:00', '', 'auction', '20', NULL, 1508319974, 1508319974),
(88, '27e89750f9af4147b2c22961dcc0f0ed', NULL, NULL, 'md5:58522bbd763310819d4953331b972705', 'financialLicense', 'd-355974c4commodicbeZXh.pdf', '', 'application/pdf', 'http://public.docs-sandbox.ea.openprocurement.org/get/059b476bd4274ee597318f49f0c7f3d4?KeyID=1816418e&Signature=2h%252BDldIR2suh%252ByZA4Zc0gLiL2c%252BnZn2lYUIZnIlm9DfjkrJTDd2GWMA5CIM%252Bf4PZyPJFDBibcNpt5XnfuTvAAQ%253D%253D', '2017-10-18T09:31:39.411523+03:00', '2017-10-18T09:31:39.411545+03:00', '', 'bid', '34', NULL, 1508319975, 1508319975),
(89, '0dd35cc0ea7243008612838dbe063b84', NULL, NULL, 'md5:1544b87531cf425e36a5f2caea3eca87', 'financialLicense', 'd-912322a5mollitiauUs3kj.pdf', '', 'text/plain', 'http://public.docs-sandbox.ea.openprocurement.org/get/ee98dc99a05b4c42beef20e88f084edd?KeyID=1816418e&Signature=Om3bjv4bOY67XfrsV6lpnywBs1UrjN97Zmb6nEo17j4AWuRWZLMpvhydzFcfjva9J80Z1jpQkqQ0HbJFVH%2FhDw%253D%253D', '2017-10-18T10:35:16.931948+03:00', '2017-10-18T10:35:16.931988+03:00', '', 'bid', '35', NULL, 1508319975, 1508319975),
(90, '02f5a8d126224a94afa149fc023f50e4', NULL, NULL, NULL, 'x_dgfPlatformLegalDetails', 'Місце та форма прийому заяв на участь в аукціоні та банківські реквізити для зарахування гарантійних внесків', '', NULL, 'http://torgi.fg.gov.ua/prozorrosale', '2017-10-18T09:03:39.006485+03:00', '2017-10-18T09:03:39.006507+03:00', '', 'auction', '21', NULL, 1508319975, 1508319975),
(91, '998973805a184a0e87c089253b24ef2d', NULL, NULL, 'md5:3b5b43c3ed4b357ab987bac39074e261', '', 'audit_0722492652774739888e8b0156db6500.yaml', '', 'text/plain', 'http://public.docs-sandbox.ea.openprocurement.org/get/e0ad8904a7bd4d969b2a1e8b163a9e41?KeyID=1816418e&Signature=Qgog9%252BW45a8v8zBYB2GTmrKZGH69qsv1%2FMl7EMZsoAY8DFjE1YeChVwk0Rh6LSbLmj1IOTzW8nDvnlY2ieuaAg%253D%253D', '2017-10-18T10:37:24.904521+03:00', '2017-10-18T10:37:26.801862+03:00', '', 'auction', '21', NULL, 1508319975, 1508319975),
(92, 'dcb48fb31c3744c8b8a6141f36fa4279', NULL, NULL, 'md5:a543550e0f2a870f472e850332c467e6', 'financialLicense', 'd-610e4427inciduntMRhtM9.pdf', '', 'text/plain', 'http://public.docs-sandbox.ea.openprocurement.org/get/49e1899b8dc24e5c94ff2076d4098b9d?KeyID=1816418e&Signature=Q0JkIHHvG2tCvuq8CaHF5OCTiBqvO3nltlba0S5ZU%252BUn31Y2k4nB741Ft8SBKf6bJy2X%2Ffdo6Kb%2F6GUlMbSKDw%253D%253D', '2017-10-18T09:06:49.168128+03:00', '2017-10-18T09:06:49.168151+03:00', '', 'bid', '36', NULL, 1508319975, 1508319975),
(93, '12b94dcbcb2942d8b3f33b99e90021ef', NULL, NULL, 'md5:db7f254b3ab5cf3636e2b574ab8265a3', 'financialLicense', 'd-316e43a2accusamusKLdVWI.docx', '', 'text/plain', 'http://public.docs-sandbox.ea.openprocurement.org/get/c97a88c773254a4db2ff437665e181a9?KeyID=1816418e&Signature=zRhsdMBwAMVzCEXXelmJColriBIlFX5PPCIzPblbcocjT88cKlPfZd1vhgc9m0RgMZ80h%252B7LAhtPJUt%2FfIoeAA%253D%253D', '2017-10-18T10:12:33.883889+03:00', '2017-10-18T10:12:33.883911+03:00', '', 'bid', '37', NULL, 1508319975, 1508319975),
(94, '7e8486d1d1134640bab35c760d2cd9df', NULL, NULL, NULL, 'x_dgfPlatformLegalDetails', 'Місце та форма прийому заяв на участь в аукціоні та банківські реквізити для зарахування гарантійних внесків', '', NULL, 'http://torgi.fg.gov.ua/prozorrosale', '2017-10-18T09:24:15.411176+03:00', '2017-10-18T09:24:15.411198+03:00', '', 'auction', '22', NULL, 1508319976, 1508319976),
(95, '37b22415c9d745dabeb2f2c1cf66453b', NULL, NULL, 'md5:9837fdace51fb4977f972b05e0d208ca', '', 'audit_e7e77ed102f24001b54553f5ec9354a7.yaml', '', 'text/plain', 'http://public.docs-sandbox.ea.openprocurement.org/get/94f354547a3b43c0a505c361d40e4aaa?KeyID=1816418e&Signature=X%2FYKcATYU4RDzAPNYve6oo9Ka%2FVaU1fU8eUc1xDKMsHtFGcY8QLQTmjYtHLv1Gscp40pFBMZ29Aw5HlGQUbABg%253D%253D', '2017-10-18T10:46:40.512654+03:00', '2017-10-18T10:46:40.512676+03:00', '', 'auction', '22', NULL, 1508319976, 1508319976),
(96, '25ad0c204905464c959584c7ccb0d067', NULL, NULL, NULL, 'x_dgfPlatformLegalDetails', 'Місце та форма прийому заяв на участь в аукціоні та банківські реквізити для зарахування гарантійних внесків', '', NULL, 'http://torgi.fg.gov.ua/prozorrosale', '2017-10-18T09:21:04.712543+03:00', '2017-10-18T09:21:04.712565+03:00', '', 'auction', '23', NULL, 1508319976, 1508319976),
(97, '512e27f88e0e4dd09dcb1a40ab98cd0b', NULL, NULL, 'md5:9db2d66ae1e5567e59538e278dd36008', '', 'audit_839e3b97fe3b426db8ddfd050cac9348.yaml', '', 'text/plain', 'http://public.docs-sandbox.ea.openprocurement.org/get/cd11a69aae074aaa9fd3ad56f51907ce?KeyID=1816418e&Signature=yUtQRoFLS%252BuAW1Nhy9K5keTK2eE68zP44LTUI%2FB8NJGcRL5UFe2espcHvL3fuIQOww9TiGPLlDQvnrNanQHHDA%253D%253D', '2017-10-18T10:41:31.583082+03:00', '2017-10-18T10:41:32.496092+03:00', '', 'auction', '23', NULL, 1508319976, 1508319976),
(98, 'ae761a8f21c046f7a10e5a7d8fc32139', NULL, NULL, 'md5:140e353a91ba8bc5229d4cacbcc38a9e', 'financialLicense', 'd-372fc277atCv_daV.docx', '', 'text/plain', 'http://public.docs-sandbox.ea.openprocurement.org/get/fbd36d661e034f1fa489d1beee690f3a?KeyID=1816418e&Signature=MY3VY2rOUbSgdP027wXdDTvR8YorGSHl513ElZFMO6ALxMfinvPPdZmCec%252BwMW8r6L7uuyr%2FaMftHnyvyKhnAg%253D%253D', '2017-10-18T09:33:53.455105+03:00', '2017-10-18T09:33:53.455127+03:00', '', 'bid', '39', NULL, 1508319976, 1508319976),
(99, 'f697f46847f4413f91fb57561537a749', NULL, NULL, 'md5:f0c5aef3166af5472b9da9de12c392f6', 'financialLicense', 'd-4c16384bautemPLv_9L.docx', '', 'text/plain', 'http://public.docs-sandbox.ea.openprocurement.org/get/c62396afed5f41e48a2bec6214533930?KeyID=1816418e&Signature=01QhoXH0%252ByCtFznzLQFbAqSxl2e7BzHWBr%252BYxkpiPBFXr4dmMZ4zp5rOOfspHHt79CfnDMyExikvpfM2hZVWDQ%253D%253D', '2017-10-18T10:19:18.601325+03:00', '2017-10-18T10:19:18.601347+03:00', '', 'bid', '40', NULL, 1508319976, 1508319976),
(100, '0b48d7ea081f4ec591b76bd4497e5a87', NULL, NULL, NULL, 'x_dgfPlatformLegalDetails', 'Місце та форма прийому заяв на участь в аукціоні та банківські реквізити для зарахування гарантійних внесків', '', NULL, 'http://torgi.fg.gov.ua/prozorrosale', '2017-10-18T09:24:15.559273+03:00', '2017-10-18T09:24:15.559295+03:00', '', 'auction', '24', NULL, 1508319977, 1508319977),
(101, 'b27a84890bf540d38cf8b7225950d58a', NULL, NULL, 'md5:a898bc82e927699ab9224d74b09e85df', '', 'audit_d3bf58519c494495917ef4a00ccc9125.yaml', '', 'text/plain', 'http://public.docs-sandbox.ea.openprocurement.org/get/3532adcad8fe4e6bb101b898c96dba58?KeyID=1816418e&Signature=mAkn2ldNQaKKK%252BhycrOKgaXTaPxiTKol0t2O758GASe4n4OIWzzYs4aKZ%252BJFKGKObU3uaKhaeuddoe9hUXwSCQ%253D%253D', '2017-10-18T10:49:04.022690+03:00', '2017-10-18T10:49:04.022712+03:00', '', 'auction', '24', NULL, 1508319977, 1508319977),
(102, 'ecc26d452791409995b1b4dffd1fe8d8', NULL, NULL, 'md5:de069d4dc49ab8cff046bd4a58922a12', 'financialLicense', 'd-996f8a5aquiPaWoVF.doc', '', 'text/plain', 'http://public.docs-sandbox.ea.openprocurement.org/get/9df638314f3c483ab08ad647b415a003?KeyID=1816418e&Signature=j5w6EZq2uLhztom6w3PmswTfDVM4k5FIHKzS%252BXgTtm1Q4i7B8rbjVQb6pmivFX6Gsdnls3Hjbf36oVL1hv%252BdBA%253D%253D', '2017-10-18T09:26:25.958092+03:00', '2017-10-18T09:26:25.958115+03:00', '', 'bid', '41', NULL, 1508319977, 1508319977),
(103, '368d2031feef4ddaa3c54ea38555729d', NULL, NULL, NULL, 'x_dgfPlatformLegalDetails', 'Місце та форма прийому заяв на участь в аукціоні та банківські реквізити для зарахування гарантійних внесків', '', NULL, 'http://torgi.fg.gov.ua/prozorrosale', '2017-10-18T09:28:19.913747+03:00', '2017-10-18T09:28:19.913769+03:00', '', 'auction', '25', NULL, 1508319977, 1508319977),
(104, 'fd87198ae2474653920aee42719ee39b', NULL, NULL, 'md5:38bfd8efd624334433a0a97852d001f8', '', 'audit_4007df91e54e478cb47d6322dca05026.yaml', '', 'text/plain', 'http://public.docs-sandbox.ea.openprocurement.org/get/b598d55cbbc64998ad6809d175dd0de0?KeyID=1816418e&Signature=od58ZHa0aKcZqP3OYI2Dx6EJbAbm%2FRiT1Sb%252BG2TyUOH2tBXsOZTkv5r%2FbaTlhZhePq4CAHmqP48VF2qVvt1IBQ%253D%253D', '2017-10-18T10:42:47.391011+03:00', '2017-10-18T10:42:49.005433+03:00', '', 'auction', '25', NULL, 1508319977, 1508319977),
(105, '3b89dad207c544d591a7a5f722c31f3a', NULL, NULL, 'md5:a99ccdf4e715eae3e15648b1fae82c97', 'financialLicense', 'd-c44cb22bdoloremqueL4_tNX.pdf', '', 'text/plain', 'http://public.docs-sandbox.ea.openprocurement.org/get/a53dc9838afd4281a0417ee69657d2a7?KeyID=1816418e&Signature=hCN06f65avaWNPnsL6h0ermZNiw0UX00b7nJj9vNcQcm1oSLy26AqBMLizYO9nIYtwdM2tX5tyKHU%252BJcHKInAw%253D%253D', '2017-10-18T09:31:00.604448+03:00', '2017-10-18T09:31:00.604472+03:00', '', 'bid', '42', NULL, 1508319977, 1508319977),
(106, 'ce9fb6fd9b8341ae9de28d0192086091', NULL, NULL, 'md5:bb6d89c0d58db7bc4f360228dd129b99', 'financialLicense', 'd-6650662aearumrh7HJJ.pdf', '', 'application/pdf', 'http://public.docs-sandbox.ea.openprocurement.org/get/6372a7ac9e924683b5f80907a723aa0f?KeyID=1816418e&Signature=Akjinu2ipZYUIipLqrbKhfNEfiPo9D%252BcIv9ywJOW8ZECQnXM1Tj2spPP%2Fbcg9pTD8DTA3hwXWysCxO%252BtokByCg%253D%253D', '2017-10-18T10:24:06.990183+03:00', '2017-10-18T10:24:06.990205+03:00', '', 'bid', '43', NULL, 1508319977, 1508319977),
(107, '4ea10857610142ffbd1b5311c8d3577a', NULL, NULL, NULL, 'x_dgfPlatformLegalDetails', 'Місце та форма прийому заяв на участь в аукціоні та банківські реквізити для зарахування гарантійних внесків', '', NULL, 'http://torgi.fg.gov.ua/prozorrosale', '2017-10-18T09:05:04.549891+03:00', '2017-10-18T09:05:04.549913+03:00', '', 'auction', '26', NULL, 1508319978, 1508319978),
(108, 'bce70e3c42ad4a9685d95e632a5c5c86', NULL, NULL, 'md5:ceb3bdacd54139bbce442732291c84e6', '', 'audit_c5e3ea5335154cb188f83280239c8325.yaml', '', 'text/plain', 'http://public.docs-sandbox.ea.openprocurement.org/get/6de4657d93284fde8b9d056ed044c30f?KeyID=1816418e&Signature=Zz6bhdJRPd8cSjFs9ePONvD14SSHRVgE%2FA65g73MuKBn1I7SFTFmrIiBADtkElh5y0goItUgpOn8JD%252BROeckDw%253D%253D', '2017-10-18T10:31:14.808214+03:00', '2017-10-18T10:31:16.163290+03:00', '', 'auction', '26', NULL, 1508319978, 1508319978);
INSERT INTO `api_documents` (`unique_id`, `id`, `author`, `file_id`, `hash`, `documentType`, `title`, `description`, `format`, `url`, `datePublished`, `dateModified`, `language`, `documentOf`, `relatedItem`, `lot_id`, `created_at`, `updated_at`) VALUES
(109, 'da521804f23041e59023ec12d25f3572', NULL, NULL, 'md5:ee5c93d581c176cfc7845656e0769bae', 'financialLicense', 'd-7a000b52vitaeB6oX3g.pdf', '', 'text/plain', 'http://public.docs-sandbox.ea.openprocurement.org/get/f7f84840eb144c18ae1159ff66cf9dd0?KeyID=1816418e&Signature=WG96FhJFO4IbYt1cpphcOCPjUu3MWV7VLqft3ldVI2akVQ6eZn37rx4fd4%2FZznXrfagXYXswJ6llVNV6IQMABg%253D%253D', '2017-10-18T09:09:02.710407+03:00', '2017-10-18T09:09:02.710429+03:00', '', 'bid', '44', NULL, 1508319978, 1508319978),
(110, 'dc5100b5527f403f9d7ada0c4bc2beee', NULL, NULL, 'md5:876d89161c2ee75e74e2feb32ad9da40', 'financialLicense', 'd-1150c779fugiat9Q7P9C.doc', '', 'text/plain', 'http://public.docs-sandbox.ea.openprocurement.org/get/741ff83ec9b84d8a95b80c842445055e?KeyID=1816418e&Signature=GOiMBdtm5scBymoyOAC8IQt%252B64pbdteWWtrDbOl%2FoTjdXR8JNKAKtS8bXgOsyr3N0fuzV39t86waOYPZ78UgAg%253D%253D', '2017-10-18T10:10:28.391821+03:00', '2017-10-18T10:10:28.391843+03:00', '', 'bid', '45', NULL, 1508319978, 1508319978),
(111, '0330e16ff5f64c9bba3cc93c562e0ad1', NULL, NULL, NULL, 'x_dgfPlatformLegalDetails', 'Місце та форма прийому заяв на участь в аукціоні та банківські реквізити для зарахування гарантійних внесків', '', NULL, 'http://torgi.fg.gov.ua/prozorrosale', '2017-10-18T09:28:18.887569+03:00', '2017-10-18T09:28:18.887591+03:00', '', 'auction', '27', NULL, 1508319979, 1508319979),
(112, '636454840679402cbcdd9c1cb6b85132', NULL, NULL, 'md5:7d6023b90573b2f44d3e971510ca0018', '', 'audit_51e2aea977234bb59b1fc516a2613387.yaml', '', 'text/plain', 'http://public.docs-sandbox.ea.openprocurement.org/get/4162354dc7374dcc810b639b5ade955f?KeyID=1816418e&Signature=%2FcB2gvd%252BkWxl6xMft22ptKc%252BR6SssHoglC3rbsLeSLhNRfOBCINi82pStR1mc%252BHqdDKIHZcAtwF2h7FKiYqnCw%253D%253D', '2017-10-18T10:48:32.459695+03:00', '2017-10-18T10:48:33.169156+03:00', '', 'auction', '27', NULL, 1508319979, 1508319979),
(113, '856463d6919540868d9760c0c608f430', NULL, NULL, 'md5:fe8d0d1d631720354a95c624667290aa', 'financialLicense', 'd-1d36232dtotamLYGNzt.doc', '', 'text/plain', 'http://public.docs-sandbox.ea.openprocurement.org/get/21ea9f08b882435ea77b8c65de2fe93b?KeyID=1816418e&Signature=mfpxW6nc0SI%2F4fq9HO3xY6VGSLSFreSf3R5PmzzZaW7eRIBskFDR9k9I6ORekJIfEPLXwxIohky1XRB41nd0Bg%253D%253D', '2017-10-18T09:31:26.751133+03:00', '2017-10-18T09:31:26.751156+03:00', '', 'bid', '46', NULL, 1508319979, 1508319979),
(114, 'bae99b2246494fc193b68ca7174bf734', NULL, NULL, 'md5:8e5bae7004f196ff44063de06ffd3e7d', 'financialLicense', 'd-caa04a4aquiaug5C2w.doc', '', 'text/plain', 'http://public.docs-sandbox.ea.openprocurement.org/get/5c86745c338c4999be8d7bb16cc770a3?KeyID=1816418e&Signature=lcmnhPmoStebmQhfSfelQ3MpBDxtHFs%252Bhja7P3CfztiLhOQQncfz4JSjndq%252Bee6QeZ84Df9r2BBSLG7JDBeiCg%253D%253D', '2017-10-18T10:31:04.770370+03:00', '2017-10-18T10:31:04.770391+03:00', '', 'bid', '47', NULL, 1508319979, 1508319979),
(115, '8a5dbaa11cb2498fae7f592d3a0c50fc', NULL, NULL, NULL, 'x_dgfPlatformLegalDetails', 'Місце та форма прийому заяв на участь в аукціоні та банківські реквізити для зарахування гарантійних внесків', '', NULL, 'http://torgi.fg.gov.ua/prozorrosale', '2017-10-18T08:57:57.342847+03:00', '2017-10-18T08:57:57.342869+03:00', '', 'auction', '28', NULL, 1508319979, 1508319979),
(116, 'dff4a90a61b041d298a7b0bccc3487c4', NULL, NULL, 'md5:168b21c41ffffd441e74d9e7241440d9', '', 'audit_53658401e2b84b3cabd02ea321fce4f3.yaml', '', 'text/plain', 'http://public.docs-sandbox.ea.openprocurement.org/get/c4eb8a47fd28448ca90beb40cc074cb2?KeyID=1816418e&Signature=Nhqp44NFBwWVWSW1WtBSDhWo2FL5UEF7ev3hamEk46IFce5JISAhOspLUh2RrJmeA0SIJ600sjyJgZ34SKTVBQ%253D%253D', '2017-10-18T10:34:55.924997+03:00', '2017-10-18T10:34:57.501735+03:00', '', 'auction', '28', NULL, 1508319979, 1508319979),
(117, 'bb5d04d4394d429c894ea84c7f74703c', NULL, NULL, 'md5:943b0b9f88e4cde934b17db71b31e8fc', 'financialLicense', 'd-5a9fa049doloreXlViHL.doc', '', 'text/plain', 'http://public.docs-sandbox.ea.openprocurement.org/get/40fc940a02874412a032057ae316f84a?KeyID=1816418e&Signature=9wVmVls0uVEoVI7B8JYW6gM9sVBRZsyMIhiSSHDZuqUJj1Ki%252BRPWh9zg4k918Mg1bFSeHy2sqLcV%2FRSxhrZdBw%253D%253D', '2017-10-18T09:05:34.045368+03:00', '2017-10-18T09:05:34.045390+03:00', '', 'bid', '48', NULL, 1508319979, 1508319979),
(118, '797535d499114c74beed49faf53ad751', NULL, NULL, NULL, 'x_dgfPlatformLegalDetails', 'Місце та форма прийому заяв на участь в аукціоні та банківські реквізити для зарахування гарантійних внесків', '', NULL, 'http://torgi.fg.gov.ua/prozorrosale', '2017-10-18T09:24:16.552712+03:00', '2017-10-18T09:24:16.552734+03:00', '', 'auction', '29', NULL, 1508319980, 1508319980),
(119, '5a2fe3a153124987b499bf919fded55a', NULL, NULL, 'md5:ff57d886c35d789334cb813c6d48a6f0', '', 'audit_1ced3b4e206e460581ef5e460bd84076.yaml', '', 'text/plain', 'http://public.docs-sandbox.ea.openprocurement.org/get/1e5c43a10d4443619c27eba68080dda9?KeyID=1816418e&Signature=pX5lowgQgwbi74z5yhPE2W1w8wnILoQOuzmSPkYbDGeAtZJ2IxPMdQxHPk6mxsSB5g8x4ZmDiz5PqkmehyKGBQ%253D%253D', '2017-10-18T10:47:21.273591+03:00', '2017-10-18T10:47:22.181669+03:00', '', 'auction', '29', NULL, 1508319980, 1508319980),
(120, '570478943b6a48debcf4ee08c666fdd7', NULL, NULL, 'md5:567eb20c7e751c0c8b65b370aebba401', 'financialLicense', 'd-e943c646iustogI2Bob.doc', '', 'text/plain', 'http://public.docs-sandbox.ea.openprocurement.org/get/94c71dc662d64dd59158eabd8f2b6618?KeyID=1816418e&Signature=Vdat3RC16qm6nnMaLKEwIPun6Yg7LXrlcbZV0wwnj9T0UnwiqRaGUUr%2FnopSaOgJqyyvHG5%2FBO9ziSphZaIeCA%253D%253D', '2017-10-18T09:25:59.429989+03:00', '2017-10-18T09:25:59.430011+03:00', '', 'bid', '50', NULL, 1508319980, 1508319980),
(121, '21ede8a6c7694bea864c85ec23ba32b7', NULL, NULL, NULL, 'x_dgfPlatformLegalDetails', 'Місце та форма прийому заяв на участь в аукціоні та банківські реквізити для зарахування гарантійних внесків', '', NULL, 'http://torgi.fg.gov.ua/prozorrosale', '2017-10-18T10:03:03.934137+03:00', '2017-10-18T10:03:03.934160+03:00', '', 'auction', '30', NULL, 1508319981, 1508319981),
(122, '9b1f3ec6bd474e34a5a09bbb9f68fb91', NULL, NULL, 'md5:35e2a7c3d540b436409f4debdcefccde', '', 'audit_0b5b44872bc14efab79cd04709ab260a.yaml', '', 'text/plain', 'http://public.docs-sandbox.ea.openprocurement.org/get/e0c8b9bc23c943b68fb8cb29b4a3b6af?KeyID=1816418e&Signature=rhLv2SRKhKVbrTtzqtpKo25ggfnY8P0zRiI6H0Grh42qeufxDO84mkUfCmn%2FfTyhyyiQnxAYSaYfGiFOvuCHBA%253D%253D', '2017-10-18T10:59:04.487543+03:00', '2017-10-18T10:59:04.487564+03:00', '', 'auction', '30', NULL, 1508319981, 1508319981),
(123, 'e7e9605771994c11adee190d3d90abd0', NULL, NULL, 'md5:6fcd135ff68c81390ca0ac4df187572d', 'financialLicense', 'd-3c10a0dctemporibusPRXuT0.pdf', '', 'text/plain', 'http://public.docs-sandbox.ea.openprocurement.org/get/578a9023ae4e4cc08dfc43fea4a86611?KeyID=1816418e&Signature=kvv4uUJuz9h4O7zaGDTExtXCww1IkozSBmawT3ZMBW7Of%2FVQZqw6%252BwPSm7AtROSXKVoNL6Tvnax0pjE%2Fi85QBg%253D%253D', '2017-10-18T10:05:19.698754+03:00', '2017-10-18T10:05:19.698776+03:00', '', 'bid', '52', NULL, 1508319981, 1508319981),
(124, 'cbd967e6dc5a46d598d8338a03d05083', NULL, NULL, NULL, 'x_dgfPlatformLegalDetails', 'Місце та форма прийому заяв на участь в аукціоні та банківські реквізити для зарахування гарантійних внесків', '', NULL, 'http://torgi.fg.gov.ua/prozorrosale', '2017-10-18T08:57:54.320002+03:00', '2017-10-18T08:57:54.320026+03:00', '', 'auction', '31', NULL, 1508319981, 1508319981),
(125, '4c343f6354dc4bb882c9a7824dbe3b73', NULL, NULL, 'md5:10d554e7b792fbfdfad69ee8eb71ee6c', '', 'audit_2819d687a78342358ff5e6db4bd0b06b.yaml', '', 'text/plain', 'http://public.docs-sandbox.ea.openprocurement.org/get/630c7a3e7a434f0da71871a7a8ba3f34?KeyID=1816418e&Signature=tG%2FFvOv5wGlVKPQ%252ByBU5FCRdaijl8Jl5K7kMK8NObHWhsbWlmXI%252BMxO9gNy1JPWGYTSEF5Q64eezQzNo%2FzzwAg%253D%253D', '2017-10-18T10:21:33.475697+03:00', '2017-10-18T10:21:34.345806+03:00', '', 'auction', '31', NULL, 1508319981, 1508319981),
(126, 'b8583258617b48dcad557ee4dc5387b8', NULL, NULL, 'md5:c0628a884f626497d8c49ec591498d1b', 'financialLicense', 'd-b513d9dequaeratSvp0bx.pdf', '', 'text/plain', 'http://public.docs-sandbox.ea.openprocurement.org/get/2552addce7dc4bf09456a043013011ab?KeyID=1816418e&Signature=7wnR1ocIvEQZD69bvHfp6Qm2ShELbdblA3gTk6BYRdDwRVT06B0XHQANyzHkx%252BCWQAiVkzcNj3e5l9otVOLxCQ%253D%253D', '2017-10-18T09:05:36.462610+03:00', '2017-10-18T09:05:36.462632+03:00', '', 'bid', '53', NULL, 1508319981, 1508319981),
(127, 'b9b50461fb6047b8870aea1f50d1bd33', NULL, NULL, 'md5:6e9571a579201b48e70dfaf42e39dce4', 'financialLicense', 'd-5127d849ducimusHw88JG.doc', '', 'text/plain', 'http://public.docs-sandbox.ea.openprocurement.org/get/13b8c76eb1ad469b81a7f69adf4dcdb1?KeyID=1816418e&Signature=RkPyHNSvkLhSNB%2F%2FJb9sq25g9pIVnjrBwdad0ViQRotJOgFMvSfLcFXQdqMKttsYKy3dGhdkR%2FlySovfXaNhCg%253D%253D', '2017-10-18T10:02:22.595934+03:00', '2017-10-18T10:02:22.595956+03:00', '', 'bid', '54', NULL, 1508319981, 1508319981),
(128, '6f3fcb4f262f48868697e61e91d6de85', NULL, NULL, NULL, 'x_dgfPlatformLegalDetails', 'Місце та форма прийому заяв на участь в аукціоні та банківські реквізити для зарахування гарантійних внесків', '', NULL, 'http://torgi.fg.gov.ua/prozorrosale', '2017-10-18T11:01:55.837558+03:00', '2017-10-18T11:01:55.837579+03:00', '', 'auction', '32', NULL, 1508319982, 1508319982),
(129, '1e2da2b5bf9d4bad8a8515bb355b81db', NULL, NULL, NULL, 'x_dgfPlatformLegalDetails', 'Місце та форма прийому заяв на участь в аукціоні та банківські реквізити для зарахування гарантійних внесків', '', NULL, 'http://torgi.fg.gov.ua/prozorrosale', '2017-10-18T10:55:50.127114+03:00', '2017-10-18T10:55:50.127137+03:00', '', 'auction', '33', NULL, 1508319982, 1508319982),
(130, '5602ecbc07ee4a18b005fd882a0aec0a', NULL, NULL, NULL, 'x_dgfPlatformLegalDetails', 'Місце та форма прийому заяв на участь в аукціоні та банківські реквізити для зарахування гарантійних внесків', '', NULL, 'http://torgi.fg.gov.ua/prozorrosale', '2017-10-18T09:31:35.706015+03:00', '2017-10-18T09:31:35.706037+03:00', '', 'auction', '34', NULL, 1508319983, 1508319983),
(131, '6e0592d82d90442491fc201d112fdbc3', NULL, NULL, 'md5:b0273e8dcac66191f523393e1d2f09cb', 'clarifications', 'd-43f2fc9fofficiisKekbNV.pdf', '', 'application/pdf', 'http://public.docs-sandbox.ea.openprocurement.org/get/efe9be05e51940b99453612011c0e4cc?KeyID=1816418e&Signature=BF5iNPYf3Lumexp9z5ZVkqD4oFwXi%2FtVFZ8Xv0s%252BGvzWlKF5I%2Fpy3gSp9jS2rBAoUtZW2B2F8poclKO%2FnOSDBg%253D%253D', '2017-10-18T09:35:45.077912+03:00', '2017-10-18T09:35:45.077935+03:00', '', 'auction', '34', NULL, 1508319983, 1508319983),
(132, '4b19758a23f44de1b6aef8db32955125', NULL, NULL, 'md5:6f86158e3d7ee160f01888c26304848c', 'clarifications', 'd-abde5ef3molestiasG6njyU.doc', '', 'application/msword', 'http://public.docs-sandbox.ea.openprocurement.org/get/0d4a20aa843c4694912e721be78f6220?KeyID=1816418e&Signature=6ul0T3%252BStPp%2FzjNd3k3ZpTgwMhMDOCDLxh518T3tMHl5UvongLYzFAJEZfU3bDksFHyutDCqFZ1kYPQxjHGbBA%253D%253D', '2017-10-18T09:37:09.413849+03:00', '2017-10-18T09:37:09.413872+03:00', '', 'auction', '34', NULL, 1508319983, 1508319983),
(133, '3cc17289d23f4597b8b7b14cd2500ae9', NULL, NULL, 'md5:e469514ae81ec64b2b8435e8c6b1b789', 'clarifications', 'd-10960889quiaFIZyn0.doc', '', 'application/msword', 'http://public.docs-sandbox.ea.openprocurement.org/get/83b6255bada544f3be7f98b8e2eb251f?KeyID=1816418e&Signature=%252B0xp87PmQZ6SknqMjP0AjxR%252BC%252BSzOM96ALRw47weF3xFgoFYW34up5%252BKNLsXMFprNKE%2F25eRbodKe7NLLBPBDQ%253D%253D', '2017-10-18T09:40:24.505495+03:00', '2017-10-18T09:40:24.505517+03:00', '', 'auction', '34', NULL, 1508319983, 1508319983),
(134, 'dbd0b802f11e49c6b5a1b93472886709', NULL, NULL, 'md5:2b92ed5e2bed53cc1efddd217c8a916d', 'clarifications', 'd-f074ff4aporroV1KK94.docx', '', 'application/vnd.openxmlformats-officedocument.wordprocessingml.document', 'http://public.docs-sandbox.ea.openprocurement.org/get/f8967bdc1bf640d5ba803d69830bbd92?KeyID=1816418e&Signature=UkchPp2cJZTfNRI3C6rD5jxJ4swOpkzpmIQ96k77IiTIBM64Pyn1GWmkJacsVeimwYyQG74ehbLjh%252B71PUTNDQ%253D%253D', '2017-10-18T09:41:47.364370+03:00', '2017-10-18T09:41:47.364393+03:00', '', 'auction', '34', NULL, 1508319983, 1508319983),
(135, 'cb0b6b62dcc14033807be59a58e4990a', NULL, NULL, 'md5:59af8f5a04e2ad53a531e03ddb5ca328', 'clarifications', 'd-b7e03388illumlEqwJT.pdf', '', 'application/pdf', 'http://public.docs-sandbox.ea.openprocurement.org/get/febd105f7fab41f588053f73e559b904?KeyID=1816418e&Signature=0dqtqtCFtjnA2Urp%252BGKy3jnWig1XvbS16SvpEerTBeCaFWLHY5CsG8knpqM82eSA%252BjPjwsjq4iuUwmLYqFSACw%253D%253D', '2017-10-18T09:43:10.024982+03:00', '2017-10-18T09:43:10.025005+03:00', '', 'auction', '34', NULL, 1508319983, 1508319983),
(136, '99d931aa3db844ca8edc4b5026a4a531', NULL, NULL, 'md5:4b45edbd17bde6c1d158ee0ffb11126d', 'clarifications', 'd-9ce81867impeditCiDHor.docx', '', 'application/vnd.openxmlformats-officedocument.wordprocessingml.document', 'http://public.docs-sandbox.ea.openprocurement.org/get/f2599efe17904778b4ef5f78bf7883a9?KeyID=1816418e&Signature=IASgFyflV7WUW8bNqf8mqL1xUawuzxFRizoJkAqrwUm5sv4JdJTqwJOIXGzM1fq6jonx%252BrARdJ2nNZJjgnzbAg%253D%253D', '2017-10-18T09:44:32.831188+03:00', '2017-10-18T09:44:32.831210+03:00', '', 'auction', '34', NULL, 1508319983, 1508319983),
(137, 'f21427b9009749019c7abb79853b137b', NULL, NULL, 'md5:96ff5948281e72d3106bf78327f066c5', 'technicalSpecifications', 'd-1b3eff99aliquamrff_Mg.docx', '', 'application/vnd.openxmlformats-officedocument.wordprocessingml.document', 'http://public.docs-sandbox.ea.openprocurement.org/get/00a276f5ff264f2a814f780661f8f41b?KeyID=1816418e&Signature=U7q34g4yfGEBhjtXhRPgw7buRtV8xbyehVufmcy6OUZJgV19G91xr6WkIWxqjmMt9PBBNuH98aypjFwDgcumDg%253D%253D', '2017-10-18T09:49:40.049741+03:00', '2017-10-18T09:49:40.049765+03:00', '', 'auction', '34', NULL, 1508319983, 1508319983),
(138, '16d8007dd7114f80b9147d0b7d50db1d', NULL, NULL, 'md5:04cada8e3480df28a6cbe2b9778e2074', 'illustration', 'illustration.png', '', 'image/png', 'http://public.docs-sandbox.ea.openprocurement.org/get/7b77ceb3c2264077ad2281c4e297690a?KeyID=1816418e&Signature=Nxyg3z4vTspSJivaB3%252BhSTPmOYTqa4P%2F8oH%252B6fZHE7IKOj7nhSDZa%252BpLkp8sBiZpaAORg8f8iOfqncX3GSipBA%253D%253D', '2017-10-18T09:49:40.852476+03:00', '2017-10-18T09:49:40.852498+03:00', '', 'auction', '34', NULL, 1508319983, 1508319983),
(139, '17eebc6ae6964f09b6d0017b1871cea3', NULL, NULL, NULL, 'virtualDataRoom', 'Tets test', '', NULL, 'https://dummyimage.com/792x149/3513AE/FF6761.png', '2017-10-18T09:49:41.798035+03:00', '2017-10-18T09:49:41.798057+03:00', '', 'auction', '34', NULL, 1508319983, 1508319983),
(140, '527c3c5206f3412d82f2c9bed6dce3d7', NULL, NULL, NULL, 'x_dgfPublicAssetCertificate', 'Tets test', '', NULL, 'https://dummyimage.com/547x115/035B83/FDCDED.png', '2017-10-18T09:49:42.653455+03:00', '2017-10-18T09:49:42.653479+03:00', '', 'auction', '34', NULL, 1508319983, 1508319983),
(141, '8688bbff25ef425581c254613e70de12', NULL, NULL, 'md5:4360579b458cf1bf093f56eb31b55261', 'x_nda', 'd-eb16b49fliberoZmDxLa.doc', '', 'application/msword', 'http://public.docs-sandbox.ea.openprocurement.org/get/eee29818250c414aae3de71b3d8fa31d?KeyID=1816418e&Signature=ibKgO1QqGhShtMULSKf3ixtw4rjI%252BYfHtKU4awy2YlxjWN0TshA4o6RPr4R6oUQR2RrHXlicws48x9PQVc2ODQ%253D%253D', '2017-10-18T09:49:43.558764+03:00', '2017-10-18T09:49:43.558787+03:00', '', 'auction', '34', NULL, 1508319983, 1508319983),
(142, '9a6529f783b14241aecccd8c84b6d436', NULL, NULL, 'md5:eaa18e82ad0ca67fb72397027b0de7c3', 'tenderNotice', 'd-e07fbd47aperiamIcX3ZM.pdf', '', 'application/pdf', 'http://public.docs-sandbox.ea.openprocurement.org/get/a399d07e94a8428e98b33ed3ba8d88da?KeyID=1816418e&Signature=hOP4UEGSX6Alw01L44YbKpiz%2FJX%252BAPEEsXv2sN5pczd%252B3HVXPdGIKjrJiW14rVS2HgvZvTs9DD8GjNTzHFSTCg%253D%253D', '2017-10-18T09:49:44.462514+03:00', '2017-10-18T09:49:44.462537+03:00', '', 'auction', '34', NULL, 1508319983, 1508319983),
(143, '8a2455d9484247409ceb817abef536d8', NULL, NULL, 'md5:a2ac5a69e67871560875c8e32c9fb670', 'x_presentation', 'd-e3153787sequiHrQY3p.pdf', '', 'application/pdf', 'http://public.docs-sandbox.ea.openprocurement.org/get/06ad394bfc6a4aa4a8659b68d4f76705?KeyID=1816418e&Signature=PgJUZb7b8JXNdahCLBRVwmJctzZ8N8w4ZeXhATzFfBI%252BS20dMO6wsxlNurB1DI3g1HrMNJczHbd6MsMRPjYYBg%253D%253D', '2017-10-18T09:49:46.268322+03:00', '2017-10-18T09:49:46.268345+03:00', '', 'auction', '34', NULL, 1508319983, 1508319983),
(144, '9bbe0747d507459694132810ffc72cb7', NULL, NULL, 'md5:512427f6054a29c652de7d6e14396157', 'technicalSpecifications', 'd-646c6076doloresywqxvg.doc', '', 'application/msword', 'http://public.docs-sandbox.ea.openprocurement.org/get/f841d66f5fc84def8fa2aa26857e304c?KeyID=1816418e&Signature=kMH2Y%252BdsZekcziBqKQdH7q%2FgqhQLtjdhon%2Fgr2Bsm1mfLkrIbBYOQH1Cudqi5pYGQxq2CAG74K2dk6633GIKAw%253D%253D', '2017-10-18T09:49:49.868070+03:00', '2017-10-18T09:49:49.868092+03:00', '', 'auction', '34', NULL, 1508319983, 1508319983),
(145, '72bd3dc241f4413fab4d94acacecdfc8', NULL, NULL, NULL, 'x_dgfAssetFamiliarization', 'Пропищати покропити жидел зажати лихота нахватитися обчірати.', '', 'offline/on-site-examination', '', '2017-10-18T09:49:53.515365+03:00', '2017-10-18T09:49:53.515387+03:00', '', 'auction', '34', NULL, 1508319983, 1508319983),
(146, 'ee69b32091b44c7ca3ad91dc0910783c', NULL, NULL, 'md5:7b9baa47eb7100967b1149d9177157f6', 'clarifications', 'd-a6dbb17equaeratE1m6LB.doc', '', 'application/msword', 'http://public.docs-sandbox.ea.openprocurement.org/get/1650a90aaea84347a402d8b1adf0b5ec?KeyID=1816418e&Signature=Pb2efSchahSKoyhKBD7Z1LSjK46idCPimWjDBRXGF4Q1Mqti3UxpqpcFhe59lnmb9KVsOrDrGf2%2Fq539heibBw%253D%253D', '2017-10-18T09:49:55.277559+03:00', '2017-10-18T09:49:55.277581+03:00', '', 'auction', '34', NULL, 1508319983, 1508319983),
(147, 'c53feefd03184418a2189291ad5f81d3', NULL, NULL, 'md5:6f3ac8ea88d56dc33aace6378b6eb41a', '', 'audit_29f62ea4af6648f2b6000a3a0de0dc82.yaml', '', 'text/plain', 'http://public.docs-sandbox.ea.openprocurement.org/get/4ea5edbe6c5e4904b72d267f145663fd?KeyID=1816418e&Signature=VXsZOJqLW46s5l8qaJ4hc94cpSEIw49fKX5RSjA%2F3FrGX5CXcjvoq5VOaKthPs6SQXNbmjovAQfpnXz2o1vQBA%253D%253D', '2017-10-18T11:08:28.740668+03:00', '2017-10-18T11:08:29.984173+03:00', '', 'auction', '34', NULL, 1508319983, 1508319983),
(148, '684c2828dbb0457789fd75a310597d5f', NULL, NULL, 'md5:f06979b74d0228826d27ca4361f22a5d', 'financialLicense', 'd-0d262a27consequunturRplxam.docx', '', 'text/plain', 'http://public.docs-sandbox.ea.openprocurement.org/get/a271eab7fc5e406c952b5cd9f4b482aa?KeyID=1816418e&Signature=BLb3Z5OIdBzokZyd%252B2TI5PNAA%252BdiZdVfuDyYf4DWaD2vVVaYFmnYhmVmYk27ZeRcLS%2FSsCqJRckWsdiF1ZK0Bg%253D%253D', '2017-10-18T09:54:37.593724+03:00', '2017-10-18T09:54:37.593746+03:00', '', 'bid', '55', NULL, 1508319983, 1508319983),
(149, 'e7ed046b8f714c0c8b3a12883356bf7e', NULL, NULL, 'md5:4c1cf0e1ce895293f2bc70d3cdc1a8d2', 'financialLicense', 'd-459aa8b8laborumW4xkZL.doc', '', 'text/plain', 'http://public.docs-sandbox.ea.openprocurement.org/get/287d73e9e4144974a71a9ac07405904a?KeyID=1816418e&Signature=a6kmL2IOaGdNp9O%2FYQpfV%2FKi9PTGZeLjU8ED4XOqYMemcdlZGl5xSkI2XKDzSIDWx2TEwsBpagzT4fDZm3L9Aw%253D%253D', '2017-10-18T09:54:47.908758+03:00', '2017-10-18T09:54:47.908780+03:00', '', 'bid', '56', NULL, 1508319983, 1508319983),
(150, 'a433476e02f54f5787b36bdd2ef99c8d', NULL, NULL, NULL, 'x_dgfPlatformLegalDetails', 'Місце та форма прийому заяв на участь в аукціоні та банківські реквізити для зарахування гарантійних внесків', '', NULL, 'http://torgi.fg.gov.ua/prozorrosale', '2017-10-18T09:49:17.062821+03:00', '2017-10-18T09:49:17.062844+03:00', '', 'auction', '35', NULL, 1508319984, 1508319984),
(151, '3d0af41c9488478fb4a7563c073e412f', NULL, NULL, 'md5:d9d03cecf5a9835bb3df8b2754805497', '', 'audit_3841bbd696cd4fe49116a9f8072d9625.yaml', '', 'text/plain', 'http://public.docs-sandbox.ea.openprocurement.org/get/9bfabdb46f464dfc803d791588ab1360?KeyID=1816418e&Signature=ERIlKCFZ5mEMjWqNye6K%2FS7rk5aSu2C77egmJ6bzLdqhXBWg%2F0rv62tbOWx6mx6%252B7Yulv%2FolsGzUe8EjNcHfBg%253D%253D', '2017-10-18T11:18:37.627922+03:00', '2017-10-18T11:18:38.810181+03:00', '', 'auction', '35', NULL, 1508319984, 1508319984),
(152, '40f6fe909b3b4c1a9ad40b72fa4b890d', NULL, NULL, 'md5:08e11c049d9366b239f79cd3931ffa97', 'financialLicense', 'd-177e7f64reiciendisbGHaHr.pdf', '', 'application/pdf', 'http://public.docs-sandbox.ea.openprocurement.org/get/cdf605e39df24ee1a0af71cbde2ef538?KeyID=1816418e&Signature=iMpCxNqalZsC8nHJL6G1I1FJ8zOwlRrYMge86zo90l48XvT9B66soIZViXHoWYWjZ7wEPRnTSS4eQzjCEVkVAQ%253D%253D', '2017-10-18T09:52:55.505770+03:00', '2017-10-18T09:52:55.505792+03:00', '', 'bid', '57', NULL, 1508319984, 1508319984),
(153, 'f0bc85901c7145048544f1a1c908c23f', NULL, NULL, 'md5:b70885403e54193968c7f30b96d0ca2a', '', 'd-ed38b167mollitia6up3i1.doc', '', 'application/msword', 'http://public.docs-sandbox.ea.openprocurement.org/get/980aa711d6b24b73849a1345d490b2a3?KeyID=1816418e&Signature=S6Ssg%2FTGN4cgFcc1ECuMiUHvTIPkABjFhhtsHo82%2F5kTHTLbJQ0x3Y7x29YH8hyM5hvJGS5GcGusSI%2FvsClvDw%253D%253D', '2017-10-18T09:53:49.307517+03:00', '2017-10-18T09:53:49.307539+03:00', '', 'bid', '57', NULL, 1508319984, 1508319984),
(154, '9c8361cf5e9a4d17a0b61ef6c4f615e7', NULL, NULL, 'md5:8a951c58ea7f18f6c5e9629e5d1d6dfa', 'financialLicense', 'd-1d676122cumzdsaMX.docx', '', 'text/plain', 'http://public.docs-sandbox.ea.openprocurement.org/get/d81ce34f50fd433c8a412d7835bde6db?KeyID=1816418e&Signature=iTO4mDAGcdGTz2aop59Zd4GY%2FpN6If3naaZYCqR2xJcl0K6MP4b%252BNjE6%252BM31%252Bk6iKd8V1WvamFkP5n7WCJ4zBw%253D%253D', '2017-10-18T11:00:03.695829+03:00', '2017-10-18T11:00:03.695851+03:00', '', 'bid', '58', NULL, 1508319984, 1508319984),
(155, 'c3f9d3f35b1741a6bfb0347aad5dcabf', NULL, NULL, NULL, 'x_dgfPlatformLegalDetails', 'Місце та форма прийому заяв на участь в аукціоні та банківські реквізити для зарахування гарантійних внесків', '', NULL, 'http://torgi.fg.gov.ua/prozorrosale', '2017-10-18T09:49:11.348123+03:00', '2017-10-18T09:49:11.348145+03:00', '', 'auction', '36', NULL, 1508319984, 1508319984),
(156, 'dcdde044c09345e3a252a999b9a3187d', NULL, NULL, 'md5:cb03384ca0934dff7d03794271c679fa', '', 'audit_123f9bfe0e594d97a5a320e151f4c6cc.yaml', '', 'text/plain', 'http://public.docs-sandbox.ea.openprocurement.org/get/61dcc37ad1764b26a99f1038b075ad6b?KeyID=1816418e&Signature=2xjb5JKTeAZ6XMDj0uloJjtb2u1A3p827NAEAHt48o9jt6p9msfVPFHVYtcGd%2FFNHim0FTQasGwuCNOo1FqdBg%253D%253D', '2017-10-18T11:17:45.520184+03:00', '2017-10-18T11:17:46.316307+03:00', '', 'auction', '36', NULL, 1508319984, 1508319984),
(157, '72bfc5266c394dc4a4b193b9d0d178ab', NULL, NULL, 'md5:c14ef9d707d020d4841705c031eee5f1', 'financialLicense', 'd-60bfe535voluptateKkZs_R.pdf', '', 'text/plain', 'http://public.docs-sandbox.ea.openprocurement.org/get/5842aa12e4684073832a19b1d8e4eb4f?KeyID=1816418e&Signature=q8bl6E6Gf2vqwMtjSzN4bpzHHkGwQvRShmOkTX6I9Nm%252BfWPCR9VDG5XrqE7SwO%2FTId76KdEhngCUN2SyX4HaAA%253D%253D', '2017-10-18T10:02:19.189537+03:00', '2017-10-18T10:02:19.189562+03:00', '', 'bid', '59', NULL, 1508319984, 1508319984),
(158, 'ca4091e4253b40b8922321d2cfb3b978', NULL, NULL, 'md5:f8cb7a07413046bed36acf53e99f93bf', 'financialLicense', 'd-e94c29ebducimusY7Ek5K.docx', '', 'text/plain', 'http://public.docs-sandbox.ea.openprocurement.org/get/13fc7ac0756a47b487861856205ad180?KeyID=1816418e&Signature=ZnqPZvu2oqdl8bkNO%2FxR9Ugqbt7rvN2EF%2FNStB7RpIKNJiqKR%2FDxyznxE04bk3UGbZ%252BVXtPJEMScYC71DUs7Cg%253D%253D', '2017-10-18T11:00:58.358369+03:00', '2017-10-18T11:00:58.358392+03:00', '', 'bid', '60', NULL, 1508319984, 1508319984),
(159, '6cf201b287dc49b793d57cc8c3d16256', NULL, NULL, NULL, 'x_dgfPlatformLegalDetails', 'Місце та форма прийому заяв на участь в аукціоні та банківські реквізити для зарахування гарантійних внесків', '', NULL, 'http://torgi.fg.gov.ua/prozorrosale', '2017-10-18T10:09:19.191489+03:00', '2017-10-18T10:09:19.191510+03:00', '', 'auction', '37', NULL, 1508319985, 1508319985),
(160, 'fbe6596e8f2b4e93a3f75bb52231e062', NULL, NULL, 'md5:82bd110874b7b9207f0749cdaeae406a', '', 'audit_64b0ffc5852041b8afee971bdb95ebf9.yaml', '', 'text/plain', 'http://public.docs-sandbox.ea.openprocurement.org/get/c1377d94fe994c94a7c10bd91669f512?KeyID=1816418e&Signature=6I23TWmI374%2F3HGVdx2GVbStrdkSus2fB1VGbZQFnEemnMSUSc6gDhgGNJ5ysuuTUuxiUv8ILEyNfaSOyf3GDg%253D%253D', '2017-10-18T11:25:14.218754+03:00', '2017-10-18T11:25:14.218778+03:00', '', 'auction', '37', NULL, 1508319985, 1508319985),
(161, '9a58998bcd8b4a04b4b36f8dc770d3df', NULL, NULL, 'md5:73b117b4145d3bd1e2f25cf325d0911e', 'financialLicense', 'd-44c06764laborumuqc6Bh.pdf', '', 'text/plain', 'http://public.docs-sandbox.ea.openprocurement.org/get/62fae30c28754804983a2672e317274c?KeyID=1816418e&Signature=ht2dRT5erw67yVB2%2FOonM%252Brd9ol3ek3YtXseibZwyPHuFJnQx8qO%252BupDq5hnDQhz9c9j3Cm0t6sJCAKNASitAg%253D%253D', '2017-10-18T10:11:28.391573+03:00', '2017-10-18T10:11:28.391595+03:00', '', 'bid', '61', NULL, 1508319985, 1508319985),
(162, '569cb41ad20245659d07142777f43433', NULL, NULL, NULL, 'x_dgfPlatformLegalDetails', 'Місце та форма прийому заяв на участь в аукціоні та банківські реквізити для зарахування гарантійних внесків', '', NULL, 'http://torgi.fg.gov.ua/prozorrosale', '2017-10-18T11:26:44.281347+03:00', '2017-10-18T11:26:44.281370+03:00', '', 'auction', '38', NULL, 1508319985, 1508319985),
(163, '0193e18d704a4de182275533bb6cfc64', NULL, NULL, NULL, 'x_dgfPlatformLegalDetails', 'Місце та форма прийому заяв на участь в аукціоні та банківські реквізити для зарахування гарантійних внесків', '', NULL, 'http://torgi.fg.gov.ua/prozorrosale', '2017-10-18T10:11:01.342917+03:00', '2017-10-18T10:11:01.342941+03:00', '', 'auction', '39', NULL, 1508319986, 1508319986),
(164, '785ce58248c24cb280756bb47e4066c1', NULL, NULL, 'md5:37fe17787b82e1d92879c5f364a7099f', '', 'audit_8ac5c7580c7d41998a466ef02e1ef988.yaml', '', 'text/plain', 'http://public.docs-sandbox.ea.openprocurement.org/get/dd3a9c6b08aa4ebd958df5635b20eef9?KeyID=1816418e&Signature=5mV8W4rYpr6QLcxFX2LsmwSVzMfdKN1MFV2OiGCJ9KhTRjx0lzwnAWS3yn3Hh1HM72WepNtwcjstPbtfK3MWDQ%253D%253D', '2017-10-18T11:34:37.376259+03:00', '2017-10-18T11:34:37.376281+03:00', '', 'auction', '39', NULL, 1508319986, 1508319986),
(165, 'ecb106b2b7ff4b7b9c3787cc75fd7993', NULL, NULL, 'md5:504630b55ba66a87c651a5b53f26944e', 'financialLicense', 'd-f81d9a6cdelenitifMm7ht.pdf', '', 'text/plain', 'http://public.docs-sandbox.ea.openprocurement.org/get/a098d7d26b1240bfb091779171530e8d?KeyID=1816418e&Signature=eCq6ky%2FASA9OYx527WSKHq3Mmg9mCnT2%252BGHYSMKhcFHOq1hiFlCL2ZmOb7ZdviObx5PYiVmwLLVzguoxIUhgDQ%253D%253D', '2017-10-18T10:13:15.646617+03:00', '2017-10-18T10:13:15.646639+03:00', '', 'bid', '62', NULL, 1508319986, 1508319986),
(166, 'd73b96ad64f44e7ab30f46458ebcb70a', NULL, NULL, NULL, 'x_dgfPlatformLegalDetails', 'Місце та форма прийому заяв на участь в аукціоні та банківські реквізити для зарахування гарантійних внесків', '', NULL, 'http://torgi.fg.gov.ua/prozorrosale', '2017-10-18T09:49:16.503522+03:00', '2017-10-18T09:49:16.503544+03:00', '', 'auction', '40', NULL, 1508319986, 1508319986),
(167, '756a822c493f4adab8ff6d7c3f4e7420', NULL, NULL, 'md5:a581c7f93e68b562bbbb95d65299de14', '', 'audit_52036491d88244748f297d002e9a8285.yaml', '', 'text/plain', 'http://public.docs-sandbox.ea.openprocurement.org/get/a6ed005c8d884e0cbf774a6cec3cd6f7?KeyID=1816418e&Signature=Aab25g3O%252BkVSUcfzu3Hh5KD4r9w913Nxr56PuHYKUPfNgjMLLcgu1zTYodDeY9G3Gl6soiTVrTz9sGRTP1ZODA%253D%253D', '2017-10-18T11:26:04.970038+03:00', '2017-10-18T11:26:05.777823+03:00', '', 'auction', '40', NULL, 1508319986, 1508319986),
(168, 'cb8c4d64f47e4851a31853a403223bde', NULL, NULL, 'md5:f0bfeb64a32cbd82274c6c23bdb9fcc7', 'financialLicense', 'd-f28fa8fbquod9pXaa.pdf', '', 'text/plain', 'http://public.docs-sandbox.ea.openprocurement.org/get/dc207ec9c0fe4aaeb2d77b05a01a2ecf?KeyID=1816418e&Signature=xllEm3evoYam0ikYZiT19d00Dk1B%2FWAcY0NbebqYWkvAz3vSkj5BQOTXJE6GBnvVozxRFW8PyB8UJ7Pn%252BgC4Aw%253D%253D', '2017-10-18T09:52:27.526912+03:00', '2017-10-18T09:52:27.526933+03:00', '', 'bid', '63', NULL, 1508319986, 1508319986),
(169, '4eb1df92aaea4441a31143bacf7ff3c0', NULL, NULL, 'md5:ba5fae97c1c753b74db8597dbd5ddb57', 'financialLicense', 'd-914953a7sed2M_9c8.pdf', '', 'application/pdf', 'http://public.docs-sandbox.ea.openprocurement.org/get/0eec66df57fe490e9e4b1258e9fd04c0?KeyID=1816418e&Signature=K5IN2%2F5aO2nA7Ey2jbb9zDiZJZAQDY1oY5qJg7hHfPEu5Zvas9G2vVFWeS7G6tmIXuThGesS7F%2FNNxwUqjU4Dg%253D%253D', '2017-10-18T11:07:15.600560+03:00', '2017-10-18T11:07:15.600583+03:00', '', 'bid', '64', NULL, 1508319987, 1508319987),
(170, '72fe78a807324bfeb6a881e8eb752036', NULL, NULL, 'md5:4bbf61997f470ba40ac0c53778263b1e', '', 'd-b01da4b5sit9N9EQA.docx', '', 'application/vnd.openxmlformats-officedocument.wordprocessingml.document', 'http://public.docs-sandbox.ea.openprocurement.org/get/f70a39ab6616413ca94f360bb78e5506?KeyID=1816418e&Signature=CiFg1MK5IO8XQlgrHhWKtk8Dc2kig7Pu6EWEw2RmgLv7XYdWap6szjgcIDqnF2BcClpqNn7qEDffCOBGv3h0Cw%253D%253D', '2017-10-18T11:07:56.536843+03:00', '2017-10-18T11:07:56.536865+03:00', '', 'bid', '64', NULL, 1508319987, 1508319987),
(171, '4ddea6da809749b68f57b83b68915e37', NULL, NULL, NULL, 'x_dgfPlatformLegalDetails', 'Місце та форма прийому заяв на участь в аукціоні та банківські реквізити для зарахування гарантійних внесків', '', NULL, 'http://torgi.fg.gov.ua/prozorrosale', '2017-10-18T10:09:06.306471+03:00', '2017-10-18T10:09:06.306493+03:00', '', 'auction', '41', NULL, 1508319987, 1508319987),
(172, '2c7d38c68f664f8fb6b5c17e70a87685', NULL, NULL, 'md5:7ec47bb4223a41c9828ed3965a2dfc3d', '', 'audit_9075a471d9174237ab227f737efddb06.yaml', '', 'text/plain', 'http://public.docs-sandbox.ea.openprocurement.org/get/68e50f51836044f29aef7ce048671e21?KeyID=1816418e&Signature=SBsYZR%252B9EnAmLEFpom49CVV%252B2Ha8Qj%2F40EEeg%252BgBQArCC8kDb5UFTnALoWZe0QtULTOIdvuX1hTVReDpjP7ACw%253D%253D', '2017-10-18T11:38:00.547509+03:00', '2017-10-18T11:38:00.547531+03:00', '', 'auction', '41', NULL, 1508319987, 1508319987),
(173, 'f229fe16163b482ca22f74ddb3c4cede', NULL, NULL, NULL, 'x_dgfPlatformLegalDetails', 'Місце та форма прийому заяв на участь в аукціоні та банківські реквізити для зарахування гарантійних внесків', '', NULL, 'http://torgi.fg.gov.ua/prozorrosale', '2017-10-18T11:39:58.037555+03:00', '2017-10-18T11:39:58.037577+03:00', '', 'auction', '42', NULL, 1508319988, 1508319988),
(174, 'eaf82ea7b26e45c2b9f628732b0a80be', NULL, NULL, NULL, 'x_dgfPlatformLegalDetails', 'Місце та форма прийому заяв на участь в аукціоні та банківські реквізити для зарахування гарантійних внесків', '', NULL, 'http://torgi.fg.gov.ua/prozorrosale', '2017-10-18T10:34:38.250270+03:00', '2017-10-18T10:34:38.250292+03:00', '', 'auction', '43', NULL, 1508319988, 1508319988),
(175, '5c0be04b8e514c98bd3cc5ca90011474', NULL, NULL, 'md5:a9d10511c11e78c39024a7355c3a52c8', '', 'audit_89d2f3dc3ae64f098906167536777dc1.yaml', '', 'text/plain', 'http://public.docs-sandbox.ea.openprocurement.org/get/3e9f227652984f848ad6545f5f570257?KeyID=1816418e&Signature=sjk%252B0c3O%2FTSiG7krJU9EhcCybNb%2FtXMijzIlyyQoI6JNJsnUxKbrCYHOgPxcBdDCkE2psHBxyBAzyMChUXuGBw%253D%253D', '2017-10-18T11:42:49.445247+03:00', '2017-10-18T11:42:49.445269+03:00', '', 'auction', '43', NULL, 1508319988, 1508319988),
(176, '4167edc20e664b6f9c5605ff53900e98', NULL, NULL, 'md5:dbbfb0a86e9b30dfc2e84c70b9708bdc', 'financialLicense', 'd-86c0bbf2culpaZz4CLe.docx', '', 'text/plain', 'http://public.docs-sandbox.ea.openprocurement.org/get/7c00e26a40a04a69b9a19c543eb1c929?KeyID=1816418e&Signature=KBxDuevlhG27P%252BMsvQ71S1jVGmG7GHDnMNCrks1YMI8MPQrPQZa0zg0Mn%2FzfPpMh734aZWWS7XxCZ0UXO%252BzPCA%253D%253D', '2017-10-18T10:36:47.671737+03:00', '2017-10-18T10:36:47.671760+03:00', '', 'bid', '66', NULL, 1508319988, 1508319988),
(177, '80f0f9a047454568b81d402cef465480', NULL, NULL, 'md5:c509e602883b154006c66d122cf4110e', 'financialLicense', 'd-ca8efca1magnamvEkjTH.doc', '', 'text/plain', 'http://public.docs-sandbox.ea.openprocurement.org/get/39361d2712fa477a872e68a767691884?KeyID=1816418e&Signature=HHN0AuHyNOl%2FefYs38PSn0TZqpgHB%252Bn56LrrKQkiH8O%252BH9rl7G8zSUsqUgVMXpwUCFF29NIOhCg%2FAPzfNvUUBA%253D%253D', '2017-10-18T11:34:35.245530+03:00', '2017-10-18T11:34:35.245560+03:00', '', 'bid', '67', NULL, 1508319988, 1508319988),
(178, '7664bdee3eb64258b2100f2bcf04204d', NULL, NULL, NULL, 'x_dgfPlatformLegalDetails', 'Місце та форма прийому заяв на участь в аукціоні та банківські реквізити для зарахування гарантійних внесків', '', NULL, 'http://torgi.fg.gov.ua/prozorrosale', '2017-10-18T10:11:35.422280+03:00', '2017-10-18T10:11:35.422304+03:00', '', 'auction', '44', NULL, 1508319989, 1508319989),
(179, '0ea1c1fee1e543e89c9c1f165df83f4f', NULL, NULL, 'md5:f197e8b976116ddd61966c878b693cbc', '', 'audit_524ce65880ca467b9906f85b5a5f7da7.yaml', '', 'text/plain', 'http://public.docs-sandbox.ea.openprocurement.org/get/b02ed8c75ff145339392bcc7d9645985?KeyID=1816418e&Signature=%252BjJxYnUP9IEUQS6wPTb5oL5WiQzE0rf6zLP8G6j5Qg2yZeF2OgTcos4GufifUqAEl2StS1iFcOxlzJQa%2FkuSCw%253D%253D', '2017-10-18T11:32:55.619355+03:00', '2017-10-18T11:32:56.903159+03:00', '', 'auction', '44', NULL, 1508319989, 1508319989),
(180, '5f2cdae9b5594053a0002b28e2820bee', NULL, NULL, 'md5:7ba99a069a61030856435f2cf08937f9', 'financialLicense', 'd-9a33a69fevenietpBdhgo.doc', '', 'text/plain', 'http://public.docs-sandbox.ea.openprocurement.org/get/b0c3d55e9eec4d179215772f3781c2df?KeyID=1816418e&Signature=28xNCziHBFxCX4tcYd7w4%252B4xI7zKUtYoAK3tfmXNTVqBSHqL8UkJa0bEksa3pKEDbnT2jNyQUlN2Fc3E7U%2FVBg%253D%253D', '2017-10-18T10:15:33.701586+03:00', '2017-10-18T10:15:33.701611+03:00', '', 'bid', '68', NULL, 1508319989, 1508319989),
(181, '345a6c5b040849c4bce87e0a4e8e76c0', NULL, NULL, 'md5:bf7927ab4a513f45dc93315c33eec56f', 'financialLicense', 'd-41361d91quisquamIelkuM.doc', '', 'text/plain', 'http://public.docs-sandbox.ea.openprocurement.org/get/9826e503bc944f27895803081d612886?KeyID=1816418e&Signature=%252BSVJ9rNyYIMwssg8BAzno2ixlaZdF0hAGylaJ0rQpT86opSPOgJukBnGkWRuf4RwvTvkNZvHmM3toUMruNE9DA%253D%253D', '2017-10-18T11:16:37.730421+03:00', '2017-10-18T11:16:37.730458+03:00', '', 'bid', '69', NULL, 1508319989, 1508319989),
(182, 'de2b19fe97144469b076b3f4caaf119d', NULL, NULL, NULL, 'x_dgfPlatformLegalDetails', 'Місце та форма прийому заяв на участь в аукціоні та банківські реквізити для зарахування гарантійних внесків', '', NULL, 'http://torgi.fg.gov.ua/prozorrosale', '2017-10-18T11:37:51.666633+03:00', '2017-10-18T11:37:51.666656+03:00', '', 'auction', '45', NULL, 1508319989, 1508319989),
(183, '411102b2cc974810b4cfb8141be4c9b6', NULL, NULL, NULL, 'x_dgfPlatformLegalDetails', 'Місце та форма прийому заяв на участь в аукціоні та банківські реквізити для зарахування гарантійних внесків', '', NULL, 'http://torgi.fg.gov.ua/prozorrosale', '2017-10-18T10:34:36.476501+03:00', '2017-10-18T10:34:36.476523+03:00', '', 'auction', '46', NULL, 1508319990, 1508319990),
(184, 'a0673eb228074b4db93328d597042509', NULL, NULL, 'md5:5cd7924f8268fecc07d2271b40ca152a', '', 'audit_7891d36bb8bc4455944b854b9491293b.yaml', '', 'text/plain', 'http://public.docs-sandbox.ea.openprocurement.org/get/931e45d24fe344b3a1648453837c1649?KeyID=1816418e&Signature=fQhccb1RvmyPrPvhZiO%2F5v2%252Bmn2DQcQEPVlhjpqME97GYcEFhUgtmGhotOpQXH%252B453iCD9HFNKnGlPU4sqodDg%253D%253D', '2017-10-18T11:55:18.368415+03:00', '2017-10-18T11:55:18.999878+03:00', '', 'auction', '46', NULL, 1508319990, 1508319990),
(185, 'd13699579d8e412bb493f9215f2960c9', NULL, NULL, 'md5:a45f1947b16c4b1178d11e9001f3b8e3', 'financialLicense', 'd-68cfacd6nullaJY2KFh.pdf', '', 'text/plain', 'http://public.docs-sandbox.ea.openprocurement.org/get/af80b2fd023446ea85fd4591a87b314d?KeyID=1816418e&Signature=rZHie3m%2FvXLNxWxTzHvR%252BsLtqsDNH%2FN4r6qxGw7tfHQUMFGSVOelw7vEdmDjw28E9vKoI7lroCpmQora5RLIAQ%253D%253D', '2017-10-18T10:36:20.278394+03:00', '2017-10-18T10:36:20.278416+03:00', '', 'bid', '70', NULL, 1508319990, 1508319990),
(186, '0f3329f7fdcc4c6fb674435722db9ff8', NULL, NULL, NULL, 'x_dgfPlatformLegalDetails', 'Місце та форма прийому заяв на участь в аукціоні та банківські реквізити для зарахування гарантійних внесків', '', NULL, 'http://torgi.fg.gov.ua/prozorrosale', '2017-10-18T11:40:39.382159+03:00', '2017-10-18T11:40:39.382181+03:00', '', 'auction', '47', NULL, 1508319990, 1508319990),
(187, '7c6eb6b1add04425bf21a5bb4bd761ad', NULL, NULL, NULL, 'x_dgfPlatformLegalDetails', 'Місце та форма прийому заяв на участь в аукціоні та банківські реквізити для зарахування гарантійних внесків', '', NULL, 'http://torgi.fg.gov.ua/prozorrosale', '2017-10-18T10:13:24.546089+03:00', '2017-10-18T10:13:24.546112+03:00', '', 'auction', '48', NULL, 1508319991, 1508319991),
(188, '01c4a5fcc91e4d0f909b3bc9e2b99100', NULL, NULL, 'md5:33c6a80a030d9880c994cea98cba2293', '', 'audit_39089aceefb34538befbdb4a76a306fb.yaml', '', 'text/plain', 'http://public.docs-sandbox.ea.openprocurement.org/get/3b57733937004f499ac4c67904ddd347?KeyID=1816418e&Signature=anedyn97Xjy7dzbcd0s9fXsSCCUKAWutWOJxLQmgQTqyuB1Vyxu2sE0hk8%2FiCHcEjVHb9LNYOYpsn4vx%2FKHECw%253D%253D', '2017-10-18T11:45:34.379826+03:00', '2017-10-18T11:45:35.678189+03:00', '', 'auction', '48', NULL, 1508319991, 1508319991),
(189, '4b1d815ea743416e8a03fe40be27982f', NULL, NULL, 'md5:538f317556dcfa79d7bfae28ff0b2c8c', 'financialLicense', 'd-9c5ce9b3quodts2YSa.pdf', '', 'text/plain', 'http://public.docs-sandbox.ea.openprocurement.org/get/e6977fa827f049fe97194c4442333bbd?KeyID=1816418e&Signature=CnnXC85El157dkLItREXlUfHFToC%252BYJOh26%2FZeM8R%252BPqtoQV8hIQJbIi6DLOCfbWG3MxEcQvGDonZWv6FjynAg%253D%253D', '2017-10-18T10:17:23.604319+03:00', '2017-10-18T10:17:23.604340+03:00', '', 'bid', '72', NULL, 1508319991, 1508319991),
(190, '6f956fc2cd504ba9b830439468d3ecd6', NULL, NULL, NULL, 'x_dgfPlatformLegalDetails', 'Місце та форма прийому заяв на участь в аукціоні та банківські реквізити для зарахування гарантійних внесків', '', NULL, 'http://torgi.fg.gov.ua/prozorrosale', '2017-10-18T11:10:08.034006+03:00', '2017-10-18T11:10:08.034028+03:00', '', 'auction', '49', NULL, 1508319991, 1508319991),
(191, '4a53dd67231f40f5af3e1f031d5fad9c', NULL, NULL, 'md5:fa942c5b30460042a982fc87e98a1294', '', 'audit_5f503ba1b2cd4b9f86e77e10c31df02e.yaml', '', 'text/plain', 'http://public.docs-sandbox.ea.openprocurement.org/get/55cc68d7907741a08f3a0ff23622740a?KeyID=1816418e&Signature=Xrtiop1tBWIBroe%2FpxoajZImO9h4EqBgvctFDwCEDFdmKj4k8ca%2FeK6xz5lwQG2pXB2rk6eX8aFiulfWJ%252BCJCg%253D%253D', '2017-10-18T12:08:19.508676+03:00', '2017-10-18T12:08:19.508699+03:00', '', 'auction', '49', NULL, 1508319991, 1508319991),
(192, '8ce6c9637192483e951a3ed71e461abb', NULL, NULL, 'md5:31d7359def5aa86af2502769ffc9f851', 'financialLicense', 'd-6c88bf57facilis8RgnqR.docx', '', 'text/plain', 'http://public.docs-sandbox.ea.openprocurement.org/get/5a7dc17d1a7d47b5a67b52092bdd30cb?KeyID=1816418e&Signature=IGvYgHMNRl6ZcRB7OUPKYa5Wo9yOo1r53LoTUaG%2FLEVmwlqUDHJEza3QmxplmjUCZutGrU1o6eBxKj6Wa9mNCQ%253D%253D', '2017-10-18T11:12:03.752801+03:00', '2017-10-18T11:12:03.752823+03:00', '', 'bid', '73', NULL, 1508319991, 1508319991),
(193, '920fb18ec53f4128965034fded468100', NULL, NULL, NULL, 'x_dgfPlatformLegalDetails', 'Місце та форма прийому заяв на участь в аукціоні та банківські реквізити для зарахування гарантійних внесків', '', NULL, 'http://torgi.fg.gov.ua/prozorrosale', '2017-10-18T10:13:20.600447+03:00', '2017-10-18T10:13:20.600469+03:00', '', 'auction', '50', NULL, 1508319992, 1508319992),
(194, 'b42d03de7a8643e485749d191172c192', NULL, NULL, 'md5:c1f5e24f0ce0cb86ad3be008acaf9afa', '', 'audit_0929620904cb4827ba78cef0410496a1.yaml', '', 'text/plain', 'http://public.docs-sandbox.ea.openprocurement.org/get/13ccb1a001ee4331a6c601f24cded347?KeyID=1816418e&Signature=srIHLOGthkrUTgl4u7K4jgJUUrOkHGf0UZ5ORKqR8A4eeCI8fWxEYFLTae3LhNCHJdZY5XeHPfkq7pETKiLpCA%253D%253D', '2017-10-18T11:46:37.288249+03:00', '2017-10-18T11:46:38.055292+03:00', '', 'auction', '50', NULL, 1508319992, 1508319992),
(195, '14f1c187486e4b07afa60e53268c852e', NULL, NULL, 'md5:d1f3d56931ec3cbd2e29b5ac3af05506', 'financialLicense', 'testFileForUpload', '', 'text/plain', 'http://public.docs-sandbox.ea.openprocurement.org/get/5b5f6c674c554e6da32cd3ab777be58e?KeyID=1816418e&Signature=WLDJlWKl%2FbF5TIivEeWdDeuj%252B%252BTPCDcarT6YeZl%252BaY06%2FJmSVlpYHvfZT3Y2izrLpyZYt8vdW8Tf8qeL1WtUAw%253D%253D', '2017-10-18T10:22:03.442077+03:00', '2017-10-18T10:22:03.442099+03:00', '', 'bid', '74', NULL, 1508319992, 1508319992),
(196, '3842069f725547228aa8a96c52afd933', NULL, NULL, 'md5:d404117432bc918b6392951d01acd551', 'financialLicense', 'd-33776909asperioresZI_ozv.pdf', '', 'text/plain', 'http://public.docs-sandbox.ea.openprocurement.org/get/73b9613e2709432389e39eb21c9302e6?KeyID=1816418e&Signature=TJP8dzy00LG8VmfRtRqxjk8fMROA8qTUpizZGuabp6AMF2lgmqDlVrQamVCOLYeCR5Yzt6xFGrznyo5OzMQRAw%253D%253D', '2017-10-18T11:28:53.012796+03:00', '2017-10-18T11:28:53.012848+03:00', '', 'bid', '75', NULL, 1508319992, 1508319992),
(197, '52862b7df4f845609b7eef92fd13649b', NULL, NULL, NULL, 'x_dgfPlatformLegalDetails', 'Місце та форма прийому заяв на участь в аукціоні та банківські реквізити для зарахування гарантійних внесків', '', NULL, 'http://torgi.fg.gov.ua/prozorrosale', '2017-10-18T10:36:15.372997+03:00', '2017-10-18T10:36:15.373019+03:00', '', 'auction', '51', NULL, 1508319993, 1508319993),
(198, 'fe75149ba55743158f35c643e80d61cb', NULL, NULL, 'md5:02d322de308897a8758150f711269712', '', 'audit_1c10ee08595e4e899b1fd8b3911ebcc2.yaml', '', 'text/plain', 'http://public.docs-sandbox.ea.openprocurement.org/get/1f93d93024374e83bc5eceb74b511b27?KeyID=1816418e&Signature=edUerBAiOWGwEwD%2FK%252B514YlP38Po8EPJ%252Bi%252BRI97%252Bj7arJbh6GaZok4%252BVt0TQEvpqUotWt3xWynmQj5uZGU9KBQ%253D%253D', '2017-10-18T12:08:28.539251+03:00', '2017-10-18T12:08:30.045296+03:00', '', 'auction', '51', NULL, 1508319993, 1508319993),
(199, '985dac16b33b4bd8b65fb619d63ef7bf', NULL, NULL, 'md5:046995cb22b2c9461a5f2d8b69f0e17d', 'financialLicense', 'd-ce3665a4porro_1qPyg.docx', '', 'text/plain', 'http://public.docs-sandbox.ea.openprocurement.org/get/c9a18acc5db443c7bc53a21d08f084c6?KeyID=1816418e&Signature=NzlBxvRy%2FPuxnJZzmZHQfrOXrW6d2ss9103mHOqRdOCEI236OP9YBJPhg7Ego8JpmhVCd%252BxLYD8uF7WXJcT3Bw%253D%253D', '2017-10-18T10:42:09.633653+03:00', '2017-10-18T10:42:09.633675+03:00', '', 'bid', '76', NULL, 1508319993, 1508319993),
(200, 'a2f48de74b2942e085160c679d0cb284', NULL, NULL, 'md5:9e0e148356e38efa753b3273aba2c88d', 'financialLicense', 'd-9167f94anostrumL4pt9W.docx', '', 'application/vnd.openxmlformats-officedocument.wordprocessingml.document', 'http://public.docs-sandbox.ea.openprocurement.org/get/80363e791bb240238675da5da30ae22a?KeyID=1816418e&Signature=aGeuUsW6tdbr0BehUI32%252B3XiHj9shtBhLP86p1L%2FTacv3O4bvdLhqGkuaS32q1IuONvVYPrxN%252Bn1smTY4%252BESCw%253D%253D', '2017-10-18T11:49:53.887687+03:00', '2017-10-18T11:49:53.887709+03:00', '', 'bid', '77', NULL, 1508319993, 1508319993),
(201, '8507de91e3f7418685e8c1719fca04bf', NULL, NULL, NULL, 'x_dgfPlatformLegalDetails', 'Місце та форма прийому заяв на участь в аукціоні та банківські реквізити для зарахування гарантійних внесків', '', NULL, 'http://torgi.fg.gov.ua/prozorrosale', '2017-10-18T11:07:59.251200+03:00', '2017-10-18T11:07:59.251222+03:00', '', 'auction', '52', NULL, 1508319993, 1508319993),
(202, 'f5277e0b4c384a5d9367bfac7357d59b', NULL, NULL, 'md5:69dbd51e8fecb47f20a237d6fcc81be7', '', 'audit_d59201ccb2584ad4b481a0be9df45cfc.yaml', '', 'text/plain', 'http://public.docs-sandbox.ea.openprocurement.org/get/9906e31ab0df457ab1d119a3537fb0e6?KeyID=1816418e&Signature=fLSLcXIWVCrwY914oiR8xv6BmYZ%2FVsZax5cEuhG0oWT3E3SpLf8ASTPdIwYdQkXYBnMSQJyH1Hdq43AjXzq3Bw%253D%253D', '2017-10-18T12:15:31.908436+03:00', '2017-10-18T12:15:32.551082+03:00', '', 'auction', '52', NULL, 1508319993, 1508319993),
(203, 'dfaeaf4862394a6dafb3df866916c8b8', NULL, NULL, NULL, 'x_dgfPlatformLegalDetails', 'Місце та форма прийому заяв на участь в аукціоні та банківські реквізити для зарахування гарантійних внесків', '', NULL, 'http://torgi.fg.gov.ua/prozorrosale', '2017-10-18T11:00:58.726192+03:00', '2017-10-18T11:00:58.726214+03:00', '', 'auction', '53', NULL, 1508319994, 1508319994),
(204, 'c932e6bc90684525afa925fd31da1920', NULL, NULL, 'md5:79360e8786ea1982fd0e4f972766fe84', '', 'audit_8d660dc2ef694ad29c4d47e4a8f22f16.yaml', '', 'text/plain', 'http://public.docs-sandbox.ea.openprocurement.org/get/4cc8bc87b4b24533b3282a96e725d29e?KeyID=1816418e&Signature=Qjn9MkIKwsCDoSB53vUCtOiN6LyxHkLE9dboyqCeIplAqABCMAjdhCo0oGEBSS8rQvLdiK3gIKpwlxjBOMi%252BCA%253D%253D', '2017-10-18T12:16:03.410093+03:00', '2017-10-18T12:16:03.410116+03:00', '', 'auction', '53', NULL, 1508319994, 1508319994),
(205, 'b68568194bda416c9d5871a11b0dbf14', NULL, NULL, 'md5:cc6ec13ab847e49fc8548d42c10b79bc', 'financialLicense', 'd-145e4b07ducimusCvoxVz.docx', '', 'text/plain', 'http://public.docs-sandbox.ea.openprocurement.org/get/517f1f6bd6714a19b0cb6d021d3ff6e9?KeyID=1816418e&Signature=9R643l0LLLvziozSIh5%252B0MR7F%2FrkxoR9CNGIxuMtmt6s%2FnD0TQC5huKr%252BuycKPwVnMwCM%2F88Odh4seLTrNEzAw%253D%253D', '2017-10-18T11:12:03.379750+03:00', '2017-10-18T11:12:03.379772+03:00', '', 'bid', '80', NULL, 1508319994, 1508319994),
(206, 'b87e4854b32349afaa8828a38fd4a198', NULL, NULL, 'md5:f38b96760fc3a367317f5cdd259dbc69', 'financialLicense', 'd-ae9b2ac4providentLs9OX3.doc', '', 'text/plain', 'http://public.docs-sandbox.ea.openprocurement.org/get/6fce1088bbab45e4bfdee4fa23a62d77?KeyID=1816418e&Signature=rghk%2FgRdnUraTdxbwayvoGlvAS%2FFmsHaF3T%2FgigmLiMUQ1kMl7LCcYM3Lr%252BvZPaaGdsrWzItZKc2OsHfQf4IDw%253D%253D', '2017-10-18T12:11:57.397501+03:00', '2017-10-18T12:11:57.397527+03:00', '', 'bid', '81', NULL, 1508319994, 1508319994),
(207, 'f2c2008de83f43178bebf8fcc7542622', NULL, NULL, NULL, 'x_dgfPlatformLegalDetails', 'Місце та форма прийому заяв на участь в аукціоні та банківські реквізити для зарахування гарантійних внесків', '', NULL, 'http://torgi.fg.gov.ua/prozorrosale', '2017-10-18T11:53:32.840544+03:00', '2017-10-18T11:53:32.840566+03:00', '', 'auction', '54', NULL, 1508319994, 1508319994),
(208, '1089ca7aeab8486faed215be6d14c4d1', NULL, NULL, NULL, 'x_dgfPlatformLegalDetails', 'Місце та форма прийому заяв на участь в аукціоні та банківські реквізити для зарахування гарантійних внесків', '', NULL, 'http://torgi.fg.gov.ua/prozorrosale', '2017-10-18T11:50:39.076743+03:00', '2017-10-18T11:50:39.076765+03:00', '', 'auction', '55', NULL, 1508319995, 1508319995),
(209, '6545557b2a0c427bbfe40f07af88721e', NULL, NULL, NULL, 'x_dgfPlatformLegalDetails', 'Місце та форма прийому заяв на участь в аукціоні та банківські реквізити для зарахування гарантійних внесків', '', NULL, 'http://torgi.fg.gov.ua/prozorrosale', '2017-10-18T11:52:01.108392+03:00', '2017-10-18T11:52:01.108414+03:00', '', 'auction', '56', NULL, 1508319995, 1508319995),
(210, 'e4a78cd56ceb4caaaf479c02242daaee', NULL, NULL, NULL, 'x_dgfPlatformLegalDetails', 'Місце та форма прийому заяв на участь в аукціоні та банківські реквізити для зарахування гарантійних внесків', '', NULL, 'http://torgi.fg.gov.ua/prozorrosale', '2017-10-18T10:41:13.314807+03:00', '2017-10-18T10:41:13.314830+03:00', '', 'auction', '57', NULL, 1508319996, 1508319996),
(211, 'ff17f0f200f145528fae4f276c2a858b', NULL, NULL, 'md5:213f3c4f78433114681906ba43ee2052', '', 'audit_8c444777532940d289bd96be0bd338d4.yaml', '', 'text/plain', 'http://public.docs-sandbox.ea.openprocurement.org/get/76cdbf56d2454bd5a8c0a558b0b24afc?KeyID=1816418e&Signature=1UIYt6lVy14Ib7PEU2%2F9cj6SGp1QDRqMAriV07bKfyXiH%2F6qebvMhzY2XUcFaKcD2RVsFD7XykjLMveQ%2F5xsCQ%253D%253D', '2017-10-18T12:11:32.553482+03:00', '2017-10-18T12:11:33.370040+03:00', '', 'auction', '57', NULL, 1508319996, 1508319996),
(212, '3e96710e7eeb461492ebf3de5aa35550', NULL, NULL, 'md5:4e4ceb014d8a9d844543b1e44600583e', 'financialLicense', 'clients_from_2016-06-01 111600_to_2016-06-22 111600 (4) (1) (1) (1)(1) (2).xls', '', 'application/vnd.ms-excel', 'http://public.docs-sandbox.ea.openprocurement.org/get/953db010ba434133af8cc70239802bfb?KeyID=1816418e&Signature=F4aD60JkKd6mPrK4i%252BPSYlilWCG9lmWvtA%2FhyaO4VxNZ4INrQYjSUAED6qRcFac28YiAMy6hma2iOdcyArY5Dw%253D%253D', '2017-10-18T10:47:15.064919+03:00', '2017-10-18T10:47:15.064941+03:00', '', 'bid', '82', NULL, 1508319996, 1508319996),
(213, '3f88ac51abf74da3a8aea6fc01f8bc70', NULL, NULL, 'md5:4e4ceb014d8a9d844543b1e44600583e', 'qualificationDocuments', 'clients_from_2016-06-01 111600_to_2016-06-22 111600 (4) (1) (1) (1)(1) (2).xls', '', 'application/vnd.ms-excel', 'http://public.docs-sandbox.ea.openprocurement.org/get/32792c37a5164613a85a0b3f4cd979dc?KeyID=1816418e&Signature=g%252BKfs7%2Fvlj2Bl1y%2FxjgIH%252BihHlN2mpo92PJlob6s1%252Brni5Lo6h8MXDZ11ePkuu%2FUaDjHPOIZStFV6WXSZfeZCA%253D%253D', '2017-10-18T10:52:13.567230+03:00', '2017-10-18T10:52:13.567258+03:00', '', 'bid', '83', NULL, 1508319996, 1508319996),
(214, '3623c31c5a05419fa896e2bc2220f37d', NULL, NULL, NULL, 'x_dgfPlatformLegalDetails', 'Місце та форма прийому заяв на участь в аукціоні та банківські реквізити для зарахування гарантійних внесків', '', NULL, 'http://torgi.fg.gov.ua/prozorrosale', '2017-10-18T11:51:55.183435+03:00', '2017-10-18T11:51:55.183462+03:00', '', 'auction', '58', NULL, 1508319996, 1508319996),
(215, '56fa7d0e849a4cfb8589b766dad9215d', NULL, NULL, NULL, 'x_dgfPlatformLegalDetails', 'Місце та форма прийому заяв на участь в аукціоні та банківські реквізити для зарахування гарантійних внесків', '', NULL, 'http://torgi.fg.gov.ua/prozorrosale', '2017-10-18T11:53:27.523202+03:00', '2017-10-18T11:53:27.523223+03:00', '', 'auction', '59', NULL, 1508319997, 1508319997),
(216, '3fa2e89907694beea2fe4fb77fa4616a', NULL, NULL, NULL, 'x_dgfPlatformLegalDetails', 'Місце та форма прийому заяв на участь в аукціоні та банківські реквізити для зарахування гарантійних внесків', '', NULL, 'http://torgi.fg.gov.ua/prozorrosale', '2017-10-18T11:52:34.209119+03:00', '2017-10-18T11:52:34.209141+03:00', '', 'auction', '60', NULL, 1508319997, 1508319997);
INSERT INTO `api_documents` (`unique_id`, `id`, `author`, `file_id`, `hash`, `documentType`, `title`, `description`, `format`, `url`, `datePublished`, `dateModified`, `language`, `documentOf`, `relatedItem`, `lot_id`, `created_at`, `updated_at`) VALUES
(217, '42caff81dd3642ad9043283350d346d2', NULL, NULL, NULL, 'x_dgfPlatformLegalDetails', 'Місце та форма прийому заяв на участь в аукціоні та банківські реквізити для зарахування гарантійних внесків', '', NULL, 'http://torgi.fg.gov.ua/prozorrosale', '2017-10-18T11:51:25.684248+03:00', '2017-10-18T11:51:25.684271+03:00', '', 'auction', '61', NULL, 1508319998, 1508319998),
(218, 'd4dc845260fd4a2eac9a4038d2156b8e', NULL, NULL, NULL, 'x_dgfPlatformLegalDetails', 'Місце та форма прийому заяв на участь в аукціоні та банківські реквізити для зарахування гарантійних внесків', '', NULL, 'http://torgi.fg.gov.ua/prozorrosale', '2017-10-18T11:51:23.877060+03:00', '2017-10-18T11:51:23.877085+03:00', '', 'auction', '62', NULL, 1508319998, 1508319998),
(219, '52358e12d5bc45bc887cf6808aaf354c', NULL, NULL, NULL, 'x_dgfPlatformLegalDetails', 'Місце та форма прийому заяв на участь в аукціоні та банківські реквізити для зарахування гарантійних внесків', '', NULL, 'http://torgi.fg.gov.ua/prozorrosale', '2017-10-18T11:53:30.488021+03:00', '2017-10-18T11:53:30.488043+03:00', '', 'auction', '63', NULL, 1508319999, 1508319999),
(220, '696c87b638a94cd5a54bef14d0dc0b84', NULL, NULL, NULL, 'x_dgfPlatformLegalDetails', 'Місце та форма прийому заяв на участь в аукціоні та банківські реквізити для зарахування гарантійних внесків', '', NULL, 'http://torgi.fg.gov.ua/prozorrosale', '2017-10-18T12:15:44.714260+03:00', '2017-10-18T12:15:44.714284+03:00', '', 'auction', '64', NULL, 1508319999, 1508319999),
(221, 'e6d5a1710d6746c0addb184dca946b77', NULL, NULL, NULL, 'x_dgfAssetFamiliarization', 'Порядок ознайомлення з активом у кімнаті даних', '', 'offline/on-site-examination', '', '2017-10-18T12:15:45.371172+03:00', '2017-10-18T12:15:45.371194+03:00', '', 'auction', '64', NULL, 1508319999, 1508319999),
(222, '686efee5dca84e268ad50e66fbda9882', NULL, NULL, NULL, 'x_dgfPlatformLegalDetails', 'Місце та форма прийому заяв на участь в аукціоні та банківські реквізити для зарахування гарантійних внесків', '', NULL, 'http://torgi.fg.gov.ua/prozorrosale', '2017-10-18T11:03:30.889260+03:00', '2017-10-18T11:03:30.889283+03:00', '', 'auction', '65', NULL, 1508320000, 1508320000),
(223, 'c49146fc41cc4ba585ba47f3f66f64de', NULL, NULL, 'md5:e3de110fc98ba43e39968dd196241844', '', 'audit_59b7e991249e40fb84dda1f813d3f93c.yaml', '', 'text/plain', 'http://public.docs-sandbox.ea.openprocurement.org/get/10441c5e49cb4949a4d1b831f5f88ba5?KeyID=1816418e&Signature=ixe%252Bfa%252BQig2eHeRj9oSQb5sXTYTqeJIzNDmkI9v4j9i25aLNTCRTiHVMUNGTrrbEZoHTiY2DaSOffD%252BEtGE8Dw%253D%253D', '2017-10-18T12:20:04.647417+03:00', '2017-10-18T12:20:04.647447+03:00', '', 'auction', '65', NULL, 1508320000, 1508320000),
(224, '03fd2dc80be34296943bd7bbe915f9e5', NULL, NULL, 'md5:27e56b2f158bd6732c13855d15e438ae', 'financialLicense', 'd-4ebc64c3aliquid1s8x7I.docx', '', 'text/plain', 'http://public.docs-sandbox.ea.openprocurement.org/get/f2232ceb25464e8f95180b98f0223e69?KeyID=1816418e&Signature=frx4I0dlnrMkABHba4pLE1GUN56US%252BtfgqAVsXKicp7qmcqFqPgKathHp5btq682qPfBc%252BJ6G9EGuLufX9BZBg%253D%253D', '2017-10-18T11:14:22.701710+03:00', '2017-10-18T11:14:22.701731+03:00', '', 'bid', '84', NULL, 1508320000, 1508320000),
(225, '6ddbcf3998474cd4b00e417aafd0582a', NULL, NULL, 'md5:6e65414024127fea624ab4e60a392acf', 'financialLicense', 'd-073d1ee1atqueCyodrW.pdf', '', 'text/plain', 'http://public.docs-sandbox.ea.openprocurement.org/get/31215bcf9c6d4f60bd58bd3587c03756?KeyID=1816418e&Signature=Hn4mVszdr4buAYqj6gAc8wWPPUEGpdTgOdBztN1nlzP0QUdYHhDjSMuOd8pABwTFZ%252BQdR%2FunPoDNoPsU61wyAQ%253D%253D', '2017-10-18T12:12:48.035039+03:00', '2017-10-18T12:12:48.035061+03:00', '', 'bid', '85', NULL, 1508320000, 1508320000),
(226, '246b93bf87c041a1af7ae21613c71b57', NULL, NULL, NULL, 'x_dgfPlatformLegalDetails', 'Місце та форма прийому заяв на участь в аукціоні та банківські реквізити для зарахування гарантійних внесків', '', NULL, 'http://torgi.fg.gov.ua/prozorrosale', '2017-10-18T11:51:24.724711+03:00', '2017-10-18T11:51:24.724734+03:00', '', 'auction', '66', NULL, 1508320000, 1508320000),
(227, '6b669e32385e4f9cacac9442842e1dff', NULL, NULL, NULL, 'x_dgfPlatformLegalDetails', 'Місце та форма прийому заяв на участь в аукціоні та банківські реквізити для зарахування гарантійних внесків', '', NULL, 'http://torgi.fg.gov.ua/prozorrosale', '2017-10-18T11:52:02.453820+03:00', '2017-10-18T11:52:02.453843+03:00', '', 'auction', '67', NULL, 1508320001, 1508320001),
(228, '80f3cda7d2af4cb586572a7e2b06e69d', NULL, NULL, NULL, 'x_dgfPlatformLegalDetails', 'Місце та форма прийому заяв на участь в аукціоні та банківські реквізити для зарахування гарантійних внесків', '', NULL, 'http://torgi.fg.gov.ua/prozorrosale', '2017-10-18T11:09:06.182733+03:00', '2017-10-18T11:09:06.182756+03:00', '', 'auction', '68', NULL, 1508320001, 1508320001),
(229, '416ce81b08fc4b27859060a4e93943c4', NULL, NULL, 'md5:bffff182109c24a433005477b54b53f9', '', 'audit_87ac5a3ddbcd46bca96fc7973d4487ed.yaml', '', 'text/plain', 'http://public.docs-sandbox.ea.openprocurement.org/get/29716fba74774545873a1ecd1c253742?KeyID=1816418e&Signature=BTrf8lWYoVdwlynsILHN3mgmN09lHYYMWqCUUgy9v9GTwVDDhvyZsgX4pBo%2FN9Z7TJZjaR3I6%2F8Y8yYRbVl5CA%253D%253D', '2017-10-18T12:21:44.425080+03:00', '2017-10-18T12:21:44.425103+03:00', '', 'auction', '68', NULL, 1508320001, 1508320001),
(230, 'd6fc8df92a3a4121a18d683c01cf1663', NULL, NULL, 'md5:43034c8f370d715d8324d224a1a34130', 'financialLicense', 'd-2eeb6754molestiaeGgo9vI.pdf', '', 'text/plain', 'http://public.docs-sandbox.ea.openprocurement.org/get/fda008e6b7524aaa942672319452495b?KeyID=1816418e&Signature=qkb5FKICsJutAAYKYlJyIZwsUGyJn1UxcNIIxzXqRYUz%2FiX0tlmYlhoj7h957y%2FUu3T3vs42NjRzR3OJAHunAQ%253D%253D', '2017-10-18T11:12:26.427199+03:00', '2017-10-18T11:12:26.427221+03:00', '', 'bid', '86', NULL, 1508320001, 1508320001),
(231, '573dd74057fe4f4daa31c7e7f9115020', NULL, NULL, NULL, 'x_dgfPlatformLegalDetails', 'Місце та форма прийому заяв на участь в аукціоні та банківські реквізити для зарахування гарантійних внесків', '', NULL, 'http://torgi.fg.gov.ua/prozorrosale', '2017-10-18T10:53:09.567506+03:00', '2017-10-18T10:53:09.567529+03:00', '', 'auction', '69', NULL, 1508320002, 1508320002),
(232, '97d84d3628f84526baf9444bfacd4010', NULL, NULL, 'md5:7973de70490d60355e6b2836b4668d09', '', 'audit_d5face44510942ac8ca45f6c7a4df422.yaml', '', 'text/plain', 'http://public.docs-sandbox.ea.openprocurement.org/get/7d999c39496a4787afae22b9aac61d55?KeyID=1816418e&Signature=VpmEfZefbaZdR79Ex4oqQ%252BhqXO0Rr03%252BXuJ%252Bmgkw11hSXuOkiYXPoMxHSj3Rmj6OORjUlgCf0%252B8AOGtoXsESCA%253D%253D', '2017-10-18T11:57:26.330240+03:00', '2017-10-18T11:57:28.159231+03:00', '', 'auction', '69', NULL, 1508320002, 1508320002),
(233, 'd1e838dc46334fcebbf9bda880268432', NULL, NULL, NULL, 'x_dgfPlatformLegalDetails', 'Місце та форма прийому заяв на участь в аукціоні та банківські реквізити для зарахування гарантійних внесків', '', NULL, 'http://torgi.fg.gov.ua/prozorrosale', '2017-10-18T10:34:35.751881+03:00', '2017-10-18T10:34:35.751903+03:00', '', 'auction', '70', NULL, 1508320003, 1508320003),
(234, '261af4f8c31b4233ba040c5e34f7b2eb', NULL, NULL, 'md5:e6f60102a66f6b2e1574357206ba46ee', '', 'audit_29640ff669354c5d802fe3073eed247a.yaml', '', 'text/plain', 'http://public.docs-sandbox.ea.openprocurement.org/get/bb508e4038d74c67963af6be72762d16?KeyID=1816418e&Signature=vdkacGFUGbj2mjheB6G%252BvdbqgDbwePcXi4OvgT%252BIq%2FpZmHOWvzaIQT2%252BT%2FKIu24a2ddg%252Bp8DfhUCP%2FQ5MkQTDg%253D%253D', '2017-10-18T12:17:29.542429+03:00', '2017-10-18T12:17:30.361905+03:00', '', 'auction', '70', NULL, 1508320003, 1508320003),
(235, '5219bad536764051b5764599d0e0e94f', NULL, NULL, 'md5:d4821c78832d6b20ef25c534a49d2bc8', 'financialLicense', 'd-2dc0c560vitaeTTudzm.doc', '', 'text/plain', 'http://public.docs-sandbox.ea.openprocurement.org/get/5c91f16ba89145058608fc24bbbbff4b?KeyID=1816418e&Signature=2qU86GSdZJNssedBn11Pt9FHwhUD0GPeVaFsSg2RM1X%2FCYwGbrLqBWCyv331GkHy83PCAaVf6DJCIxeKSgudAA%253D%253D', '2017-10-18T11:52:41.844742+03:00', '2017-10-18T11:52:41.844764+03:00', '', 'bid', '91', NULL, 1508320003, 1508320003),
(236, '85b4a03267284901983374d78aafc301', NULL, NULL, NULL, 'x_dgfPlatformLegalDetails', 'Місце та форма прийому заяв на участь в аукціоні та банківські реквізити для зарахування гарантійних внесків', '', NULL, 'http://torgi.fg.gov.ua/prozorrosale', '2017-10-18T11:03:13.361775+03:00', '2017-10-18T11:03:13.361797+03:00', '', 'auction', '71', NULL, 1508320003, 1508320003),
(237, '2e90c64ddd9540c08651cb145f643514', NULL, NULL, 'md5:6ba34df74861452cadd426d6b2c4f4a1', '', 'audit_0b31ca8532634aad9de5fdad69266ac4.yaml', '', 'text/plain', 'http://public.docs-sandbox.ea.openprocurement.org/get/0d090772ee524da3a4031f3cbb698ec7?KeyID=1816418e&Signature=o4gHKs68TrHDabWuF7%2FGvSJTnafJFSasnVLC5qPO8KhBO7%2F1rMh3qw96RR7E2uoa2q62DRJOxTyZuoTR%252B8MXCQ%253D%253D', '2017-10-18T12:21:51.399607+03:00', '2017-10-18T12:21:52.279134+03:00', '', 'auction', '71', NULL, 1508320003, 1508320003),
(238, '22703b4292da4f698dcd71e9680a38ca', NULL, NULL, 'md5:0c3a2e7134f7eabe4bd029daa25ffbe6', 'financialLicense', 'd-ffdf1ba4laboreqv0Hho.pdf', '', 'text/plain', 'http://public.docs-sandbox.ea.openprocurement.org/get/b7d8222b5e034093b375bfd86dbbf68e?KeyID=1816418e&Signature=gRn7BBRa9zmbmyrmEZxNzDMQbq%252BoQXTo%2F18rv9syqyYXmNlejOO9o7MB0KtzuuxlDEFbCH7DoHVJqxrNe099CQ%253D%253D', '2017-10-18T11:04:05.673702+03:00', '2017-10-18T11:04:05.673724+03:00', '', 'bid', '92', NULL, 1508320003, 1508320003),
(239, 'c12cb702c16d489aa280bd82618f3270', NULL, NULL, 'md5:8345e08476ba2bf8b994d4efce17e82a', 'financialLicense', 'd-44968522nostrumbKi_O4.pdf', '', 'text/plain', 'http://public.docs-sandbox.ea.openprocurement.org/get/d18a9a690ece4b41bb89ddb1b0bb17d8?KeyID=1816418e&Signature=3qtvYEJ6M9tqXfNVa1YXNP1F30J7iDy03x02Izuj31wxTtUUlhEFxMs2YU2fca7TtFCo%252Bu2R7j%2FWRq9j58d%2FCQ%253D%253D', '2017-10-18T12:03:52.934882+03:00', '2017-10-18T12:03:52.934906+03:00', '', 'bid', '93', NULL, 1508320003, 1508320003),
(240, '5d2f99e26a76411c90881800c3d37a1b', NULL, NULL, NULL, 'x_dgfPlatformLegalDetails', 'Місце та форма прийому заяв на участь в аукціоні та банківські реквізити для зарахування гарантійних внесків', '', NULL, 'http://torgi.fg.gov.ua/prozorrosale', '2017-10-18T12:00:53.746171+03:00', '2017-10-18T12:00:53.746194+03:00', '', 'auction', '72', NULL, 1508320004, 1508320004),
(241, 'fee2d3466da54ec5a81bbf0eb29eeee9', NULL, NULL, NULL, 'x_dgfPlatformLegalDetails', 'Місце та форма прийому заяв на участь в аукціоні та банківські реквізити для зарахування гарантійних внесків', '', NULL, 'http://torgi.fg.gov.ua/prozorrosale', '2017-10-18T12:27:20.096032+03:00', '2017-10-18T12:27:20.096054+03:00', '', 'auction', '73', NULL, 1508320004, 1508320004),
(242, '619224411fd6430d9557e57ce3fdd4a4', NULL, NULL, NULL, 'x_dgfPlatformLegalDetails', 'Місце та форма прийому заяв на участь в аукціоні та банківські реквізити для зарахування гарантійних внесків', '', NULL, 'http://torgi.fg.gov.ua/prozorrosale', '2017-10-18T12:06:17.452933+03:00', '2017-10-18T12:06:17.452955+03:00', '', 'auction', '74', NULL, 1508320005, 1508320005),
(243, 'fc1ed1be9ccd49aca7b08353568484c2', NULL, NULL, NULL, 'x_dgfPlatformLegalDetails', 'Місце та форма прийому заяв на участь в аукціоні та банківські реквізити для зарахування гарантійних внесків', '', NULL, 'http://torgi.fg.gov.ua/prozorrosale', '2017-10-18T12:27:27.210811+03:00', '2017-10-18T12:27:27.210834+03:00', '', 'auction', '75', NULL, 1508320005, 1508320005),
(244, '4119bfb33aa6425d92cb5c39404670f5', NULL, NULL, NULL, 'x_dgfPlatformLegalDetails', 'Місце та форма прийому заяв на участь в аукціоні та банківські реквізити для зарахування гарантійних внесків', '', NULL, 'http://torgi.fg.gov.ua/prozorrosale', '2017-10-18T12:00:53.311650+03:00', '2017-10-18T12:00:53.311673+03:00', '', 'auction', '76', NULL, 1508320006, 1508320006),
(245, 'c948b9ec30124345a3063a684590cc7f', NULL, NULL, NULL, 'x_dgfPlatformLegalDetails', 'Місце та форма прийому заяв на участь в аукціоні та банківські реквізити для зарахування гарантійних внесків', '', NULL, 'http://torgi.fg.gov.ua/prozorrosale', '2017-10-18T12:05:36.206708+03:00', '2017-10-18T12:05:36.206731+03:00', '', 'auction', '77', NULL, 1508320006, 1508320006),
(246, '6df699ad70404513a4a38c8fdc52a5b1', NULL, NULL, NULL, 'x_dgfPlatformLegalDetails', 'Місце та форма прийому заяв на участь в аукціоні та банківські реквізити для зарахування гарантійних внесків', '', NULL, 'http://torgi.fg.gov.ua/prozorrosale', '2017-10-18T12:00:44.933107+03:00', '2017-10-18T12:00:44.933130+03:00', '', 'auction', '78', NULL, 1508320007, 1508320007),
(247, 'dea9403511ea40c7be37c760cfd99c99', NULL, NULL, NULL, 'x_dgfPlatformLegalDetails', 'Місце та форма прийому заяв на участь в аукціоні та банківські реквізити для зарахування гарантійних внесків', '', NULL, 'http://torgi.fg.gov.ua/prozorrosale', '2017-10-18T11:07:21.602641+03:00', '2017-10-18T11:07:21.602664+03:00', '', 'auction', '79', NULL, 1508320007, 1508320007),
(248, '7a701b3cf76a4a2786e1b87c61387aa8', NULL, NULL, 'md5:4366ad2455759687ddcc216a15aff084', '', 'audit_8c6510da0a2d455ea39a91bc90c9dd20.yaml', '', 'text/plain', 'http://public.docs-sandbox.ea.openprocurement.org/get/82d14b0babc7491a84ee36cca48549c8?KeyID=1816418e&Signature=HDT7MH7rY2J824l%2FlZZlc8%2FvapoqoFE%252Bf638zDJIYgJupm13C4mpcbRa51NIEUfVmPzV8sIcvvcgS19dA4KPAA%253D%253D', '2017-10-18T12:24:40.710283+03:00', '2017-10-18T12:24:42.049664+03:00', '', 'auction', '79', NULL, 1508320007, 1508320007),
(249, '11482adbc9dd4c08a649f5058854dd7d', NULL, NULL, 'md5:acf0b085374f890c55dff51983dbbf67', 'financialLicense', 'd-c64d08dealiquidfR6VM_.pdf', '', 'text/plain', 'http://public.docs-sandbox.ea.openprocurement.org/get/f79df969af42482b9d3cf35085fda5df?KeyID=1816418e&Signature=eKRx8gmzp1c7GgZMRarWZy8ewQLKOm0lp9%252BNcqpuzSQ%252B0nMVFWk5ujuzWwp65006diyc9EM0vXoFLPmOjohZAQ%253D%253D', '2017-10-18T11:09:30.228622+03:00', '2017-10-18T11:09:30.228644+03:00', '', 'bid', '94', NULL, 1508320007, 1508320007),
(250, 'af80b48b860c4077a7ed61e90d971aa3', NULL, NULL, 'md5:0ed286194642934775e3524ac17c84dc', 'financialLicense', 'd-938f87d7voluptatemd_Ske9.doc', '', 'text/plain', 'http://public.docs-sandbox.ea.openprocurement.org/get/acd3f0794d274f2d8707533e6df63ecc?KeyID=1816418e&Signature=h1IQacXpct3%2FKcM7nN%2FxFVzAuOE%252BRsphORoTycRIR3uJHfchRFf%2FtvMmTUH3gaX3UM9VTXou1eVCjaHuR6qACA%253D%253D', '2017-10-18T12:06:51.812100+03:00', '2017-10-18T12:06:51.812122+03:00', '', 'bid', '95', NULL, 1508320007, 1508320007),
(251, 'add133f50b614c9795a8201bde34153e', NULL, NULL, NULL, 'x_dgfPlatformLegalDetails', 'Місце та форма прийому заяв на участь в аукціоні та банківські реквізити для зарахування гарантійних внесків', '', NULL, 'http://torgi.fg.gov.ua/prozorrosale', '2017-10-18T11:07:23.184021+03:00', '2017-10-18T11:07:23.184043+03:00', '', 'auction', '80', NULL, 1508320008, 1508320008),
(252, '73ba78a09ea4434d9c61e9bfb26d36e7', NULL, NULL, 'md5:d3cbff8172f7d1f7f63f80a20894cfec', '', 'audit_32798ed2727a43e68d6b0fa80001cd43.yaml', '', 'text/plain', 'http://public.docs-sandbox.ea.openprocurement.org/get/45cc73048cd347559522ab41ec36e8c2?KeyID=1816418e&Signature=ycOGdLzoBDEkcJGwgulstO570XV9%252BUnCEhr1t286H6UtcLqaS%252BeH0ajiwDZWqcXj1gGvb1hkM0FVRVRaF2TmDg%253D%253D', '2017-10-18T12:30:51.539943+03:00', '2017-10-18T12:30:51.539979+03:00', '', 'auction', '80', NULL, 1508320008, 1508320008),
(253, '3324acdbd09347c3b4e6adc4da79c94b', NULL, NULL, 'md5:ca5ff1d9760177d566e7dfd890505d06', 'financialLicense', 'd-11d5df7cdictaUiSjm3.doc', '', 'application/octet-stream', 'http://public.docs-sandbox.ea.openprocurement.org/get/182e50507d3b4f35aad324fa3d159dad?KeyID=1816418e&Signature=4Bnbm%252BmID2RvraC66LB0OYHlR27UUvTH9TtX47OEG61VfBM5%252BrAl20LDjMcVNaokLdXvk%2FKBQOgKEpcZ%2FcNQAQ%253D%253D', '2017-10-18T11:09:41.342391+03:00', '2017-10-18T11:09:41.342414+03:00', '', 'bid', '96', NULL, 1508320008, 1508320008),
(254, '89db72ddf2ec46eeae9316c9302251f5', NULL, NULL, 'md5:39d59fcb167f14325cb1d9667a997304', 'financialLicense', 'd-64c41fa0accusantiumhA5kqQ.doc', '', 'text/plain', 'http://public.docs-sandbox.ea.openprocurement.org/get/a47b58d139db423399efbfc0c1b83da2?KeyID=1816418e&Signature=m784RYFOkQpq9kuGLQcca6xo0iblay90dCCibAJ42E1iHlbbozxOBDrOL4RmHbI6CQPtcGSY31QmnrS6ovdLDw%253D%253D', '2017-10-18T12:22:10.094516+03:00', '2017-10-18T12:22:10.094538+03:00', '', 'bid', '97', NULL, 1508320008, 1508320008),
(255, '736d53042dad421f8a188e18e8a06e3c', NULL, NULL, NULL, 'x_dgfPlatformLegalDetails', 'Місце та форма прийому заяв на участь в аукціоні та банківські реквізити для зарахування гарантійних внесків', '', NULL, 'http://torgi.fg.gov.ua/prozorrosale', '2017-10-18T12:27:27.741857+03:00', '2017-10-18T12:27:27.741879+03:00', '', 'auction', '81', NULL, 1508320008, 1508320008),
(256, 'bbbbac1d1fe14ecbbe77d60aae12a39d', NULL, NULL, NULL, 'x_dgfPlatformLegalDetails', 'Місце та форма прийому заяв на участь в аукціоні та банківські реквізити для зарахування гарантійних внесків', '', NULL, 'http://torgi.fg.gov.ua/prozorrosale', '2017-10-18T12:08:08.371505+03:00', '2017-10-18T12:08:08.371527+03:00', '', 'auction', '82', NULL, 1508320009, 1508320009),
(257, '8f580e7990ab49d49779a620a7fc2eb8', NULL, NULL, NULL, 'x_dgfPlatformLegalDetails', 'Місце та форма прийому заяв на участь в аукціоні та банківські реквізити для зарахування гарантійних внесків', '', NULL, 'http://torgi.fg.gov.ua/prozorrosale', '2017-10-18T11:17:31.282877+03:00', '2017-10-18T11:17:31.282898+03:00', '', 'auction', '83', NULL, 1508320009, 1508320009),
(258, 'b197aae5e10048d7918013fb293a002a', NULL, NULL, 'md5:23883dff16da96f027b181c59f8b3c51', '', 'audit_125751b3c56e44b19f984c107d4ef152.yaml', '', 'text/plain', 'http://public.docs-sandbox.ea.openprocurement.org/get/4de54ccc3bc44c9198c4e85b7b0e2ad6?KeyID=1816418e&Signature=P0%2FG3soV9qCgvWdCmH%252B2tJmOzyVMd4ISROoHrrbMoA3jZX2xu4vQ2T1Qpa5N6B9vtAA9YuquFAolTssyFunZCw%253D%253D', '2017-10-18T12:30:02.221819+03:00', '2017-10-18T12:30:04.406178+03:00', '', 'auction', '83', NULL, 1508320009, 1508320009),
(259, '206bf95a60b94e588c973afa203c957b', NULL, NULL, 'md5:d1f3d56931ec3cbd2e29b5ac3af05506', 'financialLicense', 'testFileForUpload.txt', 'SHA1: 89afc4445014b1bb69455b9c262f73cd1c0ecdde', 'text/plain', 'http://public.docs-sandbox.ea.openprocurement.org/get/11081f8575b248ab95d4d1dc3d12b8ab?KeyID=1816418e&Signature=O4YT9Lq0YzCcKvtNEnWOoc4vmAp9r85ddVFwj9UpEBrHJeplNuokFit7tPED5MsxmoS6NrdnSFjiBDH9JwhGCw%253D%253D', '2017-10-18T11:32:11.132292+03:00', '2017-10-18T11:32:11.132315+03:00', '', 'bid', '98', NULL, 1508320009, 1508320009),
(260, 'c377076028f04dad90d1db12e508e296', NULL, NULL, 'md5:fabb4c636abf79462f6bde585f86ef41', 'financialLicense', 'd-f598e3a2aperiamA7WlB4.doc', '', 'text/plain', 'http://public.docs-sandbox.ea.openprocurement.org/get/175fcbd76e8946999da1657e0756b92e?KeyID=1816418e&Signature=h28EbsDy%2FGypSBSY6r4qBVK1RwsvVZFrjycch7NaFsluSrGdajSN2JkDVPowLZKFsyQeB0XGyX4KL7GoJAF7BQ%253D%253D', '2017-10-18T12:05:40.152386+03:00', '2017-10-18T12:05:40.152408+03:00', '', 'bid', '99', NULL, 1508320009, 1508320009),
(261, '3d72746ea5184c7aa5fc27ba90dcd3a2', NULL, NULL, NULL, 'x_dgfPlatformLegalDetails', 'Місце та форма прийому заяв на участь в аукціоні та банківські реквізити для зарахування гарантійних внесків', '', NULL, 'http://torgi.fg.gov.ua/prozorrosale', '2017-10-18T12:06:18.526569+03:00', '2017-10-18T12:06:18.526591+03:00', '', 'auction', '84', NULL, 1508320010, 1508320010),
(262, '9d5c7c2acd5e4205a6966d057728f1ca', NULL, NULL, NULL, 'x_dgfPlatformLegalDetails', 'Місце та форма прийому заяв на участь в аукціоні та банківські реквізити для зарахування гарантійних внесків', '', NULL, 'http://torgi.fg.gov.ua/prozorrosale', '2017-10-18T11:17:27.723221+03:00', '2017-10-18T11:17:27.723244+03:00', '', 'auction', '85', NULL, 1508320010, 1508320010),
(263, '0262eb7f04f24356820c9cb21616bf73', NULL, NULL, 'md5:67e2521a2511f14703f20b186b9b34ba', '', 'audit_10355cd4d47c4c2e8d10b446205e761d.yaml', '', 'text/plain', 'http://public.docs-sandbox.ea.openprocurement.org/get/5006aefd2dce41a981fcc3209435e2e6?KeyID=1816418e&Signature=sCpEZ%252B7NdftlTrl7lxzsR5bswRA12TIUCZop%252B4EzHIgxBzYAJQc%2FbXe9Z3FvOqgWMltNozKmJNdJWcSw%252B%252BWODA%253D%253D', '2017-10-18T12:32:45.329960+03:00', '2017-10-18T12:32:46.007413+03:00', '', 'auction', '85', NULL, 1508320010, 1508320010),
(264, 'b5a130fa77254b19b3446fe491590699', NULL, NULL, 'md5:7950f95b5bc1b6a3bbd36c520b72c9bb', 'financialLicense', 'd-90205de7voluptatemnsHQjR.pdf', '', 'text/plain', 'http://public.docs-sandbox.ea.openprocurement.org/get/34e8a714d4714be0904d967f030697b5?KeyID=1816418e&Signature=hot4Y8biHCSPVWDS83LHmBsVVrw%252BYRX820scAjGkr68sVM0llaU3pmo9u4DHgkaPB0yEEiEZEX7ADpEc5NNtCg%253D%253D', '2017-10-18T11:24:56.777963+03:00', '2017-10-18T11:24:56.777988+03:00', '', 'bid', '100', NULL, 1508320010, 1508320010),
(265, '21ba46caebba40b08ee9b8106f1a02bf', NULL, NULL, 'md5:5264ab0bf1fe5e40a3aceaafd65d89c6', 'financialLicense', 'd-720e9e83necessitatibusY1tLB_.doc', '', 'text/plain', 'http://public.docs-sandbox.ea.openprocurement.org/get/46c6b4ee08224f68b257afe847a897d8?KeyID=1816418e&Signature=2QoItDW5qH3Ry5RjesT%2FRp2JAZy3On6YrybdXcSYemrS0Iuo3N%252BBdKjAa1GwfJDueLaIFfOCMBExveUushbKCQ%253D%253D', '2017-10-18T12:15:33.223996+03:00', '2017-10-18T12:15:33.224019+03:00', '', 'bid', '101', NULL, 1508320010, 1508320010),
(266, '94e96a3d5d714473b92795d9b528e8e1', NULL, NULL, NULL, 'x_dgfPlatformLegalDetails', 'Місце та форма прийому заяв на участь в аукціоні та банківські реквізити для зарахування гарантійних внесків', '', NULL, 'http://torgi.fg.gov.ua/prozorrosale', '2017-10-18T12:28:29.617508+03:00', '2017-10-18T12:28:29.617531+03:00', '', 'auction', '86', NULL, 1508320011, 1508320011),
(267, '93a26e8fd3964e90b5aed8db958dbe72', NULL, NULL, NULL, 'x_dgfPlatformLegalDetails', 'Місце та форма прийому заяв на участь в аукціоні та банківські реквізити для зарахування гарантійних внесків', '', NULL, 'http://torgi.fg.gov.ua/prozorrosale', '2017-10-18T11:10:11.545554+03:00', '2017-10-18T11:10:11.545577+03:00', '', 'auction', '87', NULL, 1508320011, 1508320011),
(268, 'c57b04a882314de39a1f3e455c0cb4b1', NULL, NULL, 'md5:78065461d832d1c4860fdd2349eda97e', '', 'audit_aae76e39ff884fffa0ee1df3e0fa9b0d.yaml', '', 'text/plain', 'http://public.docs-sandbox.ea.openprocurement.org/get/5a39edaad6e246888bae04a24db2e7da?KeyID=1816418e&Signature=ZO%252BADv%252BMosKMXWu0o9k6fO%2FNjf4j3cWuYANicN5qTTbjesRmf9EB%2FCBECqRWOMkiqZJd1Irbp%2FMjuHkd14BVCw%253D%253D', '2017-10-18T12:33:55.488623+03:00', '2017-10-18T12:33:55.488644+03:00', '', 'auction', '87', NULL, 1508320011, 1508320011),
(269, 'c28475b8e4604e1e8cb01422c4c08bec', NULL, NULL, 'md5:d190b08769b0bcc376b4d8002104358b', 'financialLicense', 'd-c6823068totamMRQJRX.doc', '', 'application/msword', 'http://public.docs-sandbox.ea.openprocurement.org/get/7b87a233b0f7461a849e69904a99923b?KeyID=1816418e&Signature=49Aeh5pjtNhWlwcADHy91HrFKrC5hDnImUszNGBiCpVItXrPub656LFMW3vV3E9wb55y%252BAJSu9CXPTEdVtz9BA%253D%253D', '2017-10-18T11:13:04.206195+03:00', '2017-10-18T11:13:04.206218+03:00', '', 'bid', '102', NULL, 1508320011, 1508320011),
(270, 'cd5f6600241d40cb8ab8308f97f799a1', NULL, NULL, NULL, 'x_dgfPlatformLegalDetails', 'Місце та форма прийому заяв на участь в аукціоні та банківські реквізити для зарахування гарантійних внесків', '', NULL, 'http://torgi.fg.gov.ua/prozorrosale', '2017-10-18T12:09:52.022094+03:00', '2017-10-18T12:09:52.022118+03:00', '', 'auction', '88', NULL, 1508320012, 1508320012),
(271, '023accec05fd40a2a654914ea8c60359', NULL, NULL, NULL, 'x_dgfPlatformLegalDetails', 'Місце та форма прийому заяв на участь в аукціоні та банківські реквізити для зарахування гарантійних внесків', '', NULL, 'http://torgi.fg.gov.ua/prozorrosale', '2017-10-18T11:07:24.985716+03:00', '2017-10-18T11:07:24.985738+03:00', '', 'auction', '89', NULL, 1508320012, 1508320012),
(272, 'de4315cb24bb4a4ea47028b48953d04e', NULL, NULL, 'md5:eca0b94105aac4dd5b2e13b61d75f224', '', 'audit_5106dd5902e64c5db3cb051803c87587.yaml', '', 'text/plain', 'http://public.docs-sandbox.ea.openprocurement.org/get/1cab51f618d541f1ba80abeeb3eaf6b1?KeyID=1816418e&Signature=KMwxwt0tusop1W%2FguLnuEYqnyHHXGkWaTRqDFgfxbVRQBW%252BDiPU9Ar9bcnG1pLbjpilau5XwPgqOVSFdb8dBAA%253D%253D', '2017-10-18T12:27:54.621418+03:00', '2017-10-18T12:27:55.422011+03:00', '', 'auction', '89', NULL, 1508320012, 1508320012),
(273, '7a56f562d0b540a08e0e8fb28dd91b37', NULL, NULL, 'md5:6f2bb6fb24d96d1a5d1f8d4876b74781', 'financialLicense', 'd-750c9945officia1O667Y.doc', '', 'text/plain', 'http://public.docs-sandbox.ea.openprocurement.org/get/a661f7415ac54da38ecf75fb469df57b?KeyID=1816418e&Signature=FffhB9Mv8bph3LtWR%252BDuq9MzgnwGo3I2ctsaa6%252Bqw1GFSqI6fyi35n3ZVvCSmG83CratrtN40gFAslTZCLhVDQ%253D%253D', '2017-10-18T11:09:03.850965+03:00', '2017-10-18T11:09:03.850989+03:00', '', 'bid', '103', NULL, 1508320012, 1508320012),
(274, '0559a0a659d04f9fae012dbcdc858b22', NULL, NULL, 'md5:a1ff557cdda13aac7c8f87c2da0c88af', 'financialLicense', 'd-6178e899istewaGvXd.pdf', '', 'application/pdf', 'http://public.docs-sandbox.ea.openprocurement.org/get/0ec6f21bb72148579a3a78ce5512be67?KeyID=1816418e&Signature=4Jp6NUUZJo3kFmpszC9N5j9mmxvLDVNIAvPuXXzqUgdA%252Ba%252BQRnjR81EVKylcgkQwdSsN0s9rkXaxoSEzyyW7Dw%253D%253D', '2017-10-18T12:03:56.491139+03:00', '2017-10-18T12:03:56.491163+03:00', '', 'bid', '104', NULL, 1508320012, 1508320012),
(275, '155dfb74a6d34af8b4ded8893cdda116', NULL, NULL, NULL, 'x_dgfPlatformLegalDetails', 'Місце та форма прийому заяв на участь в аукціоні та банківські реквізити для зарахування гарантійних внесків', '', NULL, 'http://torgi.fg.gov.ua/prozorrosale', '2017-10-18T11:39:25.775393+03:00', '2017-10-18T11:39:25.775414+03:00', '', 'auction', '90', NULL, 1508320013, 1508320013),
(276, 'bbf927f737e644998c4e88f9dab77ab8', NULL, NULL, NULL, 'x_dgfPlatformLegalDetails', 'Місце та форма прийому заяв на участь в аукціоні та банківські реквізити для зарахування гарантійних внесків', '', NULL, 'http://torgi.fg.gov.ua/prozorrosale', '2017-10-18T11:11:07.032485+03:00', '2017-10-18T11:11:07.032508+03:00', '', 'auction', '91', NULL, 1508320013, 1508320013),
(277, '49b5fa64f98b49eab9a58b5d679c4814', NULL, NULL, 'md5:71018890fe271abaa90aae03912b6add', '', 'audit_6bfbbae86c924c2297b04127b9d1c2e9.yaml', '', 'text/plain', 'http://public.docs-sandbox.ea.openprocurement.org/get/5a6d31e9a47945a5bc577f08e22610f8?KeyID=1816418e&Signature=YqfmYJd2mfw5YYcgluofupGy63j030DL4Bo5pO4G0AekrCosruCQyxI8YAws2rRjYlMBziTye%252BbMWzuYG6DQAg%253D%253D', '2017-10-18T12:30:44.398456+03:00', '2017-10-18T12:30:45.720016+03:00', '', 'auction', '91', NULL, 1508320013, 1508320013),
(278, '644830f3a5da456a81a4f24e08953a55', NULL, NULL, 'md5:eea56b02ca24a0cd3611da33104012b5', 'financialLicense', 'd-d27052f9nesciunt6zfU57.docx', '', 'text/plain', 'http://public.docs-sandbox.ea.openprocurement.org/get/3a5033b7d77f40cda38419aedbd32f7e?KeyID=1816418e&Signature=5%252BEKTttvPinqotAz5n0nEYTs9wv9jlVvMR12JqMIHjx5XxzPokqMpKGFWbb19veKyowD%252BFqayizp1KpCCXqPBQ%253D%253D', '2017-10-18T11:14:24.484369+03:00', '2017-10-18T11:14:24.484391+03:00', '', 'bid', '105', NULL, 1508320013, 1508320013),
(279, '949ccf2f70c24677a090fca573d2693b', NULL, NULL, NULL, 'x_dgfPlatformLegalDetails', 'Місце та форма прийому заяв на участь в аукціоні та банківські реквізити для зарахування гарантійних внесків', '', NULL, 'http://torgi.fg.gov.ua/prozorrosale', '2017-10-18T11:37:40.694615+03:00', '2017-10-18T11:37:40.694637+03:00', '', 'auction', '92', NULL, 1508320014, 1508320014),
(280, '91d64198b2584cfe963c55eb5867c5ad', NULL, NULL, NULL, 'x_dgfPlatformLegalDetails', 'Місце та форма прийому заяв на участь в аукціоні та банківські реквізити для зарахування гарантійних внесків', '', NULL, 'http://torgi.fg.gov.ua/prozorrosale', '2017-10-18T11:40:46.370500+03:00', '2017-10-18T11:40:46.370523+03:00', '', 'auction', '93', NULL, 1508320014, 1508320014),
(281, '5b6496b9074f427aa788e40f7be229b4', NULL, NULL, 'md5:491d9744a55dbfd142576e8663ea426c', '', 'audit_80488ec196164027bb6401aea2f0db75.yaml', '', 'text/plain', 'http://public.docs-sandbox.ea.openprocurement.org/get/b5450e19e3cd4e4ba1ea4bab2e621481?KeyID=1816418e&Signature=NN1%252B%252BqE8WhprefLaOk2%252BTaqxq%2FjFn%2FAXhfrdqEr4KVOp7Y6PVZTyPOZFY3T%2F2WriMGGvag9IJYD4SyzWteQDAA%253D%253D', '2017-10-18T12:46:28.477511+03:00', '2017-10-18T12:46:28.477532+03:00', '', 'auction', '93', NULL, 1508320014, 1508320014),
(282, 'f22be827e02041b987b8a879c887e925', NULL, NULL, 'md5:d1f3d56931ec3cbd2e29b5ac3af05506', 'financialLicense', 'testFileForUpload', '', 'text/plain', 'http://public.docs-sandbox.ea.openprocurement.org/get/0da5fdb9b1324ff78e18c85049e9f9d3?KeyID=1816418e&Signature=oYDQReFEMvy9F0e0%2F9hyMV8uwcefCFFwr4De8PL%252BU5kzSOX6eX7w8fMU%252BNNfaYYdk76bl0JfMuojqJoYwV1AAQ%253D%253D', '2017-10-18T11:50:03.993084+03:00', '2017-10-18T11:50:03.993106+03:00', '', 'bid', '107', NULL, 1508320014, 1508320014),
(283, '1dd9ca52234549d5af1adc76f099f676', NULL, NULL, NULL, 'x_dgfPlatformLegalDetails', 'Місце та форма прийому заяв на участь в аукціоні та банківські реквізити для зарахування гарантійних внесків', '', NULL, 'http://torgi.fg.gov.ua/prozorrosale', '2017-10-18T12:14:16.350524+03:00', '2017-10-18T12:14:16.350547+03:00', '', 'auction', '94', NULL, 1508320015, 1508320015),
(284, '6524510e2ad24fa4b2335ad4c886371f', NULL, NULL, NULL, 'x_dgfPlatformLegalDetails', 'Місце та форма прийому заяв на участь в аукціоні та банківські реквізити для зарахування гарантійних внесків', '', NULL, 'http://torgi.fg.gov.ua/prozorrosale', '2017-10-18T11:10:44.757303+03:00', '2017-10-18T11:10:44.757326+03:00', '', 'auction', '95', NULL, 1508320015, 1508320015),
(285, '0a41a54610b8416788895cb513950d10', NULL, NULL, 'md5:9309f378eb4ea363dad1f5d45f5b5de6', '', 'audit_d19c76ac83014b6995293f1934c30c5a.yaml', '', 'text/plain', 'http://public.docs-sandbox.ea.openprocurement.org/get/e91e594e678e460897b15999b367b345?KeyID=1816418e&Signature=03%252BzMUzYc1hiObbjuhm1RBTpTdCIZa5O5tKizNjNT7bZYWoY849Qbi%2F9hW3h9qxZ7EfwcCU7ZrnzKk%252B9CYHEBQ%253D%253D', '2017-10-18T12:32:39.972261+03:00', '2017-10-18T12:32:41.030487+03:00', '', 'auction', '95', NULL, 1508320015, 1508320015),
(286, 'b72802ec8a71499aa840ee2ef53a56ce', NULL, NULL, 'md5:d14bd62e1ce959dbdb1e5cc9d1cfeb1d', 'financialLicense', 'd-ea35a646debitisP8bJ7a.pdf', '', 'application/pdf', 'http://public.docs-sandbox.ea.openprocurement.org/get/a8e8f08a9cf442e3903d48b50c76743c?KeyID=1816418e&Signature=8rBQZSORY4ET6OjyID1ZG18QUYvI%252BAoRSQYMWbP18rv2d3P4qBY3NtnfDpQMYN2IvdhNZoozC9p7xP7GNHlrBQ%253D%253D', '2017-10-18T11:18:08.187016+03:00', '2017-10-18T11:18:08.187038+03:00', '', 'bid', '108', NULL, 1508320015, 1508320015),
(287, 'ddeee2f7fa854923b1d9b9ec52009218', NULL, NULL, 'md5:778520b30de0eb63a9367eb419fb1bbf', 'financialLicense', 'd-eae59274veltQC_fb.pdf', '', 'text/plain', 'http://public.docs-sandbox.ea.openprocurement.org/get/96ec494ada1342df966142c2cc2a3176?KeyID=1816418e&Signature=IpNBarE5%2Fg3t2DE5DNVA3m%2FZe48tOSibwdOIBxAbq7Im53kWyrXw0ODrTjGnnLeOxLlNRbLRYC5mg6i3DcgDAg%253D%253D', '2017-10-18T12:14:47.501786+03:00', '2017-10-18T12:14:47.501808+03:00', '', 'bid', '109', NULL, 1508320015, 1508320015),
(288, '6476a46a9c5f4495805503d304b1d651', NULL, NULL, NULL, 'x_dgfPlatformLegalDetails', 'Місце та форма прийому заяв на участь в аукціоні та банківські реквізити для зарахування гарантійних внесків', '', NULL, 'http://torgi.fg.gov.ua/prozorrosale', '2017-10-18T11:50:51.584190+03:00', '2017-10-18T11:50:51.584213+03:00', '', 'auction', '96', NULL, 1508320016, 1508320016),
(289, 'e0187e7beb9c40428300857b96b29b0c', NULL, NULL, NULL, 'x_dgfPlatformLegalDetails', 'Місце та форма прийому заяв на участь в аукціоні та банківські реквізити для зарахування гарантійних внесків', '', NULL, 'http://torgi.fg.gov.ua/prozorrosale', '2017-10-18T11:37:50.042224+03:00', '2017-10-18T11:37:50.042246+03:00', '', 'auction', '97', NULL, 1508320016, 1508320016),
(290, 'a3bf1bc1805a44418404a40bd9f154e9', NULL, NULL, NULL, 'x_dgfPlatformLegalDetails', 'Місце та форма прийому заяв на участь в аукціоні та банківські реквізити для зарахування гарантійних внесків', '', NULL, 'http://torgi.fg.gov.ua/prozorrosale', '2017-10-18T11:10:11.750136+03:00', '2017-10-18T11:10:11.750159+03:00', '', 'auction', '98', NULL, 1508320017, 1508320017),
(291, '24d120dfbe2442869c2e49bcd18454d0', NULL, NULL, 'md5:592d2bf65e59029cf8a3b8d562185ed0', '', 'audit_2df1d98be77e4852a86b6a3a8bf197cc.yaml', '', 'text/plain', 'http://public.docs-sandbox.ea.openprocurement.org/get/68780a9b6d364d4bbae408a466e039a1?KeyID=1816418e&Signature=y5Z0nDbYY8BTfGX9mw%252BUpwFqcXONxmIq0pkb7CCfvTFGilGDc5q7hrxS7aCgRH6mWz%252Bjqyw9xaJLf3nKAGpMBw%253D%253D', '2017-10-18T12:35:14.437321+03:00', '2017-10-18T12:35:15.399810+03:00', '', 'auction', '98', NULL, 1508320017, 1508320017),
(292, '162d7402603448eabc8084a8eb2f0816', NULL, NULL, 'md5:c16d88ff668647fdd58ae16daeea2681', 'financialLicense', 'd-5f3f6d9eodioIDms47.doc', '', 'text/plain', 'http://public.docs-sandbox.ea.openprocurement.org/get/c13a21bfdea74d1280606b551d94ee82?KeyID=1816418e&Signature=rjBj0wP2hzVgnMeBBi%2F8Fizh5oWWi585wMAkeKhFWGSYjnCVLiXLypOL5DJkZJY%2FKhmSxBecryrfThC34yEyAw%253D%253D', '2017-10-18T11:13:44.614148+03:00', '2017-10-18T11:13:44.614170+03:00', '', 'bid', '110', NULL, 1508320017, 1508320017),
(293, '53a83bfb8f2c49cabe47edd749f1269c', NULL, NULL, 'md5:e8fd71af45a291071537c16dfcdf703d', 'financialLicense', 'd-5c00f1ffoccaecatist4iZi.pdf', '', 'text/plain', 'http://public.docs-sandbox.ea.openprocurement.org/get/cc86181f63c2400abcbc4fd0de488dcd?KeyID=1816418e&Signature=J%252BzKoE2wMzW%2FAg2W3lG50%252BbbFqgICaHBjMikFtiVCuTHQ9GkeK%2FPSZRYVhtkI1BTtBUBb4R1NH35UUZysg1aBA%253D%253D', '2017-10-18T12:18:43.138849+03:00', '2017-10-18T12:18:43.138871+03:00', '', 'bid', '111', NULL, 1508320017, 1508320017),
(294, 'ce60b735f29e413d9395fe0e78d1c5ba', NULL, NULL, NULL, 'x_dgfPlatformLegalDetails', 'Місце та форма прийому заяв на участь в аукціоні та банківські реквізити для зарахування гарантійних внесків', '', NULL, 'http://torgi.fg.gov.ua/prozorrosale', '2017-10-18T12:12:04.791678+03:00', '2017-10-18T12:12:04.791702+03:00', '', 'auction', '99', NULL, 1508320017, 1508320017),
(295, '6d66a8b5f0ef42c2b0a2b6001010d9da', NULL, NULL, NULL, 'x_dgfPlatformLegalDetails', 'Місце та форма прийому заяв на участь в аукціоні та банківські реквізити для зарахування гарантійних внесків', '', NULL, 'http://torgi.fg.gov.ua/prozorrosale', '2017-10-18T11:40:44.198366+03:00', '2017-10-18T11:40:44.198387+03:00', '', 'auction', '100', NULL, 1508320018, 1508320018),
(296, '4de3f714486c4dd2969715e30871247c', NULL, NULL, 'md5:fcf36c5a2b76465ea15382e95cc07ca5', '', 'audit_2356475de875437e98d8213458e141b8.yaml', '', 'text/plain', 'http://public.docs-sandbox.ea.openprocurement.org/get/aac0b88785514890acd15e5c9d5b4617?KeyID=1816418e&Signature=Grpv%2Fk8cACoJe3nCGNQ9BK9zUQ1SOqjMQAUqrkgq6pIFU3qosdQPVPJ%252BsOog7w6sDJ3G1mLB3ogGOkUPmhacCA%253D%253D', '2017-10-18T12:44:42.483029+03:00', '2017-10-18T12:44:42.483051+03:00', '', 'auction', '100', NULL, 1508320018, 1508320018),
(297, '8b80a79d0b9a481f9f712dd1494e5a15', NULL, NULL, 'md5:65ad2fc43b9b54f6c5d184d278402463', 'financialLicense', 'd-a96b6bb3adipiscinEO52i.docx', '', 'text/plain', 'http://public.docs-sandbox.ea.openprocurement.org/get/9987767574af4015ae1bc342a5c5820f?KeyID=1816418e&Signature=VL6luAmfrrYHW%2FvOgwzpZyGSxLyol3GKIypj7l2P40Ywjzh7rM5%2F1jc9FoqTtDhy2XHzJZuR3uSqOkUHJ96aAQ%253D%253D', '2017-10-18T11:44:45.797796+03:00', '2017-10-18T11:44:45.797818+03:00', '', 'bid', '112', NULL, 1508320018, 1508320018),
(298, 'bb266803c90b4004bf8798f46f8e494f', NULL, NULL, NULL, 'x_dgfPlatformLegalDetails', 'Місце та форма прийому заяв на участь в аукціоні та банківські реквізити для зарахування гарантійних внесків', '', NULL, 'http://torgi.fg.gov.ua/prozorrosale', '2017-10-18T11:17:30.884092+03:00', '2017-10-18T11:17:30.884116+03:00', '', 'auction', '101', NULL, 1508320018, 1508320018),
(299, '30a0bbe9a13e4b25b84d608a123d4bd5', NULL, NULL, 'md5:da25cb9570b0efd9f4cb58c1d7b865b4', '', 'audit_4523a5bdeaa04325842541b8f7fc0333.yaml', '', 'text/plain', 'http://public.docs-sandbox.ea.openprocurement.org/get/c397ce32a72d403b9845b657b9147f36?KeyID=1816418e&Signature=jV01zCosSSf2I5NCdTWqJLHE0Iwt8gXUo5Jhr3sxbId7DAFgj1NTSv9Q2ypNkHNROr03sMWl0As0XZQYGEYeCQ%253D%253D', '2017-10-18T12:24:23.680374+03:00', '2017-10-18T12:24:25.269399+03:00', '', 'auction', '101', NULL, 1508320018, 1508320019),
(300, 'e0e188f7698b49618a5828ba25ff4499', NULL, NULL, 'md5:a061f3ab54c700d19b86a2ce8684db5e', 'financialLicense', 'd-e5fe73f3remIhBbCy.pdf', '', 'text/plain', 'http://public.docs-sandbox.ea.openprocurement.org/get/275043255aa347c4be7eba809f7a2d2a?KeyID=1816418e&Signature=TTkHERm28KQaCGRxgtP7PD0P1fzLf1yIW4vIo7xG3PzxVmkez6mw2NQ7P75JGNt3dLrZcPyYPq7x%2F42D1bdgAg%253D%253D', '2017-10-18T11:24:53.018848+03:00', '2017-10-18T11:24:53.018871+03:00', '', 'bid', '113', NULL, 1508320019, 1508320019),
(301, 'fc630ae76ad54cc8a8dd6f35643fd2da', NULL, NULL, 'md5:d1f3d56931ec3cbd2e29b5ac3af05506', 'financialLicense', 'testFileForUpload.txt', 'SHA1: 89afc4445014b1bb69455b9c262f73cd1c0ecdde', 'text/plain', 'http://public.docs-sandbox.ea.openprocurement.org/get/27ddb769ebe64eea999b9084b585d8e9?KeyID=1816418e&Signature=UVAyUUTwRiw5b8AxVRPb5WpiOOZxVw2un54ptFIocC2Z0rhGSxPXGPun9%252Bkal0IK06lt4QXBCFKzCaa2VFs%252BAg%253D%253D', '2017-10-18T12:07:05.867426+03:00', '2017-10-18T12:07:05.867462+03:00', '', 'bid', '114', NULL, 1508320019, 1508320019),
(302, 'dbc84399b43a4ecbbb081aca4b6ec9dd', NULL, NULL, NULL, 'x_dgfPlatformLegalDetails', 'Місце та форма прийому заяв на участь в аукціоні та банківські реквізити для зарахування гарантійних внесків', '', NULL, 'http://torgi.fg.gov.ua/prozorrosale', '2017-10-18T12:46:23.420090+03:00', '2017-10-18T12:46:23.420113+03:00', '', 'auction', '102', NULL, 1508320019, 1508320019);

-- --------------------------------------------------------

--
-- Структура таблицы `api_features`
--

CREATE TABLE `api_features` (
  `unique_id` int(11) NOT NULL,
  `id` varchar(255) COLLATE utf8_unicode_ci DEFAULT NULL,
  `code` varchar(255) COLLATE utf8_unicode_ci NOT NULL,
  `featureOf` varchar(15) COLLATE utf8_unicode_ci NOT NULL,
  `relatedItem` int(11) NOT NULL,
  `title` varchar(255) COLLATE utf8_unicode_ci NOT NULL,
  `description` text COLLATE utf8_unicode_ci,
  `enum_value` float(15,2) DEFAULT NULL,
  `enum_title` varchar(255) COLLATE utf8_unicode_ci NOT NULL,
  `enum_description` text COLLATE utf8_unicode_ci
) ENGINE=InnoDB DEFAULT CHARSET=utf8 COLLATE=utf8_unicode_ci;

-- --------------------------------------------------------

--
-- Структура таблицы `api_identifiers`
--

CREATE TABLE `api_identifiers` (
  `id` varchar(25) COLLATE utf8_unicode_ci NOT NULL,
  `scheme` varchar(255) COLLATE utf8_unicode_ci DEFAULT NULL,
  `legalName` varchar(255) COLLATE utf8_unicode_ci DEFAULT NULL,
  `uri` varchar(255) COLLATE utf8_unicode_ci DEFAULT NULL
) ENGINE=InnoDB DEFAULT CHARSET=utf8 COLLATE=utf8_unicode_ci;

--
-- Дамп данных таблицы `api_identifiers`
--

INSERT INTO `api_identifiers` (`id`, `scheme`, `legalName`, `uri`) VALUES
('00000014', 'UA-EDR', 'Fincompany', NULL),
('0012311121', 'UA-EDR', 'prozorro5@bigmir.net', NULL),
('01994008', 'UA-EDR', 'Київська міська клінічна шкірно-венерологічна лікарня', NULL),
('02070884', 'UA-EDR', 'Державний вищий навчальний заклад \" Київський національний економічний університет імені Вадима Гетьмана\"', NULL),
('02147629', 'UA-EDR', 'Департамент освіти і науки, молоді та спорту виконавчого органу Київської міської ради (Київської міської державної адміністрації)', NULL),
('02226079', 'UA-EDR', '\"Концертний заклад культури \"Муніципальна академічна чоловіча хорова капела ім. Л.М. Ревуцького\"', NULL),
('02544394', 'UA-EDR', 'Київський професійний будівельний ліцей', NULL),
('03767831', 'UA-EDR', 'Державна установа \"Управління збірних команд та забезпечення спортивних заходів \"Укрспортзабезпечення\"', NULL),
('04593340', 'UA-EDR', 'Комунальне некомерційне підприємство \"Консультативно-діагностичний центр\" Солом’янського району міста Києва', NULL),
('11111111', 'UA-EDR', 'Банк Ліквідатор', NULL),
('111111111111111', 'UA-EDR', 'Демо организатор (государственные торги)', NULL),
('12345', 'UA-EDR', 'ФОП \"Сообщество ЕРЕТИКОВ Украины\"', NULL),
('1234567', 'UA-EDR', 'erf;kj', NULL),
('1234567677', 'UA-EDR', 'TEST', NULL),
('1234567897', 'UA-EDR', 'test', NULL),
('16466597', 'UA-EDR', 'Стоматологічна поліклініка Дарницького району м. Києва', NULL),
('20055078', 'UA-EDR', 'ВП «Аварійно-технічний центр» ДП «НАЕК «Енергоатом»', NULL),
('2147483647', 'UA-EDR', 'ФОП Кріль В.О.', NULL),
('2154123421', 'UA-IPN', 'ФИЗ. ОСОБА', NULL),
('2222222250', 'UA-EDR', 'ТОВ \"Тест Участник\"', NULL),
('22964365', 'UA-EDR', 'Перинатальний центр м.Києва', NULL),
('234432423', 'UA-EDR', 'ТОВ \" \"ЭТУ КОМПАНИЮ НЕ ТРОГАТЬ\"\"', NULL),
('23456789', 'UA-EDR', 'Проавйдер Другий', NULL),
('253698574', 'UA-EDR', 'Світлана Світлакова', NULL),
('25369874', 'UA-EDR', ' Назва юридичної особи', NULL),
('2943209693', 'UA-EDR', 'НомерОдин Учасник', NULL),
('31725604', 'UA-EDR', 'КОМУНАЛЬНЕ ПІДПРИЄМСТВО \"КИЇВПАСТРАНС\"', NULL),
('33109845', 'UA-EDR', 'ТОВ \"Черный Замок\"', NULL),
('3355908835', 'UA-EDR', 'React Logic', NULL),
('3355908836', 'UA-EDR', 'React Logic', NULL),
('36259874', 'UA-EDR', 'ПАТ \"Банк Банк\"', NULL),
('37405111', 'UA-EDR', 'Шевченківська районна в місті Києві державна адміністрація', NULL),
('37470086', 'UA-EDR', 'Управління освіти Шевченківської районної в місті Києві державної адміністрації', NULL),
('38728444', 'UA-EDR', 'МФ ДП \"АМПУ\" (адміністрація Миколаївського МП)', NULL),
('38728507', 'UA-EDR', 'Філія \"Дельта-лоцман\" державного підприємства \"Адміністрація морських портів України\"', NULL),
('38947811', 'UA-EDR', 'Комунальне некомерційне підприємство \"Консультативно-діагностичний центр\" Шевченківського району міста Києва', NULL),
('52859636', 'UA-EDR', 'ТОВ \"Щастячко\"', NULL),
('7415425609', 'UA-EDR', 'ПАТ \"Прайм-Банк\"', NULL),
('88888888', 'UA-EDR', 'Провайдер', NULL),
('99011002', 'UA-EDR', 'bidder 001', NULL),
('99900113', 'UA-EDR', 'bidder 3', NULL);

-- --------------------------------------------------------

--
-- Структура таблицы `api_items`
--

CREATE TABLE `api_items` (
  `unique_id` int(11) NOT NULL,
  `id` varchar(255) COLLATE utf8_unicode_ci NOT NULL,
  `auction_id` varchar(35) COLLATE utf8_unicode_ci NOT NULL,
  `api_auction_id` varchar(35) COLLATE utf8_unicode_ci DEFAULT NULL,
  `description` text COLLATE utf8_unicode_ci NOT NULL,
  `classification_id` varchar(25) COLLATE utf8_unicode_ci NOT NULL,
  `unit_code` varchar(25) COLLATE utf8_unicode_ci NOT NULL,
  `unit_name` varchar(255) COLLATE utf8_unicode_ci DEFAULT NULL,
  `quantity` int(15) NOT NULL,
  `address_postalCode` varchar(25) COLLATE utf8_unicode_ci DEFAULT NULL,
  `address_countryName` varchar(255) COLLATE utf8_unicode_ci DEFAULT NULL,
  `address_streetAddress` varchar(255) COLLATE utf8_unicode_ci DEFAULT NULL,
  `address_region` varchar(255) COLLATE utf8_unicode_ci DEFAULT NULL,
  `address_locality` text COLLATE utf8_unicode_ci,
  `location_latitude` float DEFAULT NULL,
  `location_longitude` float DEFAULT NULL,
  `relatedLot` varchar(255) COLLATE utf8_unicode_ci DEFAULT NULL,
  `created_at` int(11) DEFAULT NULL,
  `updated_at` int(11) DEFAULT NULL
) ENGINE=InnoDB DEFAULT CHARSET=utf8 COLLATE=utf8_unicode_ci;

--
-- Дамп данных таблицы `api_items`
--

INSERT INTO `api_items` (`unique_id`, `id`, `auction_id`, `api_auction_id`, `description`, `classification_id`, `unit_code`, `unit_name`, `quantity`, `address_postalCode`, `address_countryName`, `address_streetAddress`, `address_region`, `address_locality`, `location_latitude`, `location_longitude`, `relatedLot`, `created_at`, `updated_at`) VALUES
(1, '3e169768b47d45cf92ceb55e7305e84a', '', '81', 'i-f7f3c86f: Застава - Земельні ділянки', '07223000-8', 'E48', 'послуга', 55, NULL, NULL, NULL, NULL, NULL, NULL, NULL, NULL, 1508320008, 1508320008),
(2, '7fb20af6acfa4627844c5df965bc0625', '', '81', 'i-5c73144f: Кредити Юридичних осіб заставні', '07120000-6', 'E48', 'послуга', 42, NULL, NULL, NULL, NULL, NULL, NULL, NULL, NULL, 1508320008, 1508320008),
(3, '1d3d0c39e362448ba5555d1f8292b577', '', '81', 'i-ee3f6119: Кредити Юридичних осіб беззаставні', '07110000-3', 'E48', 'послуга', 57, NULL, NULL, NULL, NULL, NULL, NULL, NULL, NULL, 1508320008, 1508320008),
(4, 'aca6e5c75c1143f5a82ff13a89d65db7', '', '82', 'i-9b4113d3: Кредити Юридичних осіб беззаставні', '07110000-3', 'E48', 'послуга', 57, NULL, NULL, NULL, NULL, NULL, NULL, NULL, NULL, 1508320009, 1508320009),
(5, '60dac391f8364403a0f4f29d1cd473de', '', '82', 'i-01b766a9: Кредити Юридичних осіб', '07100000-0', 'E48', 'послуга', 50, NULL, NULL, NULL, NULL, NULL, NULL, NULL, NULL, 1508320009, 1508320009),
(6, 'ffe91db4468c4eb5a9e464b8e7139481', '', '82', 'i-18d037c1: Кредити Юридичних осіб', '07100000-0', 'E48', 'послуга', 46, NULL, NULL, NULL, NULL, NULL, NULL, NULL, NULL, 1508320009, 1508320009),
(7, 'c85bec7ef7074230972060d1b686debe', '', '83', 'i-e5f29233: Права вимоги за кредитними договорами', '07000000-9', 'E48', 'послуга', 41, NULL, NULL, NULL, NULL, NULL, NULL, NULL, NULL, 1508320009, 1508320009),
(8, '0e056b24d2944c038821e725d2d64f9b', '', '83', 'i-5f15bfee: Кредити Юридичних осіб', '07100000-0', 'E48', 'послуга', 45, NULL, NULL, NULL, NULL, NULL, NULL, NULL, NULL, 1508320009, 1508320009),
(9, 'dc6bfba1096244308afabe5a3309550d', '', '83', 'i-fa2e8b99: Права вимоги за кредитними договорами', '07000000-9', 'E48', 'послуга', 48, NULL, NULL, NULL, NULL, NULL, NULL, NULL, NULL, 1508320009, 1508320009),
(10, '8579cf816a1e4c1fa6641771adb53b10', '', '84', 'i-a4817b48: Застава - Земельні ділянки', '07223000-8', 'E48', 'послуга', 57, NULL, NULL, NULL, NULL, NULL, NULL, NULL, NULL, 1508320010, 1508320010),
(11, '75e8359f0b564c16914928f939f597e8', '', '84', 'i-f4732755: Кредити Юридичних осіб заставні', '07120000-6', 'E48', 'послуга', 42, NULL, NULL, NULL, NULL, NULL, NULL, NULL, NULL, 1508320010, 1508320010),
(12, '029add7cf6ea475f9b690a3a73c70c5b', '', '84', 'i-b792e873: Кредити Юридичних осіб', '07100000-0', 'E48', 'послуга', 42, NULL, NULL, NULL, NULL, NULL, NULL, NULL, NULL, 1508320010, 1508320010),
(13, 'e13f5d738bf340f39d920e58a74cd29f', '', '85', 'i-cec4a6bb: Кредити Юридичних осіб', '07100000-0', 'E48', 'послуга', 52, NULL, NULL, NULL, NULL, NULL, NULL, NULL, NULL, 1508320010, 1508320010),
(14, 'f70223f37d06422eb6c9d18f167e00b2', '', '85', 'i-f25476aa: Кредити Юридичних осіб', '07100000-0', 'E48', 'послуга', 44, NULL, NULL, NULL, NULL, NULL, NULL, NULL, NULL, 1508320010, 1508320010),
(15, '51322ed5c8714ea3a3abb10e70043e80', '', '85', 'i-a8690db6: Кредити Юридичних осіб заставні', '07120000-6', 'E48', 'послуга', 42, NULL, NULL, NULL, NULL, NULL, NULL, NULL, NULL, 1508320010, 1508320010),
(16, 'c41ff037cb264f709758293d418377f9', '', '86', 'i-59fc1463: Кредити Юридичних осіб заставні', '07120000-6', 'E48', 'послуга', 49, NULL, NULL, NULL, NULL, NULL, NULL, NULL, NULL, 1508320011, 1508320011),
(17, '579d971efb084092b5e2c9d2097b528c', '', '86', 'i-7bc5891a: Права вимоги за кредитними договорами', '07000000-9', 'E48', 'послуга', 57, NULL, NULL, NULL, NULL, NULL, NULL, NULL, NULL, 1508320011, 1508320011),
(18, '4c96d080cb5f4fd6a046bdd3e4d4df65', '', '86', 'i-b6b8f556: Кредити Юридичних осіб', '07100000-0', 'E48', 'послуга', 42, NULL, NULL, NULL, NULL, NULL, NULL, NULL, NULL, 1508320011, 1508320011),
(19, '4a75aeca4170438baf907a7c9c67e5de', '', '87', 'i-30abbd52: Кредити Юридичних осіб беззаставні', '07110000-3', 'E48', 'послуга', 52, NULL, NULL, NULL, NULL, NULL, NULL, NULL, NULL, 1508320011, 1508320011),
(20, '8e5706dd70df4913b1a7ad832cd7dc72', '', '87', 'i-31adc5ad: Кредити Юридичних осіб беззаставні', '07110000-3', 'E48', 'послуга', 51, NULL, NULL, NULL, NULL, NULL, NULL, NULL, NULL, 1508320011, 1508320011),
(21, '1abdf7867fd4406f8bffd7cff1f4db12', '', '87', 'i-ba079b64: Кредити Юридичних осіб заставні', '07120000-6', 'E48', 'послуга', 48, NULL, NULL, NULL, NULL, NULL, NULL, NULL, NULL, 1508320011, 1508320011),
(22, '06f7b375b94b499b9b7c2d368091c78d', '', '88', 'i-c24fe53d: Кредити Юридичних осіб заставні', '07120000-6', 'E48', 'послуга', 41, NULL, NULL, NULL, NULL, NULL, NULL, NULL, NULL, 1508320012, 1508320012),
(23, 'ccfbbee7c52347278dc586754dd60ca0', '', '88', 'i-597ff404: Застава - Земельні ділянки', '07223000-8', 'E48', 'послуга', 53, NULL, NULL, NULL, NULL, NULL, NULL, NULL, NULL, 1508320012, 1508320012),
(24, 'f4f6e29899d742c2b83f49be12ecbec3', '', '88', 'i-2b472a25: Застава - Земельні ділянки', '07223000-8', 'E48', 'послуга', 54, NULL, NULL, NULL, NULL, NULL, NULL, NULL, NULL, 1508320012, 1508320012),
(25, '9c28b41a5da448d0b31ff16d12a383cb', '', '89', 'i-588e4de3: Кредити Юридичних осіб заставні', '07120000-6', 'E48', 'послуга', 45, NULL, NULL, NULL, NULL, NULL, NULL, NULL, NULL, 1508320012, 1508320012),
(26, 'fb4a1c5150ca41119fb850e07eed64c6', '', '89', 'i-51099337: Кредити Юридичних осіб беззаставні', '07110000-3', 'E48', 'послуга', 52, NULL, NULL, NULL, NULL, NULL, NULL, NULL, NULL, 1508320012, 1508320012),
(27, 'de9a17fa32fb416eac80454000651b9e', '', '89', 'i-5937f3b2: Права вимоги за кредитними договорами', '07000000-9', 'E48', 'послуга', 59, NULL, NULL, NULL, NULL, NULL, NULL, NULL, NULL, 1508320012, 1508320012),
(28, '982b5a82d2ca45259eec895dfdb89c3c', '', '90', 'i-37915011: Застава - Земельні ділянки', '07223000-8', 'E48', 'послуга', 44, NULL, NULL, NULL, NULL, NULL, NULL, NULL, NULL, 1508320013, 1508320013),
(29, 'fcddf541746e495288f9d17e12dc2491', '', '90', 'i-3febd4ed: Кредити Юридичних осіб беззаставні', '07110000-3', 'E48', 'послуга', 46, NULL, NULL, NULL, NULL, NULL, NULL, NULL, NULL, 1508320013, 1508320013),
(30, 'bf61f66ec97b496bb18968b3b95131a4', '', '90', 'i-0615547b: Кредити Юридичних осіб', '07100000-0', 'E48', 'послуга', 53, NULL, NULL, NULL, NULL, NULL, NULL, NULL, NULL, 1508320013, 1508320013),
(31, 'a5e77d18e6d84e79bc4fd0a023d0071f', '', '91', 'i-1ae0ca0d: Права вимоги за кредитними договорами', '07000000-9', 'E48', 'послуга', 54, NULL, NULL, NULL, NULL, NULL, NULL, NULL, NULL, 1508320013, 1508320013),
(32, '7d63a5d448c14ec79e0cfc702cc017d8', '', '91', 'i-d6b937dc: Кредити Юридичних осіб заставні', '07120000-6', 'E48', 'послуга', 50, NULL, NULL, NULL, NULL, NULL, NULL, NULL, NULL, 1508320013, 1508320013),
(33, 'e15632ed76044827be3e48066f40b8d6', '', '91', 'i-7c6582f6: Кредити Юридичних осіб', '07100000-0', 'E48', 'послуга', 59, NULL, NULL, NULL, NULL, NULL, NULL, NULL, NULL, 1508320013, 1508320013),
(34, '0116589541574782b125ced2e4c00735', '', '92', 'i-a8f586ab: Кредити Юридичних осіб заставні', '07120000-6', 'E48', 'послуга', 58, NULL, NULL, NULL, NULL, NULL, NULL, NULL, NULL, 1508320014, 1508320014),
(35, '3086654e7e6a4416addcaff9c883b3ce', '', '92', 'i-278a1a6e: Кредити Юридичних осіб заставні', '07120000-6', 'E48', 'послуга', 42, NULL, NULL, NULL, NULL, NULL, NULL, NULL, NULL, 1508320014, 1508320014),
(36, '3c45115c71a645608e05b14b4abe66cd', '', '92', 'i-2e51abb1: Застава - Земельні ділянки', '07223000-8', 'E48', 'послуга', 59, NULL, NULL, NULL, NULL, NULL, NULL, NULL, NULL, 1508320014, 1508320014),
(37, 'a6f132cb821247a185e850e246a95410', '', '93', 'i-8699a22f: Права вимоги за кредитними договорами', '07000000-9', 'E48', 'послуга', 59, NULL, NULL, NULL, NULL, NULL, NULL, NULL, NULL, 1508320014, 1508320014),
(38, 'd7a735ee6c994c1bb1e9750c7e400b0c', '', '93', 'i-f9af4283: Кредити Юридичних осіб заставні', '07120000-6', 'E48', 'послуга', 51, NULL, NULL, NULL, NULL, NULL, NULL, NULL, NULL, 1508320014, 1508320014),
(39, '26622087455145d58e10a485849387bf', '', '93', 'i-2fd1e3b2: Кредити Юридичних осіб заставні', '07120000-6', 'E48', 'послуга', 48, NULL, NULL, NULL, NULL, NULL, NULL, NULL, NULL, 1508320014, 1508320014),
(40, 'c731e51f1faa4f6ea1166273341596cd', '', '94', 'i-e8e7b808: Права вимоги за кредитними договорами', '07000000-9', 'E48', 'послуга', 50, NULL, NULL, NULL, NULL, NULL, NULL, NULL, NULL, 1508320015, 1508320015),
(41, '71cb0c7f35564ca99bc3b275b463de00', '', '94', 'i-2395796f: Кредити Юридичних осіб заставні', '07120000-6', 'E48', 'послуга', 50, NULL, NULL, NULL, NULL, NULL, NULL, NULL, NULL, 1508320015, 1508320015),
(42, 'de76159dc4604828b9bf0425181518cb', '', '94', 'i-1cdba111: Кредити Юридичних осіб', '07100000-0', 'E48', 'послуга', 46, NULL, NULL, NULL, NULL, NULL, NULL, NULL, NULL, 1508320015, 1508320015),
(43, 'e73ef0f3735440c692d8786f86efd07c', '', '95', 'i-1e343927: Кредити Юридичних осіб беззаставні', '07110000-3', 'E48', 'послуга', 46, NULL, NULL, NULL, NULL, NULL, NULL, NULL, NULL, 1508320015, 1508320015),
(44, '2176f160c12b4c6b804a1a75f06c7d80', '', '95', 'i-8b95fcba: Права вимоги за кредитними договорами', '07000000-9', 'E48', 'послуга', 43, NULL, NULL, NULL, NULL, NULL, NULL, NULL, NULL, 1508320015, 1508320015),
(45, '6563f98133e945ab9cacc325688c8d6d', '', '95', 'i-d9f329c2: Кредити Юридичних осіб', '07100000-0', 'E48', 'послуга', 55, NULL, NULL, NULL, NULL, NULL, NULL, NULL, NULL, 1508320015, 1508320015),
(46, '3b440175dc8c45ec8719d0b255cfb2b9', '', '96', 'i-b34e408b: Кредити Юридичних осіб беззаставні', '07110000-3', 'E48', 'послуга', 41, NULL, NULL, NULL, NULL, NULL, NULL, NULL, NULL, 1508320016, 1508320016),
(47, 'bab56ee711b84add9879c581695c6db5', '', '96', 'i-6def6f23: Права вимоги за кредитними договорами', '07000000-9', 'E48', 'послуга', 44, NULL, NULL, NULL, NULL, NULL, NULL, NULL, NULL, 1508320016, 1508320016),
(48, 'a9e4d66a25924a808e730532c3cf8932', '', '96', 'i-6d64763d: Кредити Юридичних осіб заставні', '07120000-6', 'E48', 'послуга', 51, NULL, NULL, NULL, NULL, NULL, NULL, NULL, NULL, 1508320016, 1508320016),
(49, '8396a12aa6004f23b308ab89c9afeaa7', '', '97', 'i-48c979f2: Кредити Юридичних осіб беззаставні', '07110000-3', 'E48', 'послуга', 52, NULL, NULL, NULL, NULL, NULL, NULL, NULL, NULL, 1508320016, 1508320016),
(50, '21e533f58d464cfca48124652e3597c1', '', '97', 'i-e23a4e25: Кредити Юридичних осіб', '07100000-0', 'E48', 'послуга', 45, NULL, NULL, NULL, NULL, NULL, NULL, NULL, NULL, 1508320016, 1508320016),
(51, '6619e0437ca04c51adb0b912bc208e73', '', '97', 'i-a7ad89c1: Права вимоги за кредитними договорами', '07000000-9', 'E48', 'послуга', 55, NULL, NULL, NULL, NULL, NULL, NULL, NULL, NULL, 1508320016, 1508320016),
(52, 'e9a182ce3fe84e939712fa576c8568d8', '', '98', 'i-aab5c6d0: Застава - Земельні ділянки', '07223000-8', 'E48', 'послуга', 48, NULL, NULL, NULL, NULL, NULL, NULL, NULL, NULL, 1508320017, 1508320017),
(53, '62621571dd054188b6ef177b28d0593f', '', '98', 'i-1bccb7d0: Кредити Юридичних осіб заставні', '07120000-6', 'E48', 'послуга', 55, NULL, NULL, NULL, NULL, NULL, NULL, NULL, NULL, 1508320017, 1508320017),
(54, '427419bb475a4915a9ac99337aabc828', '', '98', 'i-4100a753: Права вимоги за кредитними договорами', '07000000-9', 'E48', 'послуга', 43, NULL, NULL, NULL, NULL, NULL, NULL, NULL, NULL, 1508320017, 1508320017),
(55, 'da1e490aa5807f48947d928e858fba65', '', '99', 'Актив# 1', '34000000-7', 'MTR', 'метри', 234, '02217', 'Україна', 'Закревського 39, 40', 'Львівська', 'Київ', NULL, NULL, NULL, 1508320017, 1508320017),
(56, '20eec48255ba4745830e473344ae97d5', '', '100', 'i-9d7fdd5c: Кредити Юридичних осіб заставні', '07120000-6', 'E48', 'послуга', 57, NULL, NULL, NULL, NULL, NULL, NULL, NULL, NULL, 1508320018, 1508320018),
(57, '340b265ede9f466d90b0fb668604128d', '', '100', 'i-bb0cc9ad: Права вимоги за кредитними договорами', '07000000-9', 'E48', 'послуга', 41, NULL, NULL, NULL, NULL, NULL, NULL, NULL, NULL, 1508320018, 1508320018),
(58, '5e52ea5e560f4c01b58754dee71c4e27', '', '100', 'i-58683b17: Кредити Юридичних осіб беззаставні', '07110000-3', 'E48', 'послуга', 59, NULL, NULL, NULL, NULL, NULL, NULL, NULL, NULL, 1508320018, 1508320018),
(59, '858ee47d9ccf4e24bd37f81e5813d32a', '', '101', 'i-400b095a: Кредити Юридичних осіб', '07100000-0', 'E48', 'послуга', 49, NULL, NULL, NULL, NULL, NULL, NULL, NULL, NULL, 1508320018, 1508320018),
(60, '02654e7eb62d4853a3dfc32bc6b9dc31', '', '101', 'i-38088435: Кредити Юридичних осіб беззаставні', '07110000-3', 'E48', 'послуга', 56, NULL, NULL, NULL, NULL, NULL, NULL, NULL, NULL, 1508320018, 1508320018),
(61, '47c381738af04718815a5ef0b02a2190', '', '101', 'i-e7722454: Застава - Земельні ділянки', '07223000-8', 'E48', 'послуга', 48, NULL, NULL, NULL, NULL, NULL, NULL, NULL, NULL, 1508320018, 1508320018),
(62, 'c2d4040b511f7e31dd5140810006e17c', '', '102', 'Актив#1111', '07000000-9', 'MON', 'місяць', 3, '23433', 'Україна', 'esfsef23', 'Донецька', 'fsfsef', NULL, NULL, NULL, 1508320019, 1508320019);

-- --------------------------------------------------------

--
-- Структура таблицы `api_items_classifications`
--

CREATE TABLE `api_items_classifications` (
  `id` int(11) NOT NULL,
  `item_id` int(11) NOT NULL,
  `classification_id` varchar(25) COLLATE utf8_unicode_ci NOT NULL
) ENGINE=InnoDB DEFAULT CHARSET=utf8 COLLATE=utf8_unicode_ci;

-- --------------------------------------------------------

--
-- Структура таблицы `api_lot_values`
--

CREATE TABLE `api_lot_values` (
  `id` int(11) NOT NULL,
  `value_amount` decimal(15,2) NOT NULL,
  `value_currency` text COLLATE utf8_unicode_ci NOT NULL,
  `value_valueAddedTaxIncluded` tinyint(1) NOT NULL,
  `relatedLot` varchar(255) COLLATE utf8_unicode_ci NOT NULL,
  `date` varchar(35) COLLATE utf8_unicode_ci NOT NULL,
  `participationUrl` varchar(255) COLLATE utf8_unicode_ci NOT NULL,
  `created_at` int(11) NOT NULL,
  `updated_at` int(11) NOT NULL
) ENGINE=InnoDB DEFAULT CHARSET=utf8 COLLATE=utf8_unicode_ci;

-- --------------------------------------------------------

--
-- Структура таблицы `api_organizations`
--

CREATE TABLE `api_organizations` (
  `id` varchar(255) COLLATE utf8_unicode_ci DEFAULT NULL,
  `unique_id` int(13) NOT NULL,
  `user_id` int(11) DEFAULT NULL,
  `name` varchar(255) COLLATE utf8_unicode_ci NOT NULL,
  `kind` varchar(25) COLLATE utf8_unicode_ci DEFAULT NULL,
  `address_postalCode` varchar(25) COLLATE utf8_unicode_ci DEFAULT NULL,
  `address_countryName` varchar(255) COLLATE utf8_unicode_ci NOT NULL,
  `address_streetAddress` varchar(255) COLLATE utf8_unicode_ci DEFAULT NULL,
  `address_region` varchar(255) COLLATE utf8_unicode_ci DEFAULT NULL,
  `address_locality` varchar(255) COLLATE utf8_unicode_ci DEFAULT NULL,
  `contactPoint_name` varchar(255) COLLATE utf8_unicode_ci NOT NULL,
  `contactPoint_email` varchar(255) COLLATE utf8_unicode_ci DEFAULT NULL,
  `contactPoint_telephone` varchar(255) COLLATE utf8_unicode_ci DEFAULT NULL,
  `contactPoint_faxNumber` varchar(255) COLLATE utf8_unicode_ci DEFAULT NULL,
  `identifier_id` varchar(25) COLLATE utf8_unicode_ci DEFAULT NULL,
  `created_at` int(11) DEFAULT NULL,
  `updated_at` int(11) DEFAULT NULL
) ENGINE=InnoDB DEFAULT CHARSET=utf8 COLLATE=utf8_unicode_ci;

--
-- Дамп данных таблицы `api_organizations`
--

INSERT INTO `api_organizations` (`id`, `unique_id`, `user_id`, `name`, `kind`, `address_postalCode`, `address_countryName`, `address_streetAddress`, `address_region`, `address_locality`, `contactPoint_name`, `contactPoint_email`, `contactPoint_telephone`, `contactPoint_faxNumber`, `identifier_id`, `created_at`, `updated_at`) VALUES
(NULL, 285, NULL, 'React Logic Agency', NULL, NULL, 'Україна', 'e;fdlcekijm[', 'Вінницька область', 'Киев', 'Витренко Вячеслав', 'admin@react-logic.com', '+380663564463', '', '2147483647', 1500469621, 1500469621),
(NULL, 3552, 7, 'React Logic', NULL, '34059874', 'Україна', ';weklfdjebn\'kjb', 'Полтавська область', 'Полтава', 'В\'ячеслав Вітренко', NULL, '+380663564463', NULL, '3355908835', 1501506838, 1504858142),
(NULL, 3553, 7, 'React Logic', NULL, '34059874', 'Україна', ';weklfdjebn\'kjb', 'Донецька область', 'Полтава', 'Витренко Вячеслав', NULL, '+38(066)-356-44-63', NULL, '2147483647', 1501506844, 1501506844),
(NULL, 3554, 7, 'React Logic', NULL, '34059874', 'Україна', ';weklfdjebn\'kjb', 'Донецька область', 'Полтава', 'Витренко Вячеслав', NULL, '+38(066)-356-44-63', NULL, '2147483647', 1501506847, 1501506847),
(NULL, 3555, 7, 'React Logic', NULL, '34059874', 'Україна', ';weklfdjebn\'kjb', 'Донецька область', 'Полтава', 'Витренко Вячеслав', NULL, '+38(066)-356-44-63', NULL, '2147483647', 1501506888, 1501506888),
(NULL, 3556, 7, 'React Logic', NULL, '34059874', 'Україна', ';weklfdjebn\'kjb', 'Донецька область', 'Полтава', 'Витренко Вячеслав', NULL, '+38(066)-356-44-63', NULL, '2147483647', 1501506908, 1501506908),
(NULL, 3557, 7, 'React Logic', NULL, '34059874', 'Україна', ';weklfdjebn\'kjb', 'Донецька область', 'Полтава', 'Витренко Вячеслав', NULL, '+380663564463', NULL, '2147483647', 1501507039, 1501507039),
(NULL, 3558, 7, 'React Logic', NULL, '34059874', 'Україна', ';weklfdjebn\'kjb', 'Донецька область', 'Полтава', 'Витренко Вячеслав', NULL, '+380663564463', NULL, '2147483647', 1501507043, 1501507043),
(NULL, 5064, 41, 'React Logic', NULL, '34059874', 'Україна', NULL, 'Полтавська область', 'Полтава', 'В\'ячеслав Вітренко', NULL, '+380663564463', NULL, '3355908836', 1502470001, 1502470001),
(NULL, 5271, 44, 'React Logic', NULL, '34059874', 'Україна', NULL, 'Полтавська область', 'Полтава', 'В\'ячеслав Вітренко', NULL, '+380663564463', NULL, '3355908835', 1503162469, 1503162469),
(NULL, 5414, 45, 'React Logic', NULL, '34059874', 'Україна', NULL, 'Полтавська область', 'Полтава', 'В\'ячеслав Вітренко', NULL, '+380663564463', NULL, '3355908835', 1504857215, 1504857215);

-- --------------------------------------------------------

--
-- Структура таблицы `api_organizations_identifiers`
--

CREATE TABLE `api_organizations_identifiers` (
  `id` int(11) NOT NULL,
  `organization_id` int(11) NOT NULL,
  `identifier_id` int(11) NOT NULL
) ENGINE=InnoDB DEFAULT CHARSET=utf8 COLLATE=utf8_unicode_ci;

-- --------------------------------------------------------

--
-- Структура таблицы `api_questions`
--

CREATE TABLE `api_questions` (
  `unique_id` int(11) NOT NULL,
  `id` varchar(255) COLLATE utf8_unicode_ci DEFAULT NULL,
  `author_id` int(11) NOT NULL,
  `title` varchar(255) COLLATE utf8_unicode_ci NOT NULL,
  `description` text COLLATE utf8_unicode_ci NOT NULL,
  `date` varchar(35) COLLATE utf8_unicode_ci NOT NULL,
  `dateAnswered` varchar(35) COLLATE utf8_unicode_ci NOT NULL,
  `answer` text COLLATE utf8_unicode_ci NOT NULL,
  `questionOf` varchar(25) COLLATE utf8_unicode_ci NOT NULL,
  `relatedItem` varchar(255) COLLATE utf8_unicode_ci NOT NULL,
  `created_at` int(11) DEFAULT NULL,
  `updated_at` int(11) DEFAULT NULL
) ENGINE=InnoDB DEFAULT CHARSET=utf8 COLLATE=utf8_unicode_ci;

-- --------------------------------------------------------

--
-- Структура таблицы `api_users_organizations`
--

CREATE TABLE `api_users_organizations` (
  `id` int(11) NOT NULL,
  `user_id` int(11) NOT NULL,
  `organization_id` int(11) NOT NULL
) ENGINE=InnoDB DEFAULT CHARSET=utf8 COLLATE=utf8_unicode_ci;

-- --------------------------------------------------------

--
-- Структура таблицы `auth_assignment`
--

CREATE TABLE `auth_assignment` (
  `item_name` varchar(64) COLLATE utf8_unicode_ci NOT NULL,
  `user_id` int(11) NOT NULL,
  `created_at` int(11) DEFAULT NULL
) ENGINE=InnoDB DEFAULT CHARSET=utf8 COLLATE=utf8_unicode_ci;

--
-- Дамп данных таблицы `auth_assignment`
--

INSERT INTO `auth_assignment` (`item_name`, `user_id`, `created_at`) VALUES
('admin', 6, 1485376893),
('member', 20, 1499423982),
('org', 22, 1499886090),
('member', 23, 1499955969),
('member', 24, 1500290128),
('org', 26, 1500376198),
('org', 27, 1500387854),
('member', 28, 1500388113),
('org', 29, 1500623765),
('org', 30, 1500642410),
('org', 31, 1500990172),
('org', 32, 1501074863),
('org', 33, 1501164718),
('org', 34, 1501504462),
('member', 36, 1501753880),
('org', 38, 1501851077),
('member', 39, 1501852577),
('org', 40, 1502107605),
('admin', 41, 1502469979),
('org', 42, 1502877502),
('org', 43, 1502960950),
('member', 44, 1503162453),
('member', 45, 1504857099);

-- --------------------------------------------------------

--
-- Структура таблицы `auth_item`
--

CREATE TABLE `auth_item` (
  `name` varchar(64) COLLATE utf8_unicode_ci NOT NULL,
  `type` int(11) NOT NULL,
  `description` text COLLATE utf8_unicode_ci,
  `rule_name` varchar(64) COLLATE utf8_unicode_ci DEFAULT NULL,
  `data` text COLLATE utf8_unicode_ci,
  `created_at` int(11) DEFAULT NULL,
  `updated_at` int(11) DEFAULT NULL
) ENGINE=InnoDB DEFAULT CHARSET=utf8 COLLATE=utf8_unicode_ci;

--
-- Дамп данных таблицы `auth_item`
--

INSERT INTO `auth_item` (`name`, `type`, `description`, `rule_name`, `data`, `created_at`, `updated_at`) VALUES
('admin', 1, '', NULL, '', NULL, NULL),
('member', 1, '', NULL, '', NULL, NULL),
('org', 1, '', NULL, '', NULL, NULL),
('watcher', 1, '', NULL, '', NULL, NULL);

-- --------------------------------------------------------

--
-- Структура таблицы `auth_item_child`
--

CREATE TABLE `auth_item_child` (
  `parent` varchar(64) COLLATE utf8_unicode_ci NOT NULL,
  `child` varchar(64) COLLATE utf8_unicode_ci NOT NULL
) ENGINE=InnoDB DEFAULT CHARSET=utf8 COLLATE=utf8_unicode_ci;

-- --------------------------------------------------------

--
-- Структура таблицы `auth_rule`
--

CREATE TABLE `auth_rule` (
  `name` varchar(64) COLLATE utf8_unicode_ci NOT NULL,
  `data` text COLLATE utf8_unicode_ci,
  `created_at` int(11) DEFAULT NULL,
  `updated_at` int(11) DEFAULT NULL
) ENGINE=InnoDB DEFAULT CHARSET=utf8 COLLATE=utf8_unicode_ci;

-- --------------------------------------------------------

--
-- Структура таблицы `categoriesblog`
--

CREATE TABLE `categoriesblog` (
  `id` int(11) NOT NULL,
  `title` varchar(100) NOT NULL,
  `title_ru` varchar(100) DEFAULT NULL,
  `description` varchar(255) NOT NULL,
  `description_ru` varchar(255) DEFAULT NULL,
  `key_words` varchar(255) NOT NULL,
  `key_words_ru` varchar(255) DEFAULT NULL,
  `slug` varchar(255) NOT NULL
) ENGINE=InnoDB DEFAULT CHARSET=utf8mb4;

--
-- Дамп данных таблицы `categoriesblog`
--

INSERT INTO `categoriesblog` (`id`, `title`, `title_ru`, `description`, `description_ru`, `key_words`, `key_words_ru`, `slug`) VALUES
(5, 'Новини', NULL, 'Описание', NULL, 'Ключевики', NULL, 'novini'),
(6, 'pro PROZZORO', 'о Прозорро', 'desc', 'русское описание', 'asc', 'русские ключи', 'pro-prozzoro');

-- --------------------------------------------------------

--
-- Структура таблицы `email_tasks`
--

CREATE TABLE `email_tasks` (
  `id` int(11) NOT NULL,
  `email` varchar(255) COLLATE utf8_unicode_ci NOT NULL,
  `message` text COLLATE utf8_unicode_ci NOT NULL,
  `process` tinyint(1) NOT NULL
) ENGINE=InnoDB DEFAULT CHARSET=utf8 COLLATE=utf8_unicode_ci;

--
-- Дамп данных таблицы `email_tasks`
--

INSERT INTO `email_tasks` (`id`, `email`, `message`, `process`) VALUES
(216, 'slava@mxuser.com', 'Аукціон успішно створено: <a href=\"http://etm.dev/lots/view?id=86037\">Переглянути створений аукціон</a>', 0),
(217, 'slava@react-logic.com', 'Ваш обліковий запис було підтверджено. Перейти до майданчика: <a href=\"http://etm.dev/user/login\">Перейти</a>', 0),
(218, 'uisceadmin@gmail.com', 'Створено нову заявку на участь в аукціоні. <a href=\"/bids/view?id=16305\">Переглянути</a>', 0),
(219, 'olga.khvorostyna@gmail.com', 'Аукціон успішно створено: <a href=\"http://etm.dev/lots/view?id=86060\">Переглянути створений аукціон</a>', 0),
(220, 'olga.khvorostyna@gmail.com', 'Аукціон успішно створено: <a href=\"http://etm.dev/lots/view?id=86065\">Переглянути створений аукціон</a>', 0),
(221, 'olga.khvorostyna@gmail.com', 'Аукціон успішно створено: <a href=\"http://etm.dev/lots/view?id=86066\">Переглянути створений аукціон</a>', 0),
(222, 'olga.khvorostyna@gmail.com', 'Аукціон успішно створено: <a href=\"http://etm.dev/lots/view?id=86082\">Переглянути створений аукціон</a>', 0),
(223, 'olga.khvorostyna@gmail.com', 'Аукціон успішно створено: <a href=\"http://etm.dev/lots/view?id=86084\">Переглянути створений аукціон</a>', 0),
(224, 'olga.khvorostyna@gmail.com', 'Аукціон успішно створено: <a href=\"http://etm.dev/lots/view?id=86087\">Переглянути створений аукціон</a>', 0),
(225, 'olga.khvorostyna@gmail.com', 'Аукціон успішно створено: <a href=\"http://etm.dev/lots/view?id=44\">Переглянути створений аукціон</a>', 0),
(226, 'uisceadmin@gmail.com', 'Створено нову заявку на участь в аукціоні. <a href=\"/bids/view?id=1\">Переглянути</a>', 0),
(227, 'uisceadmin@gmail.com', 'Створено нову заявку на участь в аукціоні. <a href=\"/bids/view?id=2\">Переглянути</a>', 0),
(228, 'uisceadmin@gmail.com', 'Створено нову заявку на участь в аукціоні. <a href=\"/bids/view?id=3\">Переглянути</a>', 0),
(229, 'uisceadmin@gmail.com', 'Створено нову заявку на участь в аукціоні. <a href=\"/bids/view?id=4\">Переглянути</a>', 0),
(230, 'uisceadmin@gmail.com', 'Створено нову заявку на участь в аукціоні. <a href=\"/bids/view?id=5\">Переглянути</a>', 0),
(231, 'uisceadmin@gmail.com', 'Створено нову заявку на участь в аукціоні. <a href=\"/bids/view?id=6\">Переглянути</a>', 0),
(232, 'uisceadmin@gmail.com', 'Створено нову заявку на участь в аукціоні. <a href=\"/bids/view?id=7\">Переглянути</a>', 0),
(233, 'uisceadmin@gmail.com', 'Створено нову заявку на участь в аукціоні. <a href=\"/bids/view?id=8\">Переглянути</a>', 0),
(234, 'uisceadmin@gmail.com', 'Створено нову заявку на участь в аукціоні. <a href=\"/bids/view?id=9\">Переглянути</a>', 0),
(235, 'uisceadmin@gmail.com', 'Створено нову заявку на участь в аукціоні. <a href=\"/bids/view?id=10\">Переглянути</a>', 0),
(236, 'uisceadmin@gmail.com', 'Створено нову заявку на участь в аукціоні. <a href=\"/bids/view?id=11\">Переглянути</a>', 0),
(237, 'uisceadmin@gmail.com', 'Створено нову заявку на участь в аукціоні. <a href=\"/bids/view?id=12\">Переглянути</a>', 0),
(238, 'uisceadmin@gmail.com', 'Створено нову заявку на участь в аукціоні. <a href=\"/bids/view?id=13\">Переглянути</a>', 0),
(239, 'uisceadmin@gmail.com', 'Створено нову заявку на участь в аукціоні. <a href=\"/bids/view?id=14\">Переглянути</a>', 0),
(240, 'uisceadmin@gmail.com', 'Створено нову заявку на участь в аукціоні. <a href=\"/bids/view?id=15\">Переглянути</a>', 0),
(241, 'uisceadmin@gmail.com', 'Створено нову заявку на участь в аукціоні. <a href=\"/bids/view?id=16\">Переглянути</a>', 0),
(242, 'uisceadmin@gmail.com', 'Створено нову заявку на участь в аукціоні. <a href=\"/bids/view?id=17\">Переглянути</a>', 0),
(243, 'uisceadmin@gmail.com', 'Створено нову заявку на участь в аукціоні. <a href=\"/bids/view?id=18\">Переглянути</a>', 0),
(244, 'uisceadmin@gmail.com', 'Створено нову заявку на участь в аукціоні. <a href=\"/bids/view?id=19\">Переглянути</a>', 0),
(245, 'uisceadmin@gmail.com', 'Створено нову заявку на участь в аукціоні. <a href=\"/bids/view?id=20\">Переглянути</a>', 0),
(246, 'uisceadmin@gmail.com', 'Створено нову заявку на участь в аукціоні. <a href=\"/bids/view?id=21\">Переглянути</a>', 0),
(247, 'uisceadmin@gmail.com', 'Створено нову заявку на участь в аукціоні. <a href=\"/bids/view?id=22\">Переглянути</a>', 0),
(248, 'uisceadmin@gmail.com', 'Створено нову заявку на участь в аукціоні. <a href=\"/bids/view?id=23\">Переглянути</a>', 0),
(249, 'uisceadmin@gmail.com', 'Створено нову заявку на участь в аукціоні. <a href=\"/bids/view?id=24\">Переглянути</a>', 0),
(250, 'uisceadmin@gmail.com', 'Створено нову заявку на участь в аукціоні. <a href=\"/bids/view?id=25\">Переглянути</a>', 0),
(251, 'uisceadmin@gmail.com', 'Створено нову заявку на участь в аукціоні. <a href=\"/bids/view?id=26\">Переглянути</a>', 0),
(252, 'uisceadmin@gmail.com', 'Створено нову заявку на участь в аукціоні. <a href=\"/bids/view?id=27\">Переглянути</a>', 0),
(253, 'uisceadmin@gmail.com', 'Створено нову заявку на участь в аукціоні. <a href=\"/bids/view?id=28\">Переглянути</a>', 0),
(254, 'uisceadmin@gmail.com', 'Створено нову заявку на участь в аукціоні. <a href=\"/bids/view?id=29\">Переглянути</a>', 0),
(255, 'uisceadmin@gmail.com', 'Створено нову заявку на участь в аукціоні. <a href=\"/bids/view?id=30\">Переглянути</a>', 0),
(256, 'uisceadmin@gmail.com', 'Створено нову заявку на участь в аукціоні. <a href=\"/bids/view?id=31\">Переглянути</a>', 0),
(257, 'spot75.vk@gmail.com', 'Ви видалили свою ставку. <a href=\"http://etm.dev/bids\">Переглянути мої заявки</a>', 0),
(258, 'uisceadmin@gmail.com', 'Створено нову заявку на участь в аукціоні. <a href=\"/bids/view?id=32\">Переглянути</a>', 0),
(259, 'spot75.vk@gmail.com', 'Ви видалили свою ставку. <a href=\"http://etm.dev/bids\">Переглянути мої заявки</a>', 0),
(260, 'uisceadmin@gmail.com', 'Створено нову заявку на участь в аукціоні. <a href=\"/bids/view?id=33\">Переглянути</a>', 0),
(261, 'spot75.vk@gmail.com', 'Ви видалили свою ставку. <a href=\"http://etm.dev/bids\">Переглянути мої заявки</a>', 0),
(262, 'uisceadmin@gmail.com', 'Створено нову заявку на участь в аукціоні. <a href=\"/bids/view?id=34\">Переглянути</a>', 0),
(263, 'spot75.vk@gmail.com', 'Заявка на участь в аукціоні \"[ТЕСТУВАННЯ] Тестування\" оновлена. <a href=\"http://etm.dev/bids/view?id=34\">Переглянути</a>', 0),
(264, 'uisceadmin@gmail.com', 'Заявка на участь в аукціоні \"[ТЕСТУВАННЯ] Тестування\" оновлена. <a href=\"http://etm.dev/bids/view?id=34\">Переглянути</a>', 0),
(265, 'spot75.vk@gmail.com', 'Ви видалили свою ставку. <a href=\"http://etm.dev/bids\">Переглянути мої заявки</a>', 0),
(266, 'uisceadmin@gmail.com', 'Створено нову заявку на участь в аукціоні. <a href=\"/bids/view?id=35\">Переглянути</a>', 0),
(267, 'spot75.vk@gmail.com', 'Заявка на участь в аукціоні \"[ТЕСТУВАННЯ] Тестування\" оновлена. <a href=\"http://etm.dev/bids/view?id=35\">Переглянути</a>', 0),
(268, 'uisceadmin@gmail.com', 'Заявка на участь в аукціоні \"[ТЕСТУВАННЯ] Тестування\" оновлена. <a href=\"http://etm.dev/bids/view?id=35\">Переглянути</a>', 0),
(269, 'spot75.vk@gmail.com', 'Ви видалили свою ставку. <a href=\"http://etm.dev/bids\">Переглянути мої заявки</a>', 0),
(270, 'uisceadmin@gmail.com', 'Створено нову заявку на участь в аукціоні. <a href=\"/bids/view?id=36\">Переглянути</a>', 0),
(271, 'olga.khvorostyna@gmail.com', 'Була подана нова заявка на ваш аукціон. <a href=\"/bids/view?id=36\">Переглянути</a>', 0),
(272, 'spot75.vk@gmail.com', 'Заявка на участь в аукціоні \"[ТЕСТУВАННЯ] Тестування\" створена. <a href=\"http://etm.dev/bids/view?id=36\">Переглянути</a>', 0),
(273, 'spot75.vk@gmail.com', 'Ваша заявка на участь в аукціоні \"[ТЕСТУВАННЯ] Тестування\" прийнята організатором аукціону. Вам буде надіслано повідомлення с посиланням для участі в аукціоні.', 0),
(274, 'spot75.vk@gmail.com', 'Ви видалили свою ставку. <a href=\"http://etm.dev/bids\">Переглянути мої заявки</a>', 0),
(275, 'uisceadmin@gmail.com', 'Створено нову заявку на участь в аукціоні. <a href=\"/bids/view?id=37\">Переглянути</a>', 0),
(276, 'spot75.vk@gmail.com', 'Заявка на участь в аукціоні \"[ТЕСТУВАННЯ] Тестування\" оновлена. <a href=\"http://etm.dev/bids/view?id=37\">Переглянути</a>', 0),
(277, 'uisceadmin@gmail.com', 'Заявка на участь в аукціоні \"[ТЕСТУВАННЯ] Тестування\" оновлена. <a href=\"http://etm.dev/bids/view?id=37\">Переглянути</a>', 0),
(278, 'olga.khvorostyna@gmail.com', 'Була подана нова заявка на ваш аукціон. <a href=\"/bids/view?id=37\">Переглянути</a>', 0),
(279, 'spot75.vk@gmail.com', 'Заявка на участь в аукціоні \"[ТЕСТУВАННЯ] Тестування\" створена. <a href=\"http://etm.dev/bids/view?id=37\">Переглянути</a>', 0),
(280, 'spot75.vk@gmail.com', 'Ваша заявка на участь в аукціоні \"[ТЕСТУВАННЯ] Тестування\" прийнята організатором аукціону. Вам буде надіслано повідомлення с посиланням для участі в аукціоні.', 0),
(281, 'spot75.vk@gmail.com', 'Ви видалили свою ставку. <a href=\"http://etm.dev/bids\">Переглянути мої заявки</a>', 0),
(282, 'uisceadmin@gmail.com', 'Створено нову заявку на участь в аукціоні. <a href=\"/bids/view?id=38\">Переглянути</a>', 0),
(283, 'olga.khvorostyna@gmail.com', 'Аукціон успішно створено: <a href=\"http://etm.dev/lots/view?id=49\">Переглянути створений аукціон</a>', 0),
(284, 'olga.khvorostyna@gmail.com', 'Інформацію про аукціон успішно оновлено. : <a href=\"http://etm.dev/lots/view?id=49\">Переглянути створений аукціон</a>', 0),
(285, 'olga.khvorostyna@gmail.com', 'Аукціон успішно створено: <a href=\"http://etm.dev/lots/view?id=78\">Переглянути створений аукціон</a>', 0),
(286, 'olga.khvorostyna@gmail.com', 'Інформацію про аукціон успішно оновлено. : <a href=\"http://etm.dev/lots/view?id=78\">Переглянути створений аукціон</a>', 0),
(287, 'olga.khvorostyna@gmail.com', 'Інформацію про аукціон успішно оновлено. : <a href=\"http://etm.dev/lots/view?id=78\">Переглянути створений аукціон</a>', 0),
(288, 'olga.khvorostyna@gmail.com', 'Аукціон успішно створено: <a href=\"http://etm.dev/lots/view?id=80\">Переглянути створений аукціон</a>', 0),
(289, 'olga.khvorostyna@gmail.com', 'Інформацію про аукціон успішно оновлено. : <a href=\"http://etm.dev/lots/view?id=80\">Переглянути створений аукціон</a>', 0),
(290, 'olga.khvorostyna@gmail.com', 'Інформацію про аукціон успішно оновлено. : <a href=\"http://etm.dev/lots/view?id=80\">Переглянути створений аукціон</a>', 0),
(291, 'olga.khvorostyna@gmail.com', 'Інформацію про аукціон успішно оновлено. : <a href=\"http://etm.dev/lots/view?id=80\">Переглянути створений аукціон</a>', 0),
(292, 'olga.khvorostyna@gmail.com', 'Інформацію про аукціон успішно оновлено. : <a href=\"http://etm.dev/lots/view?id=80\">Переглянути створений аукціон</a>', 0),
(293, 'olga.khvorostyna@gmail.com', 'Інформацію про аукціон успішно оновлено. : <a href=\"http://etm.dev/lots/view?id=80\">Переглянути створений аукціон</a>', 0),
(294, 'olga.khvorostyna@gmail.com', 'Інформацію про аукціон успішно оновлено. : <a href=\"http://etm.dev/lots/view?id=80\">Переглянути створений аукціон</a>', 0),
(295, 'olga.khvorostyna@gmail.com', 'Інформацію про аукціон успішно оновлено. : <a href=\"http://etm.dev/lots/view?id=80\">Переглянути створений аукціон</a>', 0),
(296, 'olga.khvorostyna@gmail.com', 'Аукціон успішно створено: <a href=\"http://etm.dev/lots/view?id=140\">Переглянути створений аукціон</a>', 0),
(297, 'olga.khvorostyna@gmail.com', 'Інформацію про аукціон успішно оновлено. : <a href=\"http://etm.dev/lots/view?id=140\">Переглянути створений аукціон</a>', 0),
(298, 'olga.khvorostyna@gmail.com', 'Інформацію про аукціон успішно оновлено. : <a href=\"http://etm.dev/lots/view?id=140\">Переглянути створений аукціон</a>', 0),
(299, 'olga.khvorostyna@gmail.com', 'Інформацію про аукціон успішно оновлено. : <a href=\"http://etm.dev/lots/view?id=140\">Переглянути створений аукціон</a>', 0),
(300, 'olga.khvorostyna@gmail.com', 'Інформацію про аукціон успішно оновлено. : <a href=\"http://etm.dev/lots/view?id=140\">Переглянути створений аукціон</a>', 0),
(301, 'olga.khvorostyna@gmail.com', 'Інформацію про аукціон успішно оновлено. : <a href=\"http://etm.dev/lots/view?id=140\">Переглянути створений аукціон</a>', 0),
(302, 'olga.khvorostyna@gmail.com', 'Інформацію про аукціон успішно оновлено. : <a href=\"http://etm.dev/lots/view?id=140\">Переглянути створений аукціон</a>', 0),
(303, 'olga.khvorostyna@gmail.com', 'Інформацію про аукціон успішно оновлено. : <a href=\"http://etm.dev/lots/view?id=140\">Переглянути створений аукціон</a>', 0),
(304, 'supereva2011@ukr.net', 'Ваш обліковий запис було підтверджено. Перейти до майданчика: <a href=\"http://etm.dev/user/login\">Перейти</a>', 0),
(305, 'olga.khvorostyna@gmail.com', 'Ваш обліковий запис було підтверджено. Перейти до майданчика: <a href=\"http://etm.dev/user/login\">Перейти</a>', 0),
(306, 'uisceadmin@gmail.com', 'Створено нову заявку на участь в аукціоні. <a href=\"/bids/view?id=41\">Переглянути</a>', 0),
(307, 'supereva2011@ukr.net', 'Заявка на участь в аукціоні \"[ТЕСТУВАННЯ] Обліплювання подубнути.\" створена. <a href=\"http://etm.dev/bids/view?id=41\">Переглянути</a>', 0),
(308, 'supereva2011@ukr.net', 'Ваша заявка на участь в аукціоні \"[ТЕСТУВАННЯ] Обліплювання подубнути.\" прийнята організатором аукціону. Вам буде надіслано повідомлення с посиланням для участі в аукціоні.', 0),
(309, 'supereva2011@ukr.net', 'Заявка на участь в аукціоні \"[ТЕСТУВАННЯ] Обліплювання подубнути.\" оновлена. <a href=\"http://etm.dev/bids/view?id=41\">Переглянути</a>', 0),
(310, 'uisceadmin@gmail.com', 'Заявка на участь в аукціоні \"[ТЕСТУВАННЯ] Обліплювання подубнути.\" оновлена. <a href=\"http://etm.dev/bids/view?id=41\">Переглянути</a>', 0),
(311, 'spot75.vk@gmail.com', 'Аукціон завершився. Ви можете переглянути результати аукціону, перейшовши за посиланням: <a href=\"http://etm.dev/public/view?id=45\">Переглянути</a>', 0),
(312, 'olga.khvorostyna@gmail.com', 'Аукціон успішно створено: <a href=\"http://etm.dev/lots/view?id=477\">Переглянути створений аукціон</a>', 0),
(313, 'olga.khvorostyna@gmail.com', 'Аукціон успішно створено: <a href=\"http://etm.dev/lots/view?id=478\">Переглянути створений аукціон</a>', 0),
(314, 'uisceadmin@gmail.com', 'Створено нову заявку на участь в аукціоні. <a href=\"/bids/view?id=54\">Переглянути</a>', 0),
(315, 'olga.khvorostyna@gmail.com', 'Була подана нова заявка на ваш аукціон. <a href=\"/bids/view?id=54\">Переглянути</a>', 0),
(316, 'spot75.vk@gmail.com', 'Заявка на участь в аукціоні \"[ТЕСТУВАННЯ] [TESTING] Harum eveniet cupiditate deleniti.\" створена. <a href=\"http://etm.dev/bids/view?id=54\">Переглянути</a>', 0),
(317, 'spot75.vk@gmail.com', 'Ваша заявка на участь в аукціоні \"[ТЕСТУВАННЯ] [TESTING] Harum eveniet cupiditate deleniti.\" прийнята організатором аукціону. Вам буде надіслано повідомлення с посиланням для участі в аукціоні.', 0),
(318, 'spot75.vk@gmail.com', 'Аукціон завершився. Ви можете переглянути результати аукціону, перейшовши за посиланням: <a href=\"http://etm.dev/public/view?id=478\">Переглянути</a>', 0),
(319, 'olga.khvorostyna@gmail.com', 'Аукціон успішно створено: <a href=\"http://etm.dev/lots/view?id=643\">Переглянути створений аукціон</a>', 0),
(320, 'olga.khvorostyna@gmail.com', 'Інформацію про аукціон успішно оновлено. : <a href=\"http://etm.dev/lots/view?id=643\">Переглянути створений аукціон</a>', 0),
(321, 'olga.khvorostyna@gmail.com', 'Інформацію про аукціон успішно оновлено. : <a href=\"http://etm.dev/lots/view?id=643\">Переглянути створений аукціон</a>', 0),
(322, 'olga.khvorostyna@gmail.com', 'Інформацію про аукціон успішно оновлено. : <a href=\"http://etm.dev/lots/view?id=643\">Переглянути створений аукціон</a>', 0),
(323, 'olga.khvorostyna@gmail.com', 'Інформацію про аукціон успішно оновлено. : <a href=\"http://etm.dev/lots/view?id=643\">Переглянути створений аукціон</a>', 0),
(324, 'supereva2011@ukr.net', 'Аукціон \"[ТЕСТУВАННЯ] Обліплювання подубнути.\" розпочався. Ви можете взяти участь, перейшовши за посиланням: <a href=\"https://auction-sandbox.ea.openprocurement.org/auctions/1a502497d23047daa7a22fa5557b1dee/login?bidder_id=b611cd46ff1047e29917d31fcba6ab58&amp;hash=ad2cb9bb7eac0b2d7c40f6b1b298f403190d4c7a\">перейти</a>', 0),
(325, 'supereva2011@ukr.net', 'Проводиться кваліфікація переможця аукціону. Ви зайняли друге місце в аукціоні та можете не забирати гарантійний внесок на протязі 11-ти днів на випадок дискваліфікації першого кандидата.<a href=\"http://etm.dev/bids/view?id=41\">Переглянути</a>', 0),
(326, 'supereva2011@ukr.net', 'Аукціон завершився. Ви можете переглянути результати аукціону, перейшовши за посиланням: <a href=\"http://etm.dev/public/view?id=148\">Переглянути</a>', 0),
(327, 'olga.khvorostyna@gmail.com', 'Аукціон успішно створено: <a href=\"http://etm.dev/lots/view?id=645\">Переглянути створений аукціон</a>', 0),
(328, 'olga.khvorostyna@gmail.com', 'Аукціон успішно створено: <a href=\"http://etm.dev/lots/view?id=1239\">Переглянути створений аукціон</a>', 0),
(329, 'uisceadmin@gmail.com', 'Створено нову заявку на участь в аукціоні. <a href=\"/bids/view?id=691\">Переглянути</a>', 0),
(330, 'olga.khvorostyna@gmail.com', 'Була подана нова заявка на ваш аукціон. <a href=\"/bids/view?id=691\">Переглянути</a>', 0),
(331, 'spot75.vk@gmail.com', 'Заявка на участь в аукціоні \"[ТЕСТУВАННЯ] Прокормитися грішитель.\" створена. <a href=\"http://etm.dev/bids/view?id=691\">Переглянути</a>', 0),
(332, 'spot75.vk@gmail.com', 'Ваша заявка на участь в аукціоні \"[ТЕСТУВАННЯ] Прокормитися грішитель.\" прийнята організатором аукціону. Вам буде надіслано повідомлення с посиланням для участі в аукціоні.', 0),
(333, 'spot75.vk@gmail.com', 'Аукціон було скасовано. <a href=\"http://etm.dev/public/view/1302\">Переглянути скасований аукціон</a>', 0),
(334, 'spot75.vk@gmail.com', 'Аукціон <a href=\"http://etm.dev/public/view/1302\">[ТЕСТУВАННЯ] Прокормитися грішитель.</a> скасовано.', 0),
(335, 'olga.khvorostyna@gmail.com', 'Аукціон успішно скасовано. <a href=\"http://etm.dev/lots/view?id=1239\">Переглянути</a>', 0),
(336, 'spot75.vk@gmail.com', 'Аукціон завершився. Ви можете переглянути результати аукціону, перейшовши за посиланням: <a href=\"http://etm.dev/public/view?id=1302\">Переглянути</a>', 0),
(337, 'uisceadmin@gmail.com', 'Створено нову заявку на участь в аукціоні. <a href=\"/bids/view?id=852\">Переглянути</a>', 0),
(338, 'spot75.vk@gmail.com', 'Заявка на участь в аукціоні \"[ТЕСТУВАННЯ] Підсмажувати дрова дитинонька.\" створена. <a href=\"http://etm.dev/bids/view?id=852\">Переглянути</a>', 0),
(339, 'spot75.vk@gmail.com', 'Ваша заявка на участь в аукціоні \"[ТЕСТУВАННЯ] Підсмажувати дрова дитинонька.\" прийнята організатором аукціону. Вам буде надіслано повідомлення с посиланням для участі в аукціоні.', 0),
(340, 'spot75.vk@gmail.com', 'Заявка на участь в аукціоні \"[ТЕСТУВАННЯ] Підсмажувати дрова дитинонька.\" оновлена. <a href=\"http://etm.dev/bids/view?id=852\">Переглянути</a>', 0),
(341, 'uisceadmin@gmail.com', 'Заявка на участь в аукціоні \"[ТЕСТУВАННЯ] Підсмажувати дрова дитинонька.\" оновлена. <a href=\"http://etm.dev/bids/view?id=852\">Переглянути</a>', 0),
(342, 'spot75.vk@gmail.com', 'Заявка на участь в аукціоні \"[ТЕСТУВАННЯ] Підсмажувати дрова дитинонька.\" оновлена. <a href=\"http://etm.dev/bids/view?id=852\">Переглянути</a>', 0),
(343, 'uisceadmin@gmail.com', 'Заявка на участь в аукціоні \"[ТЕСТУВАННЯ] Підсмажувати дрова дитинонька.\" оновлена. <a href=\"http://etm.dev/bids/view?id=852\">Переглянути</a>', 0),
(344, 'spot75.vk@gmail.com', 'Аукціон завершився. Ви можете переглянути результати аукціону, перейшовши за посиланням: <a href=\"http://etm.dev/public/view?id=1618\">Переглянути</a>', 0),
(345, 'uisceadmin@gmail.com', 'Створено нову заявку на участь в аукціоні. <a href=\"/bids/view?id=857\">Переглянути</a>', 0),
(346, 'spot75.vk@gmail.com', 'Заявка на участь в аукціоні \"[ТЕСТУВАННЯ] Парастас лаверджет самоук поновини.\" створена. <a href=\"http://etm.dev/bids/view?id=857\">Переглянути</a>', 0),
(347, 'spot75.vk@gmail.com', 'Ваша заявка на участь в аукціоні \"[ТЕСТУВАННЯ] Парастас лаверджет самоук поновини.\" прийнята організатором аукціону. Вам буде надіслано повідомлення с посиланням для участі в аукціоні.', 0),
(348, 'spot75.vk@gmail.com', 'Заявка на участь в аукціоні \"[ТЕСТУВАННЯ] Парастас лаверджет самоук поновини.\" оновлена. <a href=\"http://etm.dev/bids/view?id=857\">Переглянути</a>', 0),
(349, 'uisceadmin@gmail.com', 'Заявка на участь в аукціоні \"[ТЕСТУВАННЯ] Парастас лаверджет самоук поновини.\" оновлена. <a href=\"http://etm.dev/bids/view?id=857\">Переглянути</a>', 0),
(350, 'spot75.vk@gmail.com', 'Ви видалили свою ставку. <a href=\"http://etm.dev/bids\">Переглянути мої заявки</a>', 0),
(351, 'uisceadmin@gmail.com', 'Створено нову заявку на участь в аукціоні. <a href=\"/bids/view?id=1753\">Переглянути</a>', 0),
(352, 'slavavitrenko@gmail.com', 'Заявка на участь в аукціоні \"Test\" створена. <a href=\"http://etm.dev/bids/view?id=1753\">Переглянути</a>', 0),
(353, 'slavavitrenko@gmail.com', 'Ваша заявка на участь в аукціоні \"Test\" прийнята організатором аукціону. Вам буде надіслано повідомлення с посиланням для участі в аукціоні.', 0),
(354, 'slavavitrenko@gmail.com', 'Заявка на участь в аукціоні \"Test\" оновлена. <a href=\"http://etm.dev/bids/view?id=1753\">Переглянути</a>', 0),
(355, 'uisceadmin@gmail.com', 'Заявка на участь в аукціоні \"Test\" оновлена. <a href=\"http://etm.dev/bids/view?id=1753\">Переглянути</a>', 0),
(356, 'slavavitrenko@gmail.com', 'Аукціон завершився. Ви можете переглянути результати аукціону, перейшовши за посиланням: <a href=\"http://etm.dev/public/view?id=3211\">Переглянути</a>', 0),
(357, 'uisceadmin@gmail.com', 'Створено нову заявку на участь в аукціоні. <a href=\"/bids/view?id=1757\">Переглянути</a>', 0),
(358, 'slavavitrenko@gmail.com', 'Заявка на участь в аукціоні \"Test\" оновлена. <a href=\"http://etm.dev/bids/view?id=1757\">Переглянути</a>', 0),
(359, 'uisceadmin@gmail.com', 'Заявка на участь в аукціоні \"Test\" оновлена. <a href=\"http://etm.dev/bids/view?id=1757\">Переглянути</a>', 0),
(360, 'slavavitrenko@gmail.com', 'Заявка на участь в аукціоні \"Test\" створена. <a href=\"http://etm.dev/bids/view?id=1757\">Переглянути</a>', 0),
(361, 'slavavitrenko@gmail.com', 'Ваша заявка на участь в аукціоні \"Test\" прийнята організатором аукціону. Вам буде надіслано повідомлення с посиланням для участі в аукціоні.', 0),
(362, 'slavavitrenko@gmail.com', 'Аукціон завершився. Ви можете переглянути результати аукціону, перейшовши за посиланням: <a href=\"http://etm.dev/public/view?id=3217\">Переглянути</a>', 0),
(363, 'uisceadmin@gmail.com', 'Створено нову заявку на участь в аукціоні. <a href=\"/bids/view?id=1760\">Переглянути</a>', 0),
(364, 'slavavitrenko@gmail.com', 'Заявка на участь в аукціоні \"Test\" створена. <a href=\"http://etm.dev/bids/view?id=1760\">Переглянути</a>', 0),
(365, 'slavavitrenko@gmail.com', 'Ваша заявка на участь в аукціоні \"Test\" прийнята організатором аукціону. Вам буде надіслано повідомлення с посиланням для участі в аукціоні.', 0),
(366, 'slavavitrenko@gmail.com', 'Заявка на участь в аукціоні \"Test\" оновлена. <a href=\"http://etm.dev/bids/view?id=1760\">Переглянути</a>', 0),
(367, 'uisceadmin@gmail.com', 'Заявка на участь в аукціоні \"Test\" оновлена. <a href=\"http://etm.dev/bids/view?id=1760\">Переглянути</a>', 0),
(368, 'slavavitrenko@gmail.com', 'Аукціон завершився. Ви можете переглянути результати аукціону, перейшовши за посиланням: <a href=\"http://etm.dev/public/view?id=3221\">Переглянути</a>', 0),
(369, 'slavavitrenko@gmail.com', 'Ваш обліковий запис було підтверджено. Перейти до майданчика: <a href=\"http://etm.dev/user/login\">Перейти</a>', 0);

-- --------------------------------------------------------

--
-- Структура таблицы `eventlog`
--

CREATE TABLE `eventlog` (
  `id` int(255) NOT NULL,
  `ip` varchar(20) COLLATE utf8_unicode_ci NOT NULL,
  `user_id` int(10) DEFAULT NULL,
  `auk_id` int(12) DEFAULT NULL,
  `action` varchar(255) COLLATE utf8_unicode_ci NOT NULL,
  `date` datetime NOT NULL
) ENGINE=InnoDB DEFAULT CHARSET=utf8 COLLATE=utf8_unicode_ci;

--
-- Дамп данных таблицы `eventlog`
--

INSERT INTO `eventlog` (`id`, `ip`, `user_id`, `auk_id`, `action`, `date`) VALUES
(1, '127.0.0.1', 45, NULL, 'Вийшов із системи', '2017-09-27 11:23:52');

-- --------------------------------------------------------

--
-- Структура таблицы `files`
--

CREATE TABLE `files` (
  `id` int(255) NOT NULL,
  `type` varchar(35) COLLATE utf8_unicode_ci DEFAULT NULL,
  `path` varchar(255) COLLATE utf8_unicode_ci NOT NULL,
  `name` varchar(100) COLLATE utf8_unicode_ci NOT NULL,
  `user_id` int(255) NOT NULL,
  `auction_id` int(255) DEFAULT NULL,
  `lot_id` int(255) DEFAULT NULL,
  `bid_id` int(11) DEFAULT NULL,
  `cancellation_id` int(11) DEFAULT NULL
) ENGINE=InnoDB DEFAULT CHARSET=utf8 COLLATE=utf8_unicode_ci;

-- --------------------------------------------------------

--
-- Структура таблицы `help`
--

CREATE TABLE `help` (
  `id` int(11) NOT NULL,
  `title` varchar(255) NOT NULL,
  `h1` varchar(255) NOT NULL,
  `short_text` text NOT NULL,
  `text` text NOT NULL,
  `description` varchar(255) NOT NULL,
  `key_words` varchar(255) NOT NULL,
  `cat_id` int(11) NOT NULL,
  `slug` varchar(255) DEFAULT NULL,
  `created_at` int(11) DEFAULT NULL
) ENGINE=InnoDB DEFAULT CHARSET=utf8mb4;

--
-- Дамп данных таблицы `help`
--

INSERT INTO `help` (`id`, `title`, `h1`, `short_text`, `text`, `description`, `key_words`, `cat_id`, `slug`, `created_at`) VALUES
(1, 'rth', 'rthrt', '<p>rth</p>\r\n', '<p>drh</p>\r\n', 'drth', 'drth', 1, 'drth', 34534),
(2, 'aergsaer', 'gaergaer', 'gaergae', 'aergaerg', 'aergaerg', 'aergaerg', 2, 'aergsaer', NULL),
(3, 'Назва тестового посту', 'Дуже гарний заголовок', '<p>Lorem ipsum dolor sit amet, graece propriae persecuti vis et. Saepe tation sea ei, ut decore voluptaria scripserit mea, an velit adipiscing vix. Dicta reprehendunt vix an. Dictas virtute nam at, in est invenire volutpat sapientem.</p>\r\n\r\n<p>Legere oblique luptatum has at, hinc liber percipit pro ei. Cu probo lorem eripuit vel, id eam eros neglegentur. Ea conceptam mediocritatem vis. Per ut sonet impetus incorrupte. Quot vituperata appellantur nec in.</p>\r\n\r\n<p>Pro sumo percipit ea, ad has porro dissentias. Utamur fabellas iudicabit nam ad, id vis quot exerci impedit, eam an etiam ludus eripuit. At corpora intellegam mel. Nibh augue mediocritatem vis ut.Debet dolorem commune pri te, eu vis dicat dicam verear, sed aliquid legendos ea. Et mei elitr voluptua reformidans, cu impetus luptatum conclusionemque qui, usu delenit placerat scribentur ei. Postea eirmod honestatis ad pro, cu sit rebum zril nominavi, quo mucius prompta te. Mei sumo antiopam eu, quidam mediocrem concludaturque eu sed. Vel ex noster antiopam.</p>\r\n', '<p>Lorem ipsum dolor sit amet, graece propriae persecuti vis et. Saepe tation sea ei, ut decore voluptaria scripserit mea, an velit adipiscing vix. Dicta reprehendunt vix an. Dictas virtute nam at, in est invenire volutpat sapientem.</p>\r\n\r\n<p>Legere oblique luptatum has at, hinc liber percipit pro ei. Cu probo lorem eripuit vel, id eam eros neglegentur. Ea conceptam mediocritatem vis. Per ut sonet impetus incorrupte. Quot vituperata appellantur nec in.</p>\r\n\r\n<p>Pro sumo percipit ea, ad has porro dissentias. Utamur fabellas iudicabit nam ad, id vis quot exerci impedit, eam an etiam ludus eripuit. At corpora intellegam mel. Nibh augue mediocritatem vis ut.</p>\r\n\r\n<p>Debet dolorem commune pri te, eu vis dicat dicam verear, sed aliquid legendos ea. Et mei elitr voluptua reformidans, cu impetus luptatum conclusionemque qui, usu delenit placerat scribentur ei. Postea eirmod honestatis ad pro, cu sit rebum zril nominavi, quo mucius prompta te. Mei sumo antiopam eu, quidam mediocrem concludaturque eu sed. Vel ex noster antiopam.</p>\r\n\r\n<p>Lorem ipsum dolor sit amet, graece propriae persecuti vis et. Saepe tation sea ei, ut decore voluptaria scripserit mea, an velit adipiscing vix. Dicta reprehendunt vix an. Dictas virtute nam at, in est invenire volutpat sapientem.</p>\r\n\r\n<p>Legere oblique luptatum has at, hinc liber percipit pro ei. Cu probo lorem eripuit vel, id eam eros neglegentur. Ea conceptam mediocritatem vis. Per ut sonet impetus incorrupte. Quot vituperata appellantur nec in.</p>\r\n\r\n<p>Pro sumo percipit ea, ad has porro dissentias. Utamur fabellas iudicabit nam ad, id vis quot exerci impedit, eam an etiam ludus eripuit. At corpora intellegam mel. Nibh augue mediocritatem vis ut.</p>\r\n\r\n<p>Debet dolorem commune pri te, eu vis dicat dicam verear, sed aliquid legendos ea. Et mei elitr voluptua reformidans, cu impetus luptatum conclusionemque qui, usu delenit placerat scribentur ei. Postea eirmod honestatis ad pro, cu sit rebum zril nominavi, quo mucius prompta te. Mei sumo antiopam eu, quidam mediocrem concludaturque eu sed. Vel ex noster antiopam.</p>\r\n\r\n<p>Lorem ipsum dolor sit amet, graece propriae persecuti vis et. Saepe tation sea ei, ut decore voluptaria scripserit mea, an velit adipiscing vix. Dicta reprehendunt vix an. Dictas virtute nam at, in est invenire volutpat sapientem.</p>\r\n\r\n<p>Legere oblique luptatum has at, hinc liber percipit pro ei. Cu probo lorem eripuit vel, id eam eros neglegentur. Ea conceptam mediocritatem vis. Per ut sonet impetus incorrupte. Quot vituperata appellantur nec in.</p>\r\n\r\n<p>Pro sumo percipit ea, ad has porro dissentias. Utamur fabellas iudicabit nam ad, id vis quot exerci impedit, eam an etiam ludus eripuit. At corpora intellegam mel. Nibh augue mediocritatem vis ut.</p>\r\n\r\n<p>Debet dolorem commune pri te, eu vis dicat dicam verear, sed aliquid legendos ea. Et mei elitr voluptua reformidans, cu impetus luptatum conclusionemque qui, usu delenit placerat scribentur ei. Postea eirmod honestatis ad pro, cu sit rebum zril nominavi, quo mucius prompta te. Mei sumo antiopam eu, quidam mediocrem concludaturque eu sed. Vel ex noster antiopam.</p>\r\n', 'Описание', 'Ключевые слова', 1, 'nazva-testovogo-postu', NULL);

-- --------------------------------------------------------

--
-- Структура таблицы `help_category`
--

CREATE TABLE `help_category` (
  `id` int(11) NOT NULL,
  `title` varchar(255) NOT NULL,
  `description` varchar(255) NOT NULL,
  `key_words` varchar(255) NOT NULL,
  `slug` varchar(255) DEFAULT NULL
) ENGINE=InnoDB DEFAULT CHARSET=utf8mb4;

--
-- Дамп данных таблицы `help_category`
--

INSERT INTO `help_category` (`id`, `title`, `description`, `key_words`, `slug`) VALUES
(1, 'Замовникам', 'desc123', 'key123', 'zamovnikam'),
(2, 'Постачальникам', 'desc', 'key', 'postachalnikam');

-- --------------------------------------------------------

--
-- Структура таблицы `help_video`
--

CREATE TABLE `help_video` (
  `id` int(11) NOT NULL,
  `link` varchar(255) NOT NULL,
  `cat_id` int(11) NOT NULL,
  `created_at` int(11) DEFAULT NULL
) ENGINE=InnoDB DEFAULT CHARSET=utf8mb4;

--
-- Дамп данных таблицы `help_video`
--

INSERT INTO `help_video` (`id`, `link`, `cat_id`, `created_at`) VALUES
(1, 'https://www.youtube.com/embed/rSwCs4lArYI?list=PLdyux-kfK1rWj5bRnX-QzOPwqA2u2ptKk', 1, 234),
(2, 'https://www.youtube.com/embed/khIe5-koE2U', 2, NULL),
(3, 'https://www.youtube.com/embed/khIe5-koE2U', 1, NULL),
(4, 'https://www.youtube.com/embed/khIe5-koE2U', 1, NULL),
(5, 'https://www.youtube.com/embed/khIe5-koE2U', 1, NULL);

-- --------------------------------------------------------

--
-- Структура таблицы `lots`
--

CREATE TABLE `lots` (
  `id` int(255) NOT NULL,
  `procurementMethodType` varchar(25) COLLATE utf8_unicode_ci NOT NULL,
  `tenderAttempts` int(1) DEFAULT NULL,
  `dgfDecisionID` varchar(25) COLLATE utf8_unicode_ci DEFAULT NULL,
  `dgfDecisionDate` varchar(255) COLLATE utf8_unicode_ci DEFAULT NULL,
  `num` varchar(25) COLLATE utf8_unicode_ci DEFAULT NULL,
  `user_id` int(10) NOT NULL,
  `name` varchar(255) COLLATE utf8_unicode_ci NOT NULL,
  `ownerName` varchar(255) COLLATE utf8_unicode_ci DEFAULT NULL,
  `description` varchar(1600) COLLATE utf8_unicode_ci DEFAULT NULL,
  `start_price` decimal(20,2) DEFAULT '0.00',
  `nds` int(1) NOT NULL DEFAULT '1',
  `step` decimal(12,2) NOT NULL,
  `address` varchar(255) COLLATE utf8_unicode_ci DEFAULT NULL,
  `vdr` varchar(255) COLLATE utf8_unicode_ci DEFAULT NULL,
  `passport` varchar(255) COLLATE utf8_unicode_ci DEFAULT NULL,
  `delivery_time` varchar(800) COLLATE utf8_unicode_ci NOT NULL,
  `delivery_term` varchar(800) COLLATE utf8_unicode_ci NOT NULL,
  `requires` text COLLATE utf8_unicode_ci NOT NULL,
  `payment_term` text COLLATE utf8_unicode_ci,
  `payment_order` text COLLATE utf8_unicode_ci,
  `member_require` text COLLATE utf8_unicode_ci,
  `term_procedure` text COLLATE utf8_unicode_ci,
  `requisites_id` int(10) DEFAULT NULL,
  `notes` text COLLATE utf8_unicode_ci NOT NULL,
  `dogovor_id` int(10) DEFAULT NULL,
  `date` varchar(255) COLLATE utf8_unicode_ci NOT NULL,
  `bidding_date` varchar(255) COLLATE utf8_unicode_ci DEFAULT NULL,
  `bidding_date_end` varchar(255) COLLATE utf8_unicode_ci NOT NULL,
  `auction_date` varchar(255) COLLATE utf8_unicode_ci NOT NULL,
  `auction_time` varchar(25) COLLATE utf8_unicode_ci NOT NULL,
  `auction_date_end` varchar(255) COLLATE utf8_unicode_ci NOT NULL,
  `status` int(10) NOT NULL DEFAULT '1',
  `lot_lock` int(1) NOT NULL,
  `step_down` int(1) NOT NULL DEFAULT '3'
) ENGINE=InnoDB DEFAULT CHARSET=utf8 COLLATE=utf8_unicode_ci;

-- --------------------------------------------------------

--
-- Структура таблицы `messages`
--

CREATE TABLE `messages` (
  `id` int(255) NOT NULL,
  `user_id` int(11) NOT NULL,
  `notes` text COLLATE utf8_unicode_ci NOT NULL,
  `date` timestamp NOT NULL DEFAULT CURRENT_TIMESTAMP,
  `status` int(20) NOT NULL
) ENGINE=InnoDB DEFAULT CHARSET=utf8 COLLATE=utf8_unicode_ci;

-- --------------------------------------------------------

--
-- Структура таблицы `pages`
--

CREATE TABLE `pages` (
  `id` int(10) UNSIGNED NOT NULL,
  `title` varchar(100) NOT NULL,
  `h1` varchar(100) NOT NULL,
  `text` text NOT NULL,
  `description` varchar(255) NOT NULL,
  `key_word` varchar(255) NOT NULL,
  `slug` varchar(255) NOT NULL
) ENGINE=InnoDB DEFAULT CHARSET=utf8mb4;

--
-- Дамп данных таблицы `pages`
--

INSERT INTO `pages` (`id`, `title`, `h1`, `text`, `description`, `key_word`, `slug`) VALUES
(6, 'Акция', 'H1', '<p>фцуафц</p>\r\n', 'Тест', 'тест', 'akci9'),
(7, 'тест', '', '<p>уцкфапу</p>\r\n', 'фукпфуцкп', 'фцукпфцукп', 'test'),
(8, 'title', 'h1', '<p>sergaerg</p>\r\n', 'aerg', 'aergaerg', 'title'),
(12, 'Новости2', 'h1', '<p>aesrg</p>\r\n', 'desc', 'key', 'novosti2');

-- --------------------------------------------------------

--
-- Структура таблицы `posts`
--

CREATE TABLE `posts` (
  `id` int(11) NOT NULL,
  `title` varchar(100) NOT NULL,
  `title_ru` varchar(255) DEFAULT NULL,
  `h1` varchar(100) NOT NULL,
  `h1_ru` varchar(255) DEFAULT NULL,
  `short_text` text NOT NULL,
  `short_text_ru` text,
  `text` text NOT NULL,
  `text_ru` text,
  `picture` varchar(255) NOT NULL,
  `description` varchar(255) NOT NULL,
  `description_ru` varchar(255) DEFAULT NULL,
  `key_words` varchar(255) NOT NULL,
  `key_words_ru` varchar(255) DEFAULT NULL,
  `cat_id` int(11) NOT NULL,
  `slug` varchar(255) NOT NULL,
  `created_at` int(11) DEFAULT NULL
) ENGINE=InnoDB DEFAULT CHARSET=utf8mb4;

--
-- Дамп данных таблицы `posts`
--

INSERT INTO `posts` (`id`, `title`, `title_ru`, `h1`, `h1_ru`, `short_text`, `short_text_ru`, `text`, `text_ru`, `picture`, `description`, `description_ru`, `key_words`, `key_words_ru`, `cat_id`, `slug`, `created_at`) VALUES
(6, 'фуыкпрй', 'Русская', 'wefw', 'h1 русский', '<p>eargaerg</p>\r\n', NULL, '<p>фукрфукр</p>\r\n', NULL, '', 'фукрфук', NULL, 'рфукрыфукр', NULL, 6, 'fuykprj', NULL),
(7, 'weaerg', NULL, 'aergaerg', NULL, '<p>aergaerg</p>\r\n', NULL, '<p>aergaerg</p>\r\n', NULL, '', 'aerg', NULL, 'aergaergae', NULL, 6, 'weaerg', NULL),
(8, 'Тестовая запись', NULL, 'h1', NULL, '', NULL, '<p>wrfgweg</p>\r\n', NULL, '', 'wegwe', NULL, 'wegweg', NULL, 5, 'testovaa-zapis', NULL),
(9, 'Новость', NULL, '22 листопада представники Української універсальної біржі проведуть навчання Постачальників у м. Іва', NULL, '', NULL, '<p>Всі бажаючі можуть зареєструватись на нашій сторінці в інтернеті за адресою&nbsp;<a href=\"http://webinar.uub.com.ua/\" target=\"_blank\">webinar.uub.com.ua</a>.</p>\r\n\r\n<p><img alt=\"\" src=\"/uploads/images/frankovsk_22_11.JPG\" style=\"height:469px; width:700px\" /></p>\r\n', NULL, '', 'деск', NULL, 'кей', NULL, 5, 'novost', NULL),
(10, 'erg', NULL, 'ergwergq', NULL, '<p>wergqerg</p>\r\n', NULL, '<p>qergqerge</p>\r\n', NULL, '', 'rgqerg', NULL, 'gqerg', NULL, 5, 'erg', NULL),
(11, 'ergeqr', NULL, 'gqergqer', NULL, '<p>gqergqe</p>\r\n', NULL, '<p>rgqerg</p>\r\n', NULL, '', 'qergqer', NULL, 'gqergq', NULL, 5, 'ergeqr', NULL),
(12, 'e3rge', NULL, 'rgaerg', NULL, '<p>aergaer</p>\r\n', NULL, '<p>gaergaergae</p>\r\n', NULL, '', 'rgaerg', NULL, 'aerga', NULL, 6, 'e3rge', NULL),
(13, 'new', '', 'erg', '', '<p>eagaerg</p>\r\n', '', '<p>aerg</p>\r\n', '', '', 'aergaerg', '', 'aerg', '', 6, 'new2', NULL),
(14, 'Заголовок Предпоследняя тестовая запись', 'Предпоследняя тестовая запись', 'h1 Предпоследняя тестовая запись', 'Предпоследняя тестовая запись', '<p>short text&nbsp;Предпоследняя тестовая запись</p>\r\n', '<p>Предпоследняя тестовая запись</p>\r\n', '<p>text&nbsp;Предпоследняя тестовая запись</p>\r\n', '<p>Предпоследняя тестовая запись</p>\r\n', '', 'desciption', 'Предпоследняя тестовая запись', 'Предпоследняя тестовая запись', 'Предпоследняя тестовая запись', 5, '', NULL),
(15, 'Последняя тестовая запись', 'Последняя тестовая запись', 'Последняя тестовая запись', 'Последняя тестовая запись', '<p>Последняя тестовая запись</p>\r\n', '<p>Последняя тестовая запись</p>\r\n', '<p>Последняя тестовая запись</p>\r\n', '<p>Последняя тестовая запись</p>\r\n', '', 'Последняя тестовая запись', 'Последняя тестовая запись', 'Последняя тестовая запись', 'Последняя тестовая запись', 5, '', NULL);

-- --------------------------------------------------------

--
-- Структура таблицы `profile`
--

CREATE TABLE `profile` (
  `user_id` int(11) NOT NULL,
  `licenseNumber` varchar(25) COLLATE utf8_unicode_ci DEFAULT NULL,
  `role` tinyint(1) NOT NULL,
  `files` varchar(255) COLLATE utf8_unicode_ci NOT NULL,
  `status` int(1) NOT NULL DEFAULT '1',
  `fio` varchar(255) COLLATE utf8_unicode_ci NOT NULL,
  `at_org` varchar(255) COLLATE utf8_unicode_ci NOT NULL,
  `org_type` varchar(25) COLLATE utf8_unicode_ci NOT NULL,
  `phone` varchar(255) COLLATE utf8_unicode_ci DEFAULT NULL,
  `fax` varchar(255) COLLATE utf8_unicode_ci DEFAULT NULL,
  `firma_full` varchar(255) COLLATE utf8_unicode_ci DEFAULT NULL,
  `inn` int(30) DEFAULT NULL,
  `zkpo` int(30) DEFAULT NULL,
  `u_address` varchar(255) COLLATE utf8_unicode_ci DEFAULT NULL,
  `f_address` varchar(255) COLLATE utf8_unicode_ci DEFAULT NULL,
  `member` varchar(255) COLLATE utf8_unicode_ci DEFAULT NULL,
  `member_phone` varchar(255) COLLATE utf8_unicode_ci DEFAULT NULL,
  `member_email` varchar(255) COLLATE utf8_unicode_ci DEFAULT NULL,
  `site` varchar(255) COLLATE utf8_unicode_ci DEFAULT NULL,
  `edrpou_bank` varchar(12) COLLATE utf8_unicode_ci DEFAULT NULL,
  `mfo` varchar(15) COLLATE utf8_unicode_ci DEFAULT NULL,
  `bank_name` varchar(255) COLLATE utf8_unicode_ci DEFAULT NULL,
  `postal_code` varchar(25) COLLATE utf8_unicode_ci DEFAULT NULL,
  `region` varchar(225) COLLATE utf8_unicode_ci DEFAULT NULL,
  `city` varchar(25) COLLATE utf8_unicode_ci DEFAULT NULL,
  `passport_number` varchar(25) COLLATE utf8_unicode_ci DEFAULT NULL
) ENGINE=InnoDB DEFAULT CHARSET=utf8 COLLATE=utf8_unicode_ci;

--
-- Дамп данных таблицы `profile`
--

INSERT INTO `profile` (`user_id`, `licenseNumber`, `role`, `files`, `status`, `fio`, `at_org`, `org_type`, `phone`, `fax`, `firma_full`, `inn`, `zkpo`, `u_address`, `f_address`, `member`, `member_phone`, `member_email`, `site`, `edrpou_bank`, `mfo`, `bank_name`, `postal_code`, `region`, `city`, `passport_number`) VALUES
(6, '234837', 1, '', 1, '', '', '0', '+380663564463', '', 'React Logic Agency', 2147483647, 2147483647, 'e;fdlcekijm[', 'lijn;dwilcn;l', 'Витренко Вячеслав', '', '', 'https://mxuser.com', 'sergse', '', '', NULL, NULL, NULL, NULL),
(20, NULL, 1, '', 1, '', '', 'entity', '+38(099)-069-20-34', NULL, 'Широких Роман', 2147483647, NULL, NULL, 'Вул. Шевченка, 30', 'Широких Роман', NULL, NULL, NULL, NULL, NULL, NULL, '04071', 'м. Київ', 'Київ', 'КО 694668'),
(22, NULL, 1, '', 1, '', '', 'entity', '+38(066)-053-84-12', NULL, '-', 2147483647, NULL, NULL, 'вул. Астраханська 25, кв. 25', 'Хворостина Ольга Вікторівна', NULL, NULL, NULL, NULL, NULL, NULL, '02090', 'м. Київ', 'Київ', 'МЕ 970043'),
(23, NULL, 1, '', 1, '', '', 'entity', '+38(068)-265-07-88', NULL, 'ФОП Кріль В.О.', 2147483647, 2147483647, 'м. Полтава вул.Станіславського 8', 'м. Полтава', 'директор', NULL, NULL, '', NULL, NULL, NULL, '36000', 'Полтавська область', 'Полтава', 'КН 853647'),
(24, NULL, 1, '', 1, '', '', 'entity', '+380663564460', NULL, 'erf;kj', 1234567, NULL, NULL, '56423456', 'we;rvujb', NULL, NULL, NULL, NULL, NULL, NULL, '32435678', 'Полтавська область', 'Полтава', 'wewrt5435'),
(26, '№665 від 11.02.2017р', 1, '', 1, '', '', 'financial', '+38(004)-453-76-22', NULL, 'Публічне Акціонерне Товариство «ФОРТУНА-БАНК»', NULL, 26254732, 'м. Київ, вул. Боричів Тік 35-В', 'м. Київ, вул. Боричів Тік 35-В', 'Лук\'яненко Валентина Петрівна', NULL, NULL, NULL, NULL, NULL, NULL, '04070', 'м. Київ', 'Київ', NULL),
(27, '0', 1, '', 1, '', '', 'financial', '+38(050)-330-55-71', NULL, 'Публічне акціонерне товариство \"ПЛАТИНУМ БАНК\"', NULL, 33308489, 'м. Київ, вул. Амосова, 12', 'м. Київ, вул. Дегтярівська, 48', 'Упоноважена особа на ліквідацію ПАТ \"ПтБ\" Ірклієнко Ю.П.', NULL, NULL, NULL, NULL, NULL, NULL, '04112', 'м. Київ', 'м. Київ', NULL),
(28, NULL, 1, '', 1, '', '', 'entity', '+38(095)-283-82-32', NULL, 'Фізична особа', 2147483647, NULL, NULL, 'м.Київ, провулок Бехтеревський 14д', 'Іванів Андрій Романович', NULL, NULL, NULL, NULL, NULL, NULL, '01001', 'м. Київ', 'Київ', 'ТТ251971'),
(29, '-', 1, '', 1, '', '', 'financial', '+38(044)-200-48-35', NULL, 'ПУБЛІЧНЕ АКЦІОНЕРНЕ ТОВАРИСТВО \"БАНК \"НАЦІОНАЛЬНІ ІНВЕСТИЦІЇ\"', NULL, 20017340, '01601, м. Київ, вул. Володимирська,54', 'м. Київ, вул. О.Гончара, 35', 'уповноважена особа Фонду гарантування вкладів фізичних осіб на ліквідацію АТ «БАНК «НАЦIОНАЛЬНI IНВЕСТИЦIЇ» Луньо Ілля Вікторович', NULL, NULL, NULL, NULL, NULL, NULL, '01034', 'м. Київ', 'Київ', NULL),
(30, '0', 1, '', 1, '', '', 'financial', '+38(050)-330-55-71', NULL, 'ПУБЛІЧНЕ АКЦІОНЕРНЕ ТОВАРИСТВО «КОМЕРЦІЙНИЙ БАНК «СТАНДАРТ»', NULL, 36335426, 'вул. Почайнинська, 45', 'Дегтярівська, 48', 'Ірклієнко Юрій Петрович ', NULL, NULL, NULL, NULL, NULL, NULL, '04071', 'м. Київ', 'Київ', NULL),
(31, '4', 1, '', 1, '', '', 'financial', '+38(004)-459-30-00', NULL, 'Публічне акціонерне товариство ФІДОБАНК', NULL, 14351016, '01601, м.Київ, вул. Велика Васильківська 10', '04071,Україна,м. Київ,м. Київ,вул. Воздвиженська, 58 (2,3,6 поверхи)', 'Уповноважена особа ФГВФО на ліквідацію ПУАТ \"ФІДОБАНК\" Коваленко Олександр Володимирович', NULL, NULL, NULL, NULL, NULL, NULL, '01601', 'м. Київ', 'Київ', NULL),
(32, '10', 1, '', 1, '', '', 'financial', '+38(044)-585-35-46', NULL, 'ПУБЛІЧНЕ АКЦІОНЕРНЕ ТОВАРИСТВО «БАНК ФОРУМ»', NULL, 21574573, 'бульвар Верховної Ради, буд. 7', 'бульвар Верховної Ради, буд. 7', 'Начальник Відділу реалізації спеціальних корпоративних активів Рудаковська Анжеліка ', NULL, NULL, 'https://www.forum.ua', NULL, NULL, NULL, '02100', 'Київська область', 'Київ', NULL),
(33, '№ 237 від 02.11.2011 року', 1, '', 1, '', '', 'financial', '+38(044)-290-22-64', NULL, 'ПУБЛІЧНЕ АКЦІОНЕРНЕ ТОВАРИСТВО БАНК «ТРАСТ»', NULL, 35371070, 'м. Київ, вул. Болсуновська, 8', 'м. Київ,  вул. Народного Ополчення, 5А', 'Кухарев Володимир Володимирович', NULL, NULL, '', NULL, NULL, NULL, '03151', 'Київська область', 'м. Київ', NULL),
(34, '1', 1, '', 1, '', '', 'financial', '(044) 501-24-08', NULL, 'Публічне акціонерне товариство \"Комерційний банк \"ЕКСПОБАНК\"', NULL, 9322299, 'м.Київ, вул.Дмитрівська, 18/24', 'м.Київ, вул.Дмитрівська, 18/24', 'Зелінська Олена Юріївна', NULL, NULL, NULL, NULL, NULL, NULL, '01054', 'м. Київ', 'м.Київ', NULL),
(36, '№676 від 09.06.2016 р.', 1, '', 1, '', '', 'financial', '(057) 754-59-01', NULL, 'Товариство з обмеженою відповідальністю \"Компанія з управління активами \"Фінекс-Капітал\"', NULL, 34333275, 'вул. Академіка Проскури, 1, корп.45, оф.21', 'вул. Академіка Проскури, 1, корп.45, оф.21', 'Когут Ігор Дмитрович, директор', NULL, NULL, NULL, NULL, NULL, NULL, '61070', 'Харківська область', 'Харків', NULL),
(38, '000', 1, '', 1, '', '', 'financial', '207-45-75', NULL, 'Публічне акціонерне товариство \"АРТЕМ-БАНК\"', NULL, 26253023, '04050  м. Київ, вул. Січових Стрільців , 103', 'м. Київ, вул. П. Сагайдачного, 17', 'Уповноважена особа Фонду гарантування вкладів фізичних осіб на ліквідацію АТ \"АРТЕМ-БАНК\" Шевченко А. М.', NULL, NULL, NULL, NULL, NULL, NULL, '04070', 'Київська область', 'Київ', NULL),
(39, NULL, 1, '', 1, '', '', 'entity', '0935601272', NULL, 'Момот Максим Вадимович', 2147483647, NULL, '', 'вул. Плеханівська, 9, кв. 15', 'Момот Максим Вадимович', NULL, NULL, '', NULL, NULL, NULL, '61001', 'Харківська область', 'Харків', 'МТ 160257'),
(40, '340470226557', 1, '', 1, '', '', 'financial', '+380445000018', NULL, 'Публічне акціонерне товариство ДельтаБанк', NULL, 34047020, 'бульвар Дружби Народів 38', 'бульвар Дружби Народів 38', 'Кадиров Владислав Володимирович', NULL, NULL, '', NULL, NULL, NULL, '01014', 'м. Київ', 'м Київ', NULL),
(41, NULL, 1, '', 1, '', '', 'entity', '+380663564463', NULL, 'React Logic', 2147483647, NULL, NULL, ';weklfdjebn\'kjb', 'В\'ячеслав Вітренко', NULL, NULL, NULL, NULL, NULL, NULL, '34059874', 'Полтавська область', 'Полтава', 'КО736287'),
(42, '000000', 1, '', 1, '', '', 'financial', '0975304625', NULL, 'ПУБЛІЧНЕ АКЦІОНЕРНЕ ТОВАРИСТВО \"КОМЕРЦІЙНИЙ БАНК\"ПІВДЕНКОМБАНК\"', NULL, 19358767, 'просп. Ватутіна, 33-А', 'м. Київ, вул. Георгія Тороповського 18', 'Єфременков Микита Олександрович', NULL, NULL, NULL, NULL, NULL, NULL, '83015', 'Донецька область', 'Донецьк', NULL),
(43, NULL, 0, '', 1, '', '', 'financial', NULL, NULL, NULL, NULL, NULL, NULL, NULL, NULL, NULL, NULL, NULL, NULL, NULL, NULL, NULL, NULL, NULL, NULL),
(44, NULL, 1, '', 1, '', '', 'entity', '+380663564463', NULL, 'React Logic', 2147483647, NULL, NULL, ';weklfdjebn\'kjb', 'В\'ячеслав Вітренко', NULL, NULL, NULL, NULL, NULL, NULL, '34059874', 'Полтавська область', 'Полтава', 'КО736287'),
(45, NULL, 1, '', 1, '', '', 'entity', '+380663564463', NULL, 'React Logic', 2147483647, NULL, NULL, ';weklfdjebn\'kjb', 'В\'ячеслав Вітренко', NULL, NULL, NULL, NULL, NULL, NULL, '34059874', 'Полтавська область', 'Полтава', 'КО736287');

-- --------------------------------------------------------

--
-- Структура таблицы `social_account`
--

CREATE TABLE `social_account` (
  `id` int(11) NOT NULL,
  `user_id` int(11) DEFAULT NULL,
  `provider` varchar(255) COLLATE utf8_unicode_ci NOT NULL,
  `client_id` varchar(255) COLLATE utf8_unicode_ci NOT NULL,
  `data` text COLLATE utf8_unicode_ci
) ENGINE=InnoDB DEFAULT CHARSET=utf8 COLLATE=utf8_unicode_ci;

-- --------------------------------------------------------

--
-- Структура таблицы `token`
--

CREATE TABLE `token` (
  `user_id` int(11) NOT NULL,
  `code` varchar(32) COLLATE utf8_unicode_ci NOT NULL,
  `created_at` int(11) NOT NULL,
  `type` smallint(6) NOT NULL
) ENGINE=InnoDB DEFAULT CHARSET=utf8 COLLATE=utf8_unicode_ci;

--
-- Дамп данных таблицы `token`
--

INSERT INTO `token` (`user_id`, `code`, `created_at`, `type`) VALUES
(6, 'Nc9DDAitc5S--Eu1mGm13xK5H5_jE34G', 1485376893, 0),
(20, 'KV636Wt_pJHejI6arIXdjyudMWfc9kXf', 1499423981, 0),
(22, 'AmvwwDd6IB3oVVSQDXs-Sl-QoHDMZBxR', 1499886088, 0),
(23, '-Cjss6lHBJ0nsOrvfbtN_wraoHVTPJok', 1499955967, 0),
(24, '8VMttYj1hqh5R47Q7o0wAHRlZ4-8P4hs', 1500290126, 0),
(26, 'C02kbvYk6_qaJbkhq5-eto_-KegniRwz', 1500376196, 0),
(27, 'ReWlMk5R36sGZGqONCgyyLZ9rwzHupVP', 1500387853, 0),
(28, 'YlyEQn-oMbN80xxeLeOfzzriUYYHJtH-', 1500388112, 0),
(29, 'clZxZjNsMXJL6zboOmT4Mheur3nbS7PK', 1500623763, 0),
(30, 'yV9ir9QtrOiry_XALh55DJ0_0huaMtKa', 1500642407, 0),
(31, 'n1eeLB79VlespeS8NeBJWRJ73vCS3fj6', 1500990170, 0),
(32, '_LxAHvkUeI7E-SzpRqsiHi7w5mW9nnms', 1501074861, 0),
(33, 'gg066YyR5EYoV2smPYUrDaHwOLiYXGWY', 1501164716, 0),
(34, '4Nz7CUQK5fpKeficiRPu1a9rnTURkI2z', 1501504460, 0),
(36, 'LA0bcYLlD2L8dyjawZCm4EOeoZ4SdErN', 1501753878, 0),
(38, 'EKbfD0qu3urgdGna2rJcCT4qGJIeLAUL', 1501851075, 0),
(39, 'SDVIe-FlCJ-8xKQ2vohqgnKI1AYMV00N', 1501852576, 0),
(40, 'EW0L8piwKXOq8guqN8rCxm0vGkwo4WoO', 1502107603, 0),
(41, 'PuqAMedLewHOteeJPRrfaI-vbV_bbNKw', 1502469977, 0),
(42, '-IFvx1K3CHN7nkXiPZcqIWh8e-VZcjxM', 1502877499, 0),
(43, 'WoXJfQHjFRdHPvhh4umEzOXzjmHrtzxQ', 1502960948, 0),
(44, 'nMb0S8w4EKbfbaIbFycOJTJpwFR-PhPt', 1503162451, 0),
(45, 'QZ9Vn-r7SpYQ5-GDYWq2_OQWp2Zk_d8f', 1504857097, 0);

-- --------------------------------------------------------

--
-- Структура таблицы `user`
--

CREATE TABLE `user` (
  `id` int(11) NOT NULL,
  `username` varchar(25) COLLATE utf8_unicode_ci NOT NULL,
  `role` int(11) NOT NULL,
  `email` varchar(255) COLLATE utf8_unicode_ci NOT NULL,
  `fio` varchar(50) COLLATE utf8_unicode_ci NOT NULL,
  `at_org` varchar(255) COLLATE utf8_unicode_ci DEFAULT NULL,
  `org_type` varchar(25) COLLATE utf8_unicode_ci NOT NULL,
  `member_phone` varchar(15) COLLATE utf8_unicode_ci DEFAULT NULL,
  `status` int(1) NOT NULL DEFAULT '1',
  `password_hash` varchar(60) COLLATE utf8_unicode_ci NOT NULL,
  `auth_key` varchar(32) COLLATE utf8_unicode_ci NOT NULL,
  `confirmed_at` int(11) DEFAULT NULL,
  `unconfirmed_email` varchar(255) COLLATE utf8_unicode_ci DEFAULT NULL,
  `blocked_at` int(11) DEFAULT NULL,
  `registration_ip` varchar(45) COLLATE utf8_unicode_ci DEFAULT NULL,
  `created_at` int(11) NOT NULL,
  `updated_at` int(11) NOT NULL,
  `last_login_at` int(11) DEFAULT NULL,
  `flags` int(11) NOT NULL
) ENGINE=InnoDB DEFAULT CHARSET=utf8 COLLATE=utf8_unicode_ci;

--
-- Дамп данных таблицы `user`
--

INSERT INTO `user` (`id`, `username`, `role`, `email`, `fio`, `at_org`, `org_type`, `member_phone`, `status`, `password_hash`, `auth_key`, `confirmed_at`, `unconfirmed_email`, `blocked_at`, `registration_ip`, `created_at`, `updated_at`, `last_login_at`, `flags`) VALUES
(6, 'neiron', 1, 'uisceadmin@gmail.com', 'Витренко Вячеслав', 'React Logic Agency', '0', '+380663564463', 1, '$2y$10$yiwxc1MTkrgyq3nAdy9AEO7XfZ64l2EBTKb/peOAqiP7FE96k9ybC', 'QURasVn9Zn570CkNzx_GfBE6LxuE3mBw', 1, '', NULL, '127.0.0.1', 1485376893, 1502110315, 1503069318, 0),
(20, 'Delante', 2, 'delante.sr.pl@gmail.com', 'Широких Роман', NULL, 'entity', NULL, 1, '$2y$10$mOM8b6QMgcS9VrEDPK6DtuYMcMgGkzAyLtsHCBACsAwW78UXywf6W', '5lnzZTFijRaSOePSfF5fX-FstnRYvFZ7', 1499424296, NULL, NULL, '176.113.212.7', 1499423981, 1499423981, 1500292623, 0),
(22, 'organizator', 2, 'olga.khvorostyna@gmail.com', 'Хворостина Ольга Вікторівна', NULL, 'entity', NULL, 1, '$2y$10$qnW6ckL0Du0vmbWnASMAae0MTzgCacQTz0PMgxh1TXxuMrowEsn2q', 'ovV3h3VelO8n-HjEu7yrJBEIEBxb8lhr', 1503561901, NULL, NULL, '91.214.134.72', 1499886088, 1503176764, 1504855176, 0),
(23, 'member', 2, 'spot75.vk@gmail.com', 'Кріль В.О.', NULL, 'entity', NULL, 1, '$2y$10$dDpg/Ug4ZzAvbI6sUgxgBulorg0OFcpEtR5L2I9NqhhM7nVloAKhS', 'NMXwcCjzfAlG716ixHz-BN4fkT7C4SHT', 1, NULL, NULL, '176.113.212.7', 1499955967, 1503176809, 1504855223, 0),
(24, 'member1', 2, 'supereva2011@ukr.net', 'Иванов Иван', NULL, 'entity', NULL, 1, '$2y$10$BBtj5KkcBejR8yoI033VGuuI43Iwsthu7jCRVyqXHK/EO7hbliiw.', '0n_NanjtdTKfTKAC5QWUBorZ0mDm4uqf', 1503561899, NULL, NULL, '195.144.25.222', 1500290126, 1503176837, 1503561921, 0),
(26, 'va3@fortbank.com.ua', 1, 'va3@fortbank.com.ua', 'Лук\'яненко Валентина Петрівна', NULL, 'financial', NULL, 1, '$2y$10$pE01Z8PmI64mHbJxa0MHye8nNwwwExBpgQ6kDLJS/DQmrZ/l2GfRe', 'MP1CVjJ5SPRug1yeTsLxiEfmwfyLSxsH', 1500293593, NULL, NULL, '195.144.25.222', 1500376196, 1500376196, 1502191517, 0),
(27, 'nadovhalplatinumbank', 1, 'nadovhal@platinumbank.com.ua', 'Довгаль Наталія', NULL, 'financial', NULL, 1, '$2y$10$W3.O53CNmXzot0492Vozd.co1KE24PT6gSA9d1EoOu810SBavhIby', 'EL4gRIspty4Xm9gPSg1gItkWfKqxFhRV', 1, NULL, NULL, '91.220.252.20', 1500387853, 1500387853, 1502465577, 0),
(28, 'Fayst91', 2, 'andriy.ivaniv@gmail.com', 'Іванів Андрій', NULL, 'entity', NULL, 1, '$2y$10$RNcPcIS.qOlA.e3Xkp5ym.YwPJRZfXeFTZkl8Xr5HZOB99PiatL8m', 'Gc8pJd_ParzoCuuLy4HQimgIGr2_yaLp', 1500389105, NULL, NULL, '62.80.180.5', 1500388112, 1500388112, 1500630062, 0),
(29, 'kuryaviy', 1, 'kuryaviy@jsbni.kiev.ua', 'Курявий Віталій', NULL, 'financial', NULL, 1, '$2y$10$yWrg8dfyJYsk99Y1HYqsn.HTrf/gV5c3PZaUpSTjcJYJIc/dB5D/S', 'VN0_8WrUuqVpR2gzz7WhPQ_sPYSLb940', 1500631376, NULL, NULL, '80.91.162.98', 1500623763, 1500623763, 1503040958, 0),
(30, 'nat.dovgal@gmail.com', 1, 'nat.dovgal@gmail.com', 'Довгаль Наталія', NULL, 'financial', NULL, 1, '$2y$10$TU3XRsRahp/arw4rJVmULOfREJFkKnsFl5ZhlhfgKP2bDF2PF/wpC', 'zUAtWiV1TpxDfYGDOizlMYKlJ_8PALeX', 1500642969, NULL, NULL, '194.183.183.3', 1500642407, 1500642407, 1502467063, 0),
(31, 'Podolska@fidobank.ua', 1, 'svitlanam.podolska@fidobank.ua', 'Подольська Світлана Миколаївна', NULL, 'financial', NULL, 1, '$2y$10$j/o.UtyTNIIxuSGBgCkPN.i4kEqWUNaCRztS1o/MHKFu6HfLmKutW', 'SepiyfmyC68ja19rRuz-Hl2_4N2uOzbR', 1501162170, NULL, NULL, '195.144.25.222', 1500990170, 1500990594, 1502977544, 0),
(32, 'Duniashenkoforum.ua', 1, 'alla.duniashenko@forum.ua', 'Дуняшенко Алла Миколаївна', NULL, 'financial', NULL, 1, '$2y$10$6EuM/rmzPy7/C0OwDmtzXuOJWozLos7s/BHZivkDv4jQDqsMactua', 'jMHnpw5iBBI2PPxPrXPltq1oew6NYXht', 1501165625, NULL, NULL, '195.144.25.222', 1501074861, 1503046555, 1503046729, 0),
(33, 'tsa85', 1, 'tsa85.ca@gmail.com', 'Сердюк Інна Іванівна', NULL, 'financial', NULL, 1, '$2y$10$OfQ1SMKoU4eD48gBKuBbE.aVjNduA91YIucLuLfDyr1q3lWllh5VC', 'TNRy6N1FA-DjnMPQSQ29nIe-ICl7hM8p', 1501165550, NULL, NULL, '195.144.25.222', 1501164716, 1501164716, 1502900446, 0),
(34, 'Zel', 1, 'zel@expobank.ua', 'Зелінська Олена Юріївна', NULL, 'financial', NULL, 1, '$2y$10$4/zHid8Tumpt1n9XSIjLA.PXCcaLQ9mOSBnpDzIqwdRgEmOl.KtPe', 'ld5kjaFTLiJ_fUkdXVBqEmvpuOSVR_HS', 1501512467, NULL, NULL, '91.193.164.3', 1501504460, 1501504460, 1502178795, 0),
(36, 'Finex-Capital', 2, 'om1@finex.com.ua', 'Когут Ігор Дмитрович', NULL, 'financial', NULL, 1, '$2y$10$N8aqjoEENb57s.CoC63VhuRJWPxJQgLaX8mE9ksmbbSF.Il/xs//2', 'hTTw34GI-3vOEwZGKXNLVpgICb-QFMw6', 1501754273, NULL, NULL, '82.117.236.246', 1501753878, 1501753878, 1502455871, 0),
(38, 'artembank', 1, 'yova@artembank.com.ua', 'Яценко Оксана', NULL, 'financial', NULL, 1, '$2y$10$GhA/acXN2Q0rjw0q3z2UDu0zpZtQYJSyxx4y6RuQeWg6kzwsv3aj6', '94tkXNlrParh_WI1LGlnPH1vBi2Od8bc', 1502101265, NULL, NULL, '195.144.25.222', 1501851075, 1501851075, 1502464788, 0),
(39, 'maks.momot.1994', 2, 'maks.momot.1994@mail.ru', 'Момот Максим Вадимович', NULL, 'entity', NULL, 1, '$2y$10$mjkzXHhisJZQhWmI4hyLqu9d6Hwd7YmvxKgf0KMlEZoTEM7zL/Sou', 'S9csYExmVrk1AffcsVUAppRfkptSpht8', 1501854048, NULL, NULL, '31.202.123.150', 1501852576, 1501852576, 1502125704, 0),
(40, 'deltabank', 1, 'v.novodran@deltabank.com.ua', 'Новодран Вікторія', NULL, 'financial', NULL, 1, '$2y$10$pim53/3b6qzyAMkbvX6RzeeVu3jLR6saAFq.rjKZl2famLPJsCx.q', '4smqx8sTcEWz8oyf3Uy15oQFubPHmsG2', 1502111406, NULL, NULL, '195.144.25.222', 1502107603, 1502107603, 1502280563, 0),
(41, 'test', 2, 'slava@mxuser.com', 'Test Test Test', NULL, 'entity', NULL, 1, '$2y$10$CWAnDfdMPsGPXVcL.5kOJeGOjS1ZvlnhmtkPHXoZSvR9g0A8K1QOG', 'AJamhY21Xl9TV5p_bI_aYi6XqLlJYb-t', 1502470364, NULL, NULL, '93.78.238.18', 1502469977, 1502470426, 1507188812, 0),
(42, 'pivdencombank', 1, 'efremenkov@pivdencombank.com', 'Єфременков Микита Олександрович', NULL, 'financial', NULL, 1, '$2y$10$M4F8cijs08.iDNIh39NajOQcIPfwdgRa33YFhAy1zoFdwvTBThhkm', 'YXdWsA66S7RB9gzE_Pc1ZjtUtosiIN-i', 1502967273, NULL, NULL, '195.144.25.222', 1502877499, 1502877499, 1502969245, 0),
(43, 'forumfiz', 1, 'yuliia.bordun@forum.ua', 'Бордун Юлія Павлівна', NULL, 'financial', NULL, 1, '$2y$10$9Q8DxvGG4eRSoQFsTb0.PeY1lgwaWs12fxP.djvOZ2Nk2OFh/Bgwi', 'WfuZodV7Vkq67yM4fGkt7WhFcYAzPDDY', NULL, NULL, NULL, '195.144.25.222', 1502960948, 1502960948, 1502962231, 0),
(44, 'slava', 2, 'slava@react-logic.com', 'Вітренко Вячеслав', NULL, 'entity', NULL, 1, '$2y$10$4qxZN8t10BoaKNNygnJqlOLT9SsNYrlSc2nifUNbuNlwgBR2qB2yC', 'cp9bmtBSwRvi35jLHsDBWak1uxsTOIDo', 1503162483, NULL, NULL, '127.0.0.1', 1503162451, 1503162451, 1503162496, 0),
(45, 'slavavitrenko', 2, 'slavavitrenko@gmail.com', 'Слава Витренко', NULL, 'entity', NULL, 1, '$2y$10$QqZCqPrdnBokPfGUjQiwhe5DfO6B0xhWzgCw4bKfSZqXRReA8f7xa', 'KGoaDXpGZIfvbIF965vHN3nepdVCDwpK', 1507188861, NULL, NULL, '127.0.0.1', 1504857096, 1504857096, NULL, 0);

--
-- Индексы сохранённых таблиц
--

--
-- Индексы таблицы `api_auctions`
--
ALTER TABLE `api_auctions`
  ADD PRIMARY KEY (`unique_id`),
  ADD UNIQUE KEY `idx_UNIQUE_unique_id_1936_00` (`unique_id`),
  ADD KEY `idx_status_1936_04` (`status`),
  ADD KEY `idx_created_at_1936_05` (`created_at`),
  ADD KEY `idx_baseAuction_id_1936_06` (`baseAuction_id`),
  ADD KEY `idx_auctionID_1936_07` (`auctionID`),
  ADD KEY `idx_unique_id_1936_08` (`unique_id`),
  ADD KEY `idx_id_1937_09` (`id`);

--
-- Индексы таблицы `api_awards`
--
ALTER TABLE `api_awards`
  ADD PRIMARY KEY (`unique_id`);

--
-- Индексы таблицы `api_award_organizations`
--
ALTER TABLE `api_award_organizations`
  ADD PRIMARY KEY (`id`);

--
-- Индексы таблицы `api_bids`
--
ALTER TABLE `api_bids`
  ADD PRIMARY KEY (`unique_id`),
  ADD KEY `idx_created_at_2009_10` (`created_at`),
  ADD KEY `idx_user_id_201_11` (`user_id`),
  ADD KEY `idx_lot_id_201_12` (`lot_id`),
  ADD KEY `idx_auction_id_201_13` (`auction_id`),
  ADD KEY `idx_unique_id_201_14` (`unique_id`),
  ADD KEY `idx_id_201_15` (`id`),
  ADD KEY `idx_organization_id_201_16` (`organization_id`);

--
-- Индексы таблицы `api_cancellations`
--
ALTER TABLE `api_cancellations`
  ADD PRIMARY KEY (`unique_id`),
  ADD KEY `idx_id_2028_17` (`id`);

--
-- Индексы таблицы `api_classifications`
--
ALTER TABLE `api_classifications`
  ADD PRIMARY KEY (`unique_id`),
  ADD KEY `idx_id_7562_00` (`id`);

--
-- Индексы таблицы `api_complaints`
--
ALTER TABLE `api_complaints`
  ADD PRIMARY KEY (`unique_id`),
  ADD KEY `idx_author_id_209_19` (`author_id`),
  ADD KEY `idx_relatedLot_209_20` (`relatedLot`),
  ADD KEY `idx_id_209_21` (`id`);

--
-- Индексы таблицы `api_contracts`
--
ALTER TABLE `api_contracts`
  ADD PRIMARY KEY (`unique_id`),
  ADD KEY `idx_awardID_2114_22` (`awardID`),
  ADD KEY `idx_contractID_2114_23` (`contractID`),
  ADD KEY `idx_contractNumber_2114_24` (`contractNumber`),
  ADD KEY `idx_id_2114_25` (`id`);

--
-- Индексы таблицы `api_documents`
--
ALTER TABLE `api_documents`
  ADD PRIMARY KEY (`unique_id`),
  ADD KEY `idx_lot_id_214_26` (`lot_id`);

--
-- Индексы таблицы `api_features`
--
ALTER TABLE `api_features`
  ADD PRIMARY KEY (`unique_id`);

--
-- Индексы таблицы `api_identifiers`
--
ALTER TABLE `api_identifiers`
  ADD PRIMARY KEY (`id`);

--
-- Индексы таблицы `api_items`
--
ALTER TABLE `api_items`
  ADD PRIMARY KEY (`unique_id`),
  ADD KEY `idx_auction_id_2196_27` (`auction_id`),
  ADD KEY `api_auction_id` (`api_auction_id`);

--
-- Индексы таблицы `api_items_classifications`
--
ALTER TABLE `api_items_classifications`
  ADD PRIMARY KEY (`id`);

--
-- Индексы таблицы `api_lot_values`
--
ALTER TABLE `api_lot_values`
  ADD PRIMARY KEY (`id`),
  ADD KEY `idx_relatedLot_2222_28` (`relatedLot`);

--
-- Индексы таблицы `api_organizations`
--
ALTER TABLE `api_organizations`
  ADD PRIMARY KEY (`unique_id`);

--
-- Индексы таблицы `api_organizations_identifiers`
--
ALTER TABLE `api_organizations_identifiers`
  ADD PRIMARY KEY (`id`);

--
-- Индексы таблицы `api_questions`
--
ALTER TABLE `api_questions`
  ADD PRIMARY KEY (`unique_id`);

--
-- Индексы таблицы `api_users_organizations`
--
ALTER TABLE `api_users_organizations`
  ADD PRIMARY KEY (`id`);

--
-- Индексы таблицы `auth_assignment`
--
ALTER TABLE `auth_assignment`
  ADD PRIMARY KEY (`user_id`),
  ADD KEY `item_name` (`item_name`),
  ADD KEY `idx_user_id_2313_29` (`user_id`);

--
-- Индексы таблицы `auth_item`
--
ALTER TABLE `auth_item`
  ADD PRIMARY KEY (`name`),
  ADD KEY `idx_rule_name_2327_30` (`rule_name`),
  ADD KEY `idx_type_2327_31` (`type`);

--
-- Индексы таблицы `auth_item_child`
--
ALTER TABLE `auth_item_child`
  ADD PRIMARY KEY (`parent`),
  ADD KEY `child` (`child`),
  ADD KEY `idx_child_2342_32` (`child`);

--
-- Индексы таблицы `auth_rule`
--
ALTER TABLE `auth_rule`
  ADD PRIMARY KEY (`name`);

--
-- Индексы таблицы `categoriesblog`
--
ALTER TABLE `categoriesblog`
  ADD PRIMARY KEY (`id`),
  ADD UNIQUE KEY `title` (`title`);

--
-- Индексы таблицы `email_tasks`
--
ALTER TABLE `email_tasks`
  ADD PRIMARY KEY (`id`);

--
-- Индексы таблицы `eventlog`
--
ALTER TABLE `eventlog`
  ADD PRIMARY KEY (`id`);

--
-- Индексы таблицы `files`
--
ALTER TABLE `files`
  ADD PRIMARY KEY (`id`),
  ADD KEY `idx_type_2393_33` (`type`),
  ADD KEY `idx_bid_id_2394_34` (`bid_id`),
  ADD KEY `idx_cancellation_id_2394_35` (`cancellation_id`);

--
-- Индексы таблицы `help`
--
ALTER TABLE `help`
  ADD PRIMARY KEY (`id`),
  ADD KEY `cat_id` (`cat_id`);

--
-- Индексы таблицы `help_category`
--
ALTER TABLE `help_category`
  ADD PRIMARY KEY (`id`);

--
-- Индексы таблицы `help_video`
--
ALTER TABLE `help_video`
  ADD PRIMARY KEY (`id`),
  ADD KEY `cat_id` (`cat_id`);

--
-- Индексы таблицы `lots`
--
ALTER TABLE `lots`
  ADD PRIMARY KEY (`id`),
  ADD KEY `idx_procurementMethodType_2412_36` (`procurementMethodType`),
  ADD KEY `idx_status_2412_37` (`status`),
  ADD KEY `idx_id_2412_38` (`id`),
  ADD KEY `idx_user_id_2412_39` (`user_id`);

--
-- Индексы таблицы `messages`
--
ALTER TABLE `messages`
  ADD PRIMARY KEY (`id`),
  ADD KEY `idx_user_id_2427_40` (`user_id`),
  ADD KEY `idx_status_2428_41` (`status`);

--
-- Индексы таблицы `pages`
--
ALTER TABLE `pages`
  ADD PRIMARY KEY (`id`),
  ADD UNIQUE KEY `title` (`title`);

--
-- Индексы таблицы `posts`
--
ALTER TABLE `posts`
  ADD PRIMARY KEY (`id`),
  ADD UNIQUE KEY `title` (`title`),
  ADD UNIQUE KEY `h1` (`h1`),
  ADD KEY `created_at` (`created_at`);

--
-- Индексы таблицы `profile`
--
ALTER TABLE `profile`
  ADD PRIMARY KEY (`user_id`);

--
-- Индексы таблицы `social_account`
--
ALTER TABLE `social_account`
  ADD PRIMARY KEY (`id`),
  ADD UNIQUE KEY `idx_UNIQUE_provider_2468_42` (`provider`),
  ADD KEY `idx_user_id_2468_43` (`user_id`);

--
-- Индексы таблицы `token`
--
ALTER TABLE `token`
  ADD PRIMARY KEY (`user_id`),
  ADD UNIQUE KEY `idx_UNIQUE_user_id_2485_44` (`user_id`),
  ADD KEY `code` (`code`),
  ADD KEY `type` (`type`);

--
-- Индексы таблицы `user`
--
ALTER TABLE `user`
  ADD PRIMARY KEY (`id`),
  ADD UNIQUE KEY `idx_UNIQUE_username_2508_45` (`username`),
  ADD UNIQUE KEY `idx_UNIQUE_email_2508_46` (`email`);

--
-- AUTO_INCREMENT для сохранённых таблиц
--

--
-- AUTO_INCREMENT для таблицы `api_auctions`
--
ALTER TABLE `api_auctions`
  MODIFY `unique_id` int(11) NOT NULL AUTO_INCREMENT, AUTO_INCREMENT=103;
--
-- AUTO_INCREMENT для таблицы `api_awards`
--
ALTER TABLE `api_awards`
  MODIFY `unique_id` int(11) NOT NULL AUTO_INCREMENT, AUTO_INCREMENT=72;
--
-- AUTO_INCREMENT для таблицы `api_award_organizations`
--
ALTER TABLE `api_award_organizations`
  MODIFY `id` int(11) NOT NULL AUTO_INCREMENT, AUTO_INCREMENT=72;
--
-- AUTO_INCREMENT для таблицы `api_bids`
--
ALTER TABLE `api_bids`
  MODIFY `unique_id` int(11) NOT NULL AUTO_INCREMENT, AUTO_INCREMENT=115;
--
-- AUTO_INCREMENT для таблицы `api_cancellations`
--
ALTER TABLE `api_cancellations`
  MODIFY `unique_id` int(11) NOT NULL AUTO_INCREMENT;
--
-- AUTO_INCREMENT для таблицы `api_classifications`
--
ALTER TABLE `api_classifications`
  MODIFY `unique_id` int(11) NOT NULL AUTO_INCREMENT, AUTO_INCREMENT=351;
--
-- AUTO_INCREMENT для таблицы `api_complaints`
--
ALTER TABLE `api_complaints`
  MODIFY `unique_id` int(11) NOT NULL AUTO_INCREMENT;
--
-- AUTO_INCREMENT для таблицы `api_contracts`
--
ALTER TABLE `api_contracts`
  MODIFY `unique_id` int(11) NOT NULL AUTO_INCREMENT, AUTO_INCREMENT=2;
--
-- AUTO_INCREMENT для таблицы `api_documents`
--
ALTER TABLE `api_documents`
  MODIFY `unique_id` int(11) NOT NULL AUTO_INCREMENT, AUTO_INCREMENT=303;
--
-- AUTO_INCREMENT для таблицы `api_features`
--
ALTER TABLE `api_features`
  MODIFY `unique_id` int(11) NOT NULL AUTO_INCREMENT;
--
-- AUTO_INCREMENT для таблицы `api_items`
--
ALTER TABLE `api_items`
  MODIFY `unique_id` int(11) NOT NULL AUTO_INCREMENT, AUTO_INCREMENT=63;
--
-- AUTO_INCREMENT для таблицы `api_items_classifications`
--
ALTER TABLE `api_items_classifications`
  MODIFY `id` int(11) NOT NULL AUTO_INCREMENT;
--
-- AUTO_INCREMENT для таблицы `api_lot_values`
--
ALTER TABLE `api_lot_values`
  MODIFY `id` int(11) NOT NULL AUTO_INCREMENT;
--
-- AUTO_INCREMENT для таблицы `api_organizations`
--
ALTER TABLE `api_organizations`
  MODIFY `unique_id` int(13) NOT NULL AUTO_INCREMENT, AUTO_INCREMENT=5647;
--
-- AUTO_INCREMENT для таблицы `api_organizations_identifiers`
--
ALTER TABLE `api_organizations_identifiers`
  MODIFY `id` int(11) NOT NULL AUTO_INCREMENT;
--
-- AUTO_INCREMENT для таблицы `api_questions`
--
ALTER TABLE `api_questions`
  MODIFY `unique_id` int(11) NOT NULL AUTO_INCREMENT;
--
-- AUTO_INCREMENT для таблицы `api_users_organizations`
--
ALTER TABLE `api_users_organizations`
  MODIFY `id` int(11) NOT NULL AUTO_INCREMENT;
--
-- AUTO_INCREMENT для таблицы `categoriesblog`
--
ALTER TABLE `categoriesblog`
  MODIFY `id` int(11) NOT NULL AUTO_INCREMENT, AUTO_INCREMENT=7;
--
-- AUTO_INCREMENT для таблицы `email_tasks`
--
ALTER TABLE `email_tasks`
  MODIFY `id` int(11) NOT NULL AUTO_INCREMENT, AUTO_INCREMENT=370;
--
-- AUTO_INCREMENT для таблицы `eventlog`
--
ALTER TABLE `eventlog`
  MODIFY `id` int(255) NOT NULL AUTO_INCREMENT, AUTO_INCREMENT=2;
--
-- AUTO_INCREMENT для таблицы `files`
--
ALTER TABLE `files`
  MODIFY `id` int(255) NOT NULL AUTO_INCREMENT;
--
-- AUTO_INCREMENT для таблицы `help`
--
ALTER TABLE `help`
  MODIFY `id` int(11) NOT NULL AUTO_INCREMENT, AUTO_INCREMENT=4;
--
-- AUTO_INCREMENT для таблицы `help_category`
--
ALTER TABLE `help_category`
  MODIFY `id` int(11) NOT NULL AUTO_INCREMENT, AUTO_INCREMENT=3;
--
-- AUTO_INCREMENT для таблицы `help_video`
--
ALTER TABLE `help_video`
  MODIFY `id` int(11) NOT NULL AUTO_INCREMENT, AUTO_INCREMENT=6;
--
-- AUTO_INCREMENT для таблицы `lots`
--
ALTER TABLE `lots`
  MODIFY `id` int(255) NOT NULL AUTO_INCREMENT;
--
-- AUTO_INCREMENT для таблицы `messages`
--
ALTER TABLE `messages`
  MODIFY `id` int(255) NOT NULL AUTO_INCREMENT;
--
-- AUTO_INCREMENT для таблицы `pages`
--
ALTER TABLE `pages`
  MODIFY `id` int(10) UNSIGNED NOT NULL AUTO_INCREMENT, AUTO_INCREMENT=13;
--
-- AUTO_INCREMENT для таблицы `posts`
--
ALTER TABLE `posts`
  MODIFY `id` int(11) NOT NULL AUTO_INCREMENT, AUTO_INCREMENT=16;
--
-- AUTO_INCREMENT для таблицы `social_account`
--
ALTER TABLE `social_account`
  MODIFY `id` int(11) NOT NULL AUTO_INCREMENT;
--
-- AUTO_INCREMENT для таблицы `user`
--
ALTER TABLE `user`
  MODIFY `id` int(11) NOT NULL AUTO_INCREMENT, AUTO_INCREMENT=46;
--
-- Ограничения внешнего ключа сохраненных таблиц
--

--
-- Ограничения внешнего ключа таблицы `auth_assignment`
--
ALTER TABLE `auth_assignment`
  ADD CONSTRAINT `fk_auth_item_2311_00` FOREIGN KEY (`item_name`) REFERENCES `auth_item` (`name`) ON DELETE CASCADE ON UPDATE NO ACTION,
  ADD CONSTRAINT `fk_user_2311_01` FOREIGN KEY (`user_id`) REFERENCES `user` (`id`) ON DELETE CASCADE ON UPDATE NO ACTION;

--
-- Ограничения внешнего ключа таблицы `auth_item`
--
ALTER TABLE `auth_item`
  ADD CONSTRAINT `fk_auth_rule_2325_02` FOREIGN KEY (`rule_name`) REFERENCES `auth_rule` (`name`) ON DELETE CASCADE ON UPDATE NO ACTION;

--
-- Ограничения внешнего ключа таблицы `auth_item_child`
--
ALTER TABLE `auth_item_child`
  ADD CONSTRAINT `fk_auth_item_234_03` FOREIGN KEY (`parent`) REFERENCES `auth_item` (`name`) ON DELETE CASCADE ON UPDATE NO ACTION,
  ADD CONSTRAINT `fk_auth_item_234_04` FOREIGN KEY (`child`) REFERENCES `auth_item` (`name`) ON DELETE CASCADE ON UPDATE NO ACTION;

--
-- Ограничения внешнего ключа таблицы `help`
--
ALTER TABLE `help`
  ADD CONSTRAINT `help_ibfk_1` FOREIGN KEY (`cat_id`) REFERENCES `help_category` (`id`);

--
-- Ограничения внешнего ключа таблицы `help_video`
--
ALTER TABLE `help_video`
  ADD CONSTRAINT `help_video_ibfk_1` FOREIGN KEY (`cat_id`) REFERENCES `help_category` (`id`);

--
-- Ограничения внешнего ключа таблицы `profile`
--
ALTER TABLE `profile`
  ADD CONSTRAINT `fk_user_2446_05` FOREIGN KEY (`user_id`) REFERENCES `user` (`id`) ON DELETE CASCADE ON UPDATE NO ACTION;

--
-- Ограничения внешнего ключа таблицы `social_account`
--
ALTER TABLE `social_account`
  ADD CONSTRAINT `fk_user_2465_06` FOREIGN KEY (`user_id`) REFERENCES `user` (`id`) ON DELETE CASCADE ON UPDATE NO ACTION;

--
-- Ограничения внешнего ключа таблицы `token`
--
ALTER TABLE `token`
  ADD CONSTRAINT `fk_user_2482_07` FOREIGN KEY (`user_id`) REFERENCES `user` (`id`) ON DELETE CASCADE ON UPDATE NO ACTION;

/*!40101 SET CHARACTER_SET_CLIENT=@OLD_CHARACTER_SET_CLIENT */;
/*!40101 SET CHARACTER_SET_RESULTS=@OLD_CHARACTER_SET_RESULTS */;
/*!40101 SET COLLATION_CONNECTION=@OLD_COLLATION_CONNECTION */;
